# Bandplan de Cuaderno NODISLA. Generado por generar-bandplan.py; no editar a mano.
# Formato descrito en recursos/LEEME-bandplan.md.
V	1	2024-06-18	2026-09-21
P	r1	1	0	IARU Region 1 (Europa, Africa, Oriente Medio y norte de Asia)
S	r1	160m	1810	1838	CW	USB	
S	r1	160m	1838	1843	DIGITAL	USB	
S	r1	160m	1843	2000	PHONE	LSB	
S	r1	80m	3500	3580	CW	USB	
S	r1	80m	3580	3600	DIGITAL	USB	
S	r1	80m	3600	3800	PHONE	LSB	
S	r1	60m	5250	5410	PHONE	USB	
S	r1	40m	7000	7040	CW	USB	
S	r1	40m	7040	7050	DIGITAL	USB	
S	r1	40m	7050	7200	PHONE	LSB	
S	r1	30m	10100	10140	CW	USB	
S	r1	30m	10140	10150	DIGITAL	USB	
S	r1	20m	14000	14070	CW	USB	
S	r1	20m	14070	14099	DIGITAL	USB	
S	r1	20m	14099	14350	PHONE	USB	
S	r1	17m	18068	18095	CW	USB	
S	r1	17m	18095	18110	DIGITAL	USB	
S	r1	17m	18110	18168	PHONE	USB	
S	r1	15m	21000	21070	CW	USB	
S	r1	15m	21070	21110	DIGITAL	USB	
S	r1	15m	21110	21450	PHONE	USB	
S	r1	12m	24890	24915	CW	USB	
S	r1	12m	24915	24930	DIGITAL	USB	
S	r1	12m	24930	24990	PHONE	USB	
S	r1	10m	28000	28070	CW	USB	
S	r1	10m	28070	28190	DIGITAL	USB	
S	r1	10m	28190	28225	DIGITAL	USB	
S	r1	10m	28225	29100	PHONE	USB	
S	r1	10m	29100	29700	PHONE	FM	
S	r1	6m	50000	50100	CW	USB	
S	r1	6m	50100	52000	PHONE	USB	
S	r1	4m	70000	70500	PHONE	USB	
S	r1	2m	144000	144150	CW	USB	
S	r1	2m	144150	144800	PHONE	USB	
S	r1	2m	144800	144994	DIGITAL	USB	
S	r1	2m	144994	145800	PHONE	USB	
S	r1	2m	145800	146000	PHONE	FM	
S	r1	70cm	430000	440000	CW	USB	
S	r1	70cm	430000	440000	DIGITAL	USB	
S	r1	70cm	430000	440000	PHONE	USB	
S	r1	23cm	1240000	1300000	PHONE	USB	
S	r1	13cm	2300000	2450000	PHONE	USB	
S	r1	9cm	3300000	3500000	PHONE	USB	
S	r1	6cm	5650000	5925000	PHONE	USB	
S	r1	3cm	10000000	10500000	PHONE	USB	
S	r1	1.25cm	24000000	24250000	PHONE	USB	
S	r1	6mm	47000000	47200000	PHONE	USB	
S	r1	4mm	75500000	81000000	PHONE	USB	
S	r1	2.5mm	119980000	123000000	PHONE	USB	
S	r1	2mm	134000000	149000000	PHONE	USB	
S	r1	1mm	241000000	250000000	PHONE	USB	
S	r1	submm	300000000	7500000000	PHONE	USB	
F	r1	1840	FT8	
F	r1	3573	FT8	
F	r1	3575	FT4	
F	r1	5357	FT8	
F	r1	7047.5	FT4	
F	r1	7074	FT8	
F	r1	10136	FT8	
F	r1	10140	FT4	
F	r1	14074	FT8	
F	r1	14080	FT4	
F	r1	18100	FT8	
F	r1	18104	FT4	
F	r1	21074	FT8	
F	r1	21140	FT4	
F	r1	24915	FT8	
F	r1	24919	FT4	
F	r1	28074	FT8	
F	r1	28180	FT4	
F	r1	50313	FT8	
F	r1	50318	FT4	
F	r1	144170	FT4	
F	r1	144174	FT8	
P	r2	2	0	IARU Region 2 (America)
S	r2	160m	1800	1830	CW	USB	
S	r2	160m	1830	1840	DIGITAL	USB	
S	r2	160m	1840	2000	PHONE	LSB	
S	r2	80m	3500	3580	CW	USB	
S	r2	80m	3580	3620	DIGITAL	USB	
S	r2	80m	3620	4000	PHONE	LSB	
S	r2	40m	7000	7035	CW	USB	
S	r2	40m	7035	7125	DIGITAL	USB	
S	r2	40m	7125	7300	PHONE	LSB	
S	r2	30m	10100	10150	CW	USB	
S	r2	20m	14000	14070	CW	USB	
S	r2	20m	14070	14150	DIGITAL	USB	
S	r2	20m	14150	14350	PHONE	USB	
S	r2	17m	18068	18095	CW	USB	
S	r2	17m	18095	18110	DIGITAL	USB	
S	r2	17m	18110	18168	PHONE	USB	
S	r2	15m	21000	21070	CW	USB	
S	r2	15m	21070	21200	DIGITAL	USB	
S	r2	15m	21200	21450	PHONE	USB	
S	r2	12m	24890	24915	CW	USB	
S	r2	12m	24915	24930	DIGITAL	USB	
S	r2	12m	24930	24990	PHONE	USB	
S	r2	10m	28000	28070	CW	USB	
S	r2	10m	28070	28300	DIGITAL	USB	
S	r2	10m	28300	29700	PHONE	USB	
S	r2	6m	50000	50120	CW	USB	
S	r2	6m	50120	54000	PHONE	USB	
S	r2	4m	70000	70500	PHONE	USB	
S	r2	2m	144000	144150	CW	USB	
S	r2	2m	144150	148000	PHONE	USB	
S	r2	70cm	420000	450000	PHONE	USB	
S	r2	33cm	902000	904000	PHONE	USB	
S	r2	33cm	902000	928000	PHONE	USB	
S	r2	33cm	904000	928000	DIGITAL	FM	
S	r2	23cm	1240000	1325000	CW	USB	
S	r2	23cm	1240000	1325000	DIGITAL	USB	
S	r2	23cm	1240000	1325000	PHONE	USB	
S	r2	13cm	2300000	2450000	PHONE	USB	
S	r2	9cm	3300000	3500000	PHONE	USB	
S	r2	6cm	5650000	5925000	PHONE	USB	
S	r2	3cm	10000000	10500000	PHONE	USB	
S	r2	1.25cm	24000000	24250000	PHONE	USB	
S	r2	6mm	47000000	47200000	PHONE	USB	
S	r2	4mm	75500000	81000000	PHONE	USB	
S	r2	2.5mm	119980000	123000000	PHONE	USB	
S	r2	2mm	134000000	149000000	PHONE	USB	
S	r2	1mm	241000000	250000000	PHONE	USB	
S	r2	submm	300000000	7500000000	PHONE	USB	
F	r2	1840	FT8	
F	r2	3573	FT8	
F	r2	3575	FT4	
F	r2	5357	FT8	
F	r2	7047.5	FT4	
F	r2	7074	FT8	
F	r2	10136	FT8	
F	r2	10140	FT4	
F	r2	14074	FT8	
F	r2	14080	FT4	
F	r2	18100	FT8	
F	r2	18104	FT4	
F	r2	21074	FT8	
F	r2	21140	FT4	
F	r2	24915	FT8	
F	r2	24919	FT4	
F	r2	28074	FT8	
F	r2	28180	FT4	
F	r2	50313	FT8	
F	r2	50318	FT4	
F	r2	144170	FT4	
F	r2	144174	FT8	
P	r3	3	0	IARU Region 3 (Asia y Pacifico)
S	r3	160m	1800	1830	CW	USB	
S	r3	160m	1830	1840	DIGITAL	USB	
S	r3	160m	1840	2000	PHONE	LSB	
S	r3	80m	3500	3535	CW	USB	
S	r3	80m	3535	3575	DIGITAL	USB	
S	r3	80m	3575	4000	PHONE	LSB	
S	r3	40m	7000	7030	CW	USB	
S	r3	40m	7030	7040	DIGITAL	USB	
S	r3	40m	7040	7300	PHONE	LSB	
S	r3	30m	10100	10150	CW	USB	
S	r3	20m	14000	14070	CW	USB	
S	r3	20m	14070	14100	DIGITAL	USB	
S	r3	20m	14100	14350	PHONE	USB	
S	r3	17m	18068	18100	CW	USB	
S	r3	17m	18100	18110	DIGITAL	USB	
S	r3	17m	18110	18168	PHONE	USB	
S	r3	15m	21000	21070	CW	USB	
S	r3	15m	21070	21151	DIGITAL	USB	
S	r3	15m	21151	21450	PHONE	USB	
S	r3	12m	24890	24920	CW	USB	
S	r3	12m	24920	24931	DIGITAL	USB	
S	r3	12m	24931	24990	PHONE	USB	
S	r3	10m	28000	28050	CW	USB	
S	r3	10m	28050	28150	DIGITAL	USB	
S	r3	10m	28150	28300	CW	USB	
S	r3	10m	28300	29100	PHONE	USB	
S	r3	10m	29100	29700	PHONE	FM	
S	r3	6m	50000	51000	CW	USB	
S	r3	6m	51000	54000	PHONE	USB	
S	r3	4m	70000	70500	PHONE	USB	
S	r3	2m	144000	144150	CW	USB	
S	r3	2m	144150	148000	PHONE	USB	
S	r3	70cm	420000	450000	PHONE	USB	
S	r3	23cm	1240000	1325000	CW	USB	
S	r3	23cm	1240000	1325000	DIGITAL	USB	
S	r3	23cm	1240000	1325000	PHONE	USB	
S	r3	13cm	2300000	2450000	PHONE	USB	
S	r3	9cm	3300000	3500000	PHONE	USB	
S	r3	6cm	5650000	5925000	PHONE	USB	
S	r3	3cm	10000000	10500000	PHONE	USB	
S	r3	1.25cm	24000000	24250000	PHONE	USB	
S	r3	6mm	47000000	47200000	PHONE	USB	
S	r3	4mm	75500000	81000000	PHONE	USB	
S	r3	2.5mm	119980000	123000000	PHONE	USB	
S	r3	2mm	134000000	149000000	PHONE	USB	
S	r3	1mm	241000000	250000000	PHONE	USB	
S	r3	submm	300000000	7500000000	PHONE	USB	
F	r3	1840	FT8	
F	r3	3573	FT8	
F	r3	3575	FT4	
F	r3	5357	FT8	
F	r3	7047.5	FT4	
F	r3	7074	FT8	
F	r3	10136	FT8	
F	r3	10140	FT4	
F	r3	14074	FT8	
F	r3	14080	FT4	
F	r3	18100	FT8	
F	r3	18104	FT4	
F	r3	21074	FT8	
F	r3	21140	FT4	
F	r3	24915	FT8	
F	r3	24919	FT4	
F	r3	28074	FT8	
F	r3	28180	FT4	
F	r3	50313	FT8	
F	r3	50318	FT4	
F	r3	144170	FT4	
F	r3	144174	FT8	
P	dxcc108	0	108	Brasil
S	dxcc108	160m	1800	1830	CW	USB	
S	dxcc108	160m	1830	1840	DIGITAL	USB	
S	dxcc108	160m	1840	2000	PHONE	LSB	
S	dxcc108	80m	3500	3580	CW	USB	
S	dxcc108	80m	3580	3620	DIGITAL	USB	
S	dxcc108	80m	3620	4000	PHONE	LSB	
S	dxcc108	60m	5351.499	5366.501	CW	USB	
S	dxcc108	60m	5353.999	5356.001	DIGITAL	USB	
S	dxcc108	60m	5353.999	5366.001	PHONE	USB	
S	dxcc108	40m	7000	7035	CW	USB	
S	dxcc108	40m	7035	7125	DIGITAL	USB	
S	dxcc108	40m	7125	7300	PHONE	LSB	
S	dxcc108	30m	10100	10150	CW	USB	
S	dxcc108	20m	14000	14070	CW	USB	
S	dxcc108	20m	14070	14150	DIGITAL	USB	
S	dxcc108	20m	14150	14350	PHONE	USB	
S	dxcc108	17m	18068	18095	CW	USB	
S	dxcc108	17m	18095	18110	DIGITAL	USB	
S	dxcc108	17m	18110	18168	PHONE	USB	
S	dxcc108	15m	21000	21070	CW	USB	
S	dxcc108	15m	21070	21200	DIGITAL	USB	
S	dxcc108	15m	21200	21450	PHONE	USB	
S	dxcc108	12m	24890	24915	CW	USB	
S	dxcc108	12m	24915	24930	DIGITAL	USB	
S	dxcc108	12m	24930	24990	PHONE	USB	
S	dxcc108	10m	28000	28070	CW	USB	
S	dxcc108	10m	28070	28300	DIGITAL	USB	
S	dxcc108	10m	28300	29700	PHONE	USB	
S	dxcc108	6m	50000	50120	CW	USB	
S	dxcc108	6m	50120	54000	PHONE	USB	
S	dxcc108	4m	70000	70500	PHONE	USB	
S	dxcc108	2m	144000	144150	CW	USB	
S	dxcc108	2m	144150	148000	PHONE	USB	
S	dxcc108	70cm	420000	450000	PHONE	USB	
S	dxcc108	33cm	902000	904000	PHONE	USB	
S	dxcc108	33cm	904000	928000	DIGITAL	FM	
S	dxcc108	23cm	1240000	1325000	CW	USB	
S	dxcc108	23cm	1240000	1325000	DIGITAL	USB	
S	dxcc108	23cm	1240000	1325000	PHONE	USB	
S	dxcc108	13cm	2300000	2450000	PHONE	USB	
S	dxcc108	9cm	3300000	3500000	PHONE	USB	
S	dxcc108	6cm	5650000	5925000	PHONE	USB	
S	dxcc108	3cm	10000000	10500000	PHONE	USB	
S	dxcc108	1.25cm	24000000	24250000	PHONE	USB	
S	dxcc108	6mm	47000000	47200000	PHONE	USB	
S	dxcc108	4mm	75500000	81000000	PHONE	USB	
S	dxcc108	2.5mm	119980000	123000000	PHONE	USB	
S	dxcc108	2mm	134000000	149000000	PHONE	USB	
S	dxcc108	1mm	241000000	250000000	PHONE	USB	
S	dxcc108	submm	300000000	7500000000	PHONE	USB	
F	dxcc108	1840	FT8	
F	dxcc108	3573	FT8	
F	dxcc108	3575	FT4	
F	dxcc108	5357	FT8	
F	dxcc108	7047.5	FT4	
F	dxcc108	7074	FT8	
F	dxcc108	10136	FT8	
F	dxcc108	10140	FT4	
F	dxcc108	14074	FT8	
F	dxcc108	14080	FT4	
F	dxcc108	18100	FT8	
F	dxcc108	18104	FT4	
F	dxcc108	21074	FT8	
F	dxcc108	21140	FT4	
F	dxcc108	24915	FT8	
F	dxcc108	24919	FT4	
F	dxcc108	28074	FT8	
F	dxcc108	28180	FT4	
F	dxcc108	50313	FT8	
F	dxcc108	50318	FT4	
F	dxcc108	144170	FT4	
F	dxcc108	144174	FT8	
P	dxcc221	0	221	Dinamarca
S	dxcc221	160m	1810	1838	CW	USB	
S	dxcc221	160m	1838	1843	DIGITAL	USB	
S	dxcc221	160m	1843	2000	PHONE	LSB	
S	dxcc221	80m	3500	3580	CW	USB	
S	dxcc221	80m	3580	3600	DIGITAL	USB	
S	dxcc221	80m	3600	3800	PHONE	LSB	
S	dxcc221	60m	5250	5450.1	PHONE	USB	
S	dxcc221	40m	7000	7040	CW	USB	
S	dxcc221	40m	7040	7050	DIGITAL	USB	
S	dxcc221	40m	7050	7200	PHONE	LSB	
S	dxcc221	30m	10100	10140	CW	USB	
S	dxcc221	30m	10140	10150	DIGITAL	USB	
S	dxcc221	20m	14000	14070	CW	USB	
S	dxcc221	20m	14070	14099	DIGITAL	USB	
S	dxcc221	20m	14099	14350	PHONE	USB	
S	dxcc221	17m	18068	18095	CW	USB	
S	dxcc221	17m	18095	18110	DIGITAL	USB	
S	dxcc221	17m	18110	18168	PHONE	USB	
S	dxcc221	15m	21000	21070	CW	USB	
S	dxcc221	15m	21070	21110	DIGITAL	USB	
S	dxcc221	15m	21110	21450	PHONE	USB	
S	dxcc221	12m	24890	24915	CW	USB	
S	dxcc221	12m	24915	24930	DIGITAL	USB	
S	dxcc221	12m	24930	24990	PHONE	USB	
S	dxcc221	10m	28000	28070	CW	USB	
S	dxcc221	10m	28070	28190	DIGITAL	USB	
S	dxcc221	10m	28190	28225	DIGITAL	USB	
S	dxcc221	10m	28225	29100	PHONE	USB	
S	dxcc221	10m	29100	29700	PHONE	FM	
S	dxcc221	6m	50000	50100	CW	USB	
S	dxcc221	6m	50100	52000	PHONE	USB	
S	dxcc221	4m	70000	70500	PHONE	USB	
S	dxcc221	2m	144000	144150	CW	USB	
S	dxcc221	2m	144150	144990	DIGITAL	USB	
S	dxcc221	2m	144990	145806	PHONE	USB	
S	dxcc221	2m	145806	146000	PHONE	FM	
S	dxcc221	70cm	430000	440000	CW	USB	
S	dxcc221	70cm	430000	440000	DIGITAL	USB	
S	dxcc221	70cm	430000	440000	PHONE	USB	
S	dxcc221	23cm	1240000	1325000	CW	USB	
S	dxcc221	23cm	1240000	1325000	DIGITAL	USB	
S	dxcc221	23cm	1240000	1325000	PHONE	USB	
S	dxcc221	13cm	2300000	2450000	PHONE	USB	
S	dxcc221	9cm	3300000	3500000	PHONE	USB	
S	dxcc221	6cm	5650000	5925000	PHONE	USB	
S	dxcc221	3cm	10000000	10500000	PHONE	USB	
S	dxcc221	1.25cm	24000000	24250000	PHONE	USB	
S	dxcc221	6mm	47000000	47200000	PHONE	USB	
S	dxcc221	4mm	75500000	81000000	PHONE	USB	
S	dxcc221	2.5mm	119980000	123000000	PHONE	USB	
S	dxcc221	2mm	134000000	149000000	PHONE	USB	
S	dxcc221	1mm	241000000	250000000	PHONE	USB	
S	dxcc221	submm	300000000	7500000000	PHONE	USB	
F	dxcc221	1840	FT8	
F	dxcc221	3573	FT8	
F	dxcc221	3575	FT4	
F	dxcc221	5357	FT8	
F	dxcc221	7047.5	FT4	
F	dxcc221	7074	FT8	
F	dxcc221	10136	FT8	
F	dxcc221	10140	FT4	
F	dxcc221	14074	FT8	
F	dxcc221	14080	FT4	
F	dxcc221	18100	FT8	
F	dxcc221	18104	FT4	
F	dxcc221	21074	FT8	
F	dxcc221	21140	FT4	
F	dxcc221	24915	FT8	
F	dxcc221	24919	FT4	
F	dxcc221	28074	FT8	
F	dxcc221	28180	FT4	
F	dxcc221	50313	FT8	
F	dxcc221	50318	FT4	
F	dxcc221	144170	FT4	
F	dxcc221	144174	FT8	
P	dxcc223	0	223	Inglaterra
S	dxcc223	136kHz	135.7	137.8	CW	USB	
S	dxcc223	600m	472	479	CW	USB	
S	dxcc223	160m	1810	1838	CW	USB	
S	dxcc223	160m	1838	1843	DIGITAL	USB	
S	dxcc223	160m	1843	2000	PHONE	LSB	
S	dxcc223	80m	3500	3580	CW	USB	
S	dxcc223	80m	3580	3600	DIGITAL	USB	
S	dxcc223	80m	3600	3800	PHONE	LSB	
S	dxcc223	60m	5258.5	5264.001	CW	USB	
S	dxcc223	60m	5276	5284.001	PHONE	USB	
S	dxcc223	60m	5298	5304.001	PHONE	USB	
S	dxcc223	60m	5313	5320.001	PHONE	USB	
S	dxcc223	60m	5333	5335.001	PHONE	USB	
S	dxcc223	60m	5354	5357.001	PHONE	USB	
S	dxcc223	60m	5362	5371.501	DIGITAL	USB	
S	dxcc223	60m	5378	5379.001	PHONE	USB	
S	dxcc223	60m	5395	5398.501	PHONE	USB	
S	dxcc223	60m	5403.499	5403.501	PHONE	USB	
S	dxcc223	40m	7000	7040	CW	USB	
S	dxcc223	40m	7040	7050	DIGITAL	USB	
S	dxcc223	40m	7050	7200	PHONE	LSB	
S	dxcc223	30m	10100	10140	CW	USB	
S	dxcc223	30m	10140	10150	DIGITAL	USB	
S	dxcc223	20m	14000	14070	CW	USB	
S	dxcc223	20m	14070	14099	DIGITAL	USB	
S	dxcc223	20m	14099	14350	PHONE	USB	
S	dxcc223	17m	18068	18095	CW	USB	
S	dxcc223	17m	18095	18110	DIGITAL	USB	
S	dxcc223	17m	18110	18168	PHONE	USB	
S	dxcc223	15m	21000	21070	CW	USB	
S	dxcc223	15m	21070	21110	DIGITAL	USB	
S	dxcc223	15m	21110	21450	PHONE	USB	
S	dxcc223	12m	24890	24915	CW	USB	
S	dxcc223	12m	24915	24930	DIGITAL	USB	
S	dxcc223	12m	24930	24990	PHONE	USB	
S	dxcc223	10m	28000	28070	CW	USB	
S	dxcc223	10m	28070	28190	DIGITAL	USB	
S	dxcc223	10m	28190	28225	DIGITAL	USB	
S	dxcc223	10m	28225	29100	PHONE	USB	
S	dxcc223	10m	29100	29700	PHONE	FM	
S	dxcc223	6m	50000	50100	CW	USB	
S	dxcc223	6m	50100	52000	PHONE	USB	
S	dxcc223	4m	70000	70500	PHONE	USB	
S	dxcc223	2m	144000	144150	CW	USB	
S	dxcc223	2m	144150	144990	DIGITAL	USB	
S	dxcc223	2m	144990	145806	PHONE	USB	
S	dxcc223	2m	145806	146000	PHONE	FM	
S	dxcc223	70cm	430000	440000	CW	USB	
S	dxcc223	70cm	430000	440000	DIGITAL	USB	
S	dxcc223	70cm	430000	440000	PHONE	USB	
S	dxcc223	23cm	1240000	1325000	CW	USB	
S	dxcc223	23cm	1240000	1325000	DIGITAL	USB	
S	dxcc223	23cm	1240000	1325000	PHONE	USB	
S	dxcc223	13cm	2300000	2450000	PHONE	USB	
S	dxcc223	9cm	3300000	3500000	PHONE	USB	
S	dxcc223	6cm	5650000	5925000	PHONE	USB	
S	dxcc223	3cm	10000000	10500000	PHONE	USB	
S	dxcc223	1.25cm	24000000	24250000	PHONE	USB	
S	dxcc223	6mm	47000000	47200000	PHONE	USB	
S	dxcc223	4mm	75500000	81000000	PHONE	USB	
S	dxcc223	2.5mm	119980000	123000000	PHONE	USB	
S	dxcc223	2mm	134000000	149000000	PHONE	USB	
S	dxcc223	1mm	241000000	250000000	PHONE	USB	
S	dxcc223	submm	300000000	7500000000	PHONE	USB	
F	dxcc223	1840	FT8	
F	dxcc223	3573	FT8	
F	dxcc223	3575	FT4	
F	dxcc223	5357	FT8	
F	dxcc223	7047.5	FT4	
F	dxcc223	7074	FT8	
F	dxcc223	10136	FT8	
F	dxcc223	10140	FT4	
F	dxcc223	14074	FT8	
F	dxcc223	14080	FT4	
F	dxcc223	18100	FT8	
F	dxcc223	18104	FT4	
F	dxcc223	21074	FT8	
F	dxcc223	21140	FT4	
F	dxcc223	24915	FT8	
F	dxcc223	24919	FT4	
F	dxcc223	28074	FT8	
F	dxcc223	28180	FT4	
F	dxcc223	50313	FT8	
F	dxcc223	50318	FT4	
F	dxcc223	144170	FT4	
F	dxcc223	144174	FT8	
P	dxcc230	0	230	Alemania
S	dxcc230	160m	1810	1838	CW	USB	
S	dxcc230	160m	1838	1843	DIGITAL	USB	
S	dxcc230	160m	1843	2000	PHONE	LSB	
S	dxcc230	80m	3500	3580	CW	USB	
S	dxcc230	80m	3580	3600	DIGITAL	USB	
S	dxcc230	80m	3600	3800	PHONE	LSB	
S	dxcc230	60m	5351.5	5354.001	CW	USB	
S	dxcc230	60m	5354	5366.001	PHONE	USB	
S	dxcc230	60m	5366	5366.501	DIGITAL	USB	
S	dxcc230	40m	7000	7040	CW	USB	
S	dxcc230	40m	7040	7050	DIGITAL	USB	
S	dxcc230	40m	7050	7200	PHONE	LSB	
S	dxcc230	30m	10100	10140	CW	USB	
S	dxcc230	30m	10140	10150	DIGITAL	USB	
S	dxcc230	20m	14000	14070	CW	USB	
S	dxcc230	20m	14070	14099	DIGITAL	USB	
S	dxcc230	20m	14099	14350	PHONE	USB	
S	dxcc230	17m	18068	18095	CW	USB	
S	dxcc230	17m	18095	18110	DIGITAL	USB	
S	dxcc230	17m	18110	18168	PHONE	USB	
S	dxcc230	15m	21000	21070	CW	USB	
S	dxcc230	15m	21070	21110	DIGITAL	USB	
S	dxcc230	15m	21110	21450	PHONE	USB	
S	dxcc230	12m	24890	24915	CW	USB	
S	dxcc230	12m	24915	24930	DIGITAL	USB	
S	dxcc230	12m	24930	24990	PHONE	USB	
S	dxcc230	10m	28000	28070	CW	USB	
S	dxcc230	10m	28070	28190	DIGITAL	USB	
S	dxcc230	10m	28190	28225	DIGITAL	USB	
S	dxcc230	10m	28225	29100	PHONE	USB	
S	dxcc230	10m	29100	29700	PHONE	FM	
S	dxcc230	6m	50000	50100	CW	USB	
S	dxcc230	6m	50100	52000	PHONE	USB	
S	dxcc230	4m	70000	70500	PHONE	USB	
S	dxcc230	2m	144000	144150	CW	USB	
S	dxcc230	2m	144150	144990	DIGITAL	USB	
S	dxcc230	2m	144990	145806	PHONE	USB	
S	dxcc230	2m	145806	146000	PHONE	FM	
S	dxcc230	70cm	430000	440000	CW	USB	
S	dxcc230	70cm	430000	440000	DIGITAL	USB	
S	dxcc230	70cm	430000	440000	PHONE	USB	
S	dxcc230	23cm	1240000	1325000	CW	USB	
S	dxcc230	23cm	1240000	1325000	DIGITAL	USB	
S	dxcc230	23cm	1240000	1325000	PHONE	USB	
S	dxcc230	13cm	2300000	2450000	PHONE	USB	
S	dxcc230	9cm	3300000	3500000	PHONE	USB	
S	dxcc230	6cm	5650000	5925000	PHONE	USB	
S	dxcc230	3cm	10000000	10500000	PHONE	USB	
S	dxcc230	1.25cm	24000000	24250000	PHONE	USB	
S	dxcc230	6mm	47000000	47200000	PHONE	USB	
S	dxcc230	4mm	75500000	81000000	PHONE	USB	
S	dxcc230	2.5mm	119980000	123000000	PHONE	USB	
S	dxcc230	2mm	134000000	149000000	PHONE	USB	
S	dxcc230	1mm	241000000	250000000	PHONE	USB	
S	dxcc230	submm	300000000	7500000000	PHONE	USB	
F	dxcc230	1840	FT8	
F	dxcc230	3573	FT8	
F	dxcc230	3575	FT4	
F	dxcc230	5357	FT8	
F	dxcc230	7047.5	FT4	
F	dxcc230	7074	FT8	
F	dxcc230	10136	FT8	
F	dxcc230	10140	FT4	
F	dxcc230	14074	FT8	
F	dxcc230	14080	FT4	
F	dxcc230	18100	FT8	
F	dxcc230	18104	FT4	
F	dxcc230	21074	FT8	
F	dxcc230	21140	FT4	
F	dxcc230	24915	FT8	
F	dxcc230	24919	FT4	
F	dxcc230	28074	FT8	
F	dxcc230	28180	FT4	
F	dxcc230	50313	FT8	
F	dxcc230	50318	FT4	
F	dxcc230	144170	FT4	
F	dxcc230	144174	FT8	
P	dxcc291	0	291	Estados Unidos de America
S	dxcc291	160m	1800	1830	CW	USB	
S	dxcc291	160m	1830	1840	DIGITAL	USB	
S	dxcc291	160m	1840	2000	PHONE	LSB	
S	dxcc291	80m	3500	3580	CW	USB	
S	dxcc291	80m	3580	3620	DIGITAL	USB	
S	dxcc291	80m	3620	4000	PHONE	LSB	
S	dxcc291	60m	5330.495	5330.505	PHONE	USB	
S	dxcc291	60m	5331.995	5332.005	CW	USB	
S	dxcc291	60m	5346.495	5346.505	PHONE	USB	
S	dxcc291	60m	5347.995	5348.005	CW	USB	
S	dxcc291	60m	5356.995	5357.005	PHONE	USB	
S	dxcc291	60m	5358.495	5358.505	CW	USB	
S	dxcc291	60m	5371.495	5371.505	DIGITAL	USB	
S	dxcc291	60m	5372.995	5373.005	CW	USB	
S	dxcc291	60m	5403.495	5403.505	PHONE	USB	
S	dxcc291	60m	5404.995	5405.005	CW	USB	
S	dxcc291	40m	7000	7035	CW	USB	
S	dxcc291	40m	7035	7150	DIGITAL	USB	
S	dxcc291	40m	7150	7300	PHONE	LSB	
S	dxcc291	30m	10100	10150	CW	USB	
S	dxcc291	20m	14000	14070	CW	USB	
S	dxcc291	20m	14070	14150	DIGITAL	USB	
S	dxcc291	20m	14150	14350	PHONE	USB	
S	dxcc291	17m	18068	18095	CW	USB	
S	dxcc291	17m	18095	18110	DIGITAL	USB	
S	dxcc291	17m	18110	18168	PHONE	USB	
S	dxcc291	15m	21000	21070	CW	USB	
S	dxcc291	15m	21070	21200	DIGITAL	USB	
S	dxcc291	15m	21200	21450	PHONE	USB	
S	dxcc291	12m	24890	24915	CW	USB	
S	dxcc291	12m	24915	24930	DIGITAL	USB	
S	dxcc291	12m	24930	24990	PHONE	USB	
S	dxcc291	10m	28000	28070	CW	USB	
S	dxcc291	10m	28070	28300	DIGITAL	USB	
S	dxcc291	10m	28300	29700	PHONE	USB	
S	dxcc291	6m	50000	50100	CW	USB	
S	dxcc291	6m	50100	54000	PHONE	USB	
S	dxcc291	4m	70000	70500	PHONE	USB	
S	dxcc291	2m	144000	144100	CW	USB	
S	dxcc291	2m	144100	148000	PHONE	USB	
S	dxcc291	70cm	420000	450000	PHONE	USB	
S	dxcc291	33cm	902000	904000	PHONE	USB	
S	dxcc291	33cm	904000	928000	DIGITAL	FM	
S	dxcc291	23cm	1240000	1325000	CW	USB	
S	dxcc291	23cm	1240000	1325000	DIGITAL	USB	
S	dxcc291	23cm	1240000	1325000	PHONE	USB	
S	dxcc291	13cm	2300000	2450000	PHONE	USB	
S	dxcc291	9cm	3300000	3500000	PHONE	USB	
S	dxcc291	6cm	5650000	5925000	PHONE	USB	
S	dxcc291	3cm	10000000	10500000	PHONE	USB	
S	dxcc291	1.25cm	24000000	24250000	PHONE	USB	
S	dxcc291	6mm	47000000	47200000	PHONE	USB	
S	dxcc291	4mm	75500000	81000000	PHONE	USB	
S	dxcc291	2.5mm	119980000	123000000	PHONE	USB	
S	dxcc291	2mm	134000000	149000000	PHONE	USB	
S	dxcc291	1mm	241000000	250000000	PHONE	USB	
S	dxcc291	submm	300000000	7500000000	PHONE	USB	
F	dxcc291	1840	FT8	
F	dxcc291	3573	FT8	
F	dxcc291	3575	FT4	
F	dxcc291	5357	FT8	
F	dxcc291	7047.5	FT4	
F	dxcc291	7074	FT8	
F	dxcc291	10136	FT8	
F	dxcc291	10140	FT4	
F	dxcc291	14074	FT8	
F	dxcc291	14080	FT4	
F	dxcc291	18100	FT8	
F	dxcc291	18104	FT4	
F	dxcc291	21074	FT8	
F	dxcc291	21140	FT4	
F	dxcc291	24915	FT8	
F	dxcc291	24919	FT4	
F	dxcc291	28074	FT8	
F	dxcc291	28180	FT4	
F	dxcc291	50313	FT8	
F	dxcc291	50318	FT4	
F	dxcc291	144170	FT4	
F	dxcc291	144174	FT8	
