# Referencias del diploma ATDA. Generado; no se edita a mano.
R	ATDA	TA0		1983-04-07	2100-12-31	0 - Islands				0	0	1		390
R	ATDA	TA1		1983-04-07	2100-12-31	1 - European Turkey				0	0	1		390
R	ATDA	TA2		1983-04-07	2100-12-31	2 - Western Black Sea				0	0	1		390
R	ATDA	TA3		1983-04-07	2100-12-31	3 - Aegean and Marmara				0	0	1		390
R	ATDA	TA4		1983-04-07	2100-12-31	4 - Aegean and Mediterranean				0	0	1		390
R	ATDA	TA5		1983-04-07	2100-12-31	5 - Central Mediterranean				0	0	1		390
R	ATDA	TA6		1983-04-07	2100-12-31	6 - Central Black Sea				0	0	1		390
R	ATDA	TA7		1983-04-07	2100-12-31	7 - Eastern Black Sea				0	0	1		390
R	ATDA	TA8		1983-04-07	2100-12-31	8 - Eastern Mediterranean				0	0	1		390
R	ATDA	TA9		1983-04-07	2100-12-31	9 - Oriental Anatolia				0	0	1		390
R	ATDA	TB0		1983-04-07	2100-12-31	0 - Islands				0	0	1		390
R	ATDA	TB1		1983-04-07	2100-12-31	1 - European Turkey				0	0	1		390
R	ATDA	TB2		1983-04-07	2100-12-31	2 - Western Black Sea				0	0	1		390
R	ATDA	TB3		1983-04-07	2100-12-31	3 - Aegean and Marmara				0	0	1		390
R	ATDA	TB4		1983-04-07	2100-12-31	4 - Aegean and Mediterranean				0	0	1		390
R	ATDA	TB5		1983-04-07	2100-12-31	5 - Central Mediterranean				0	0	1		390
R	ATDA	TB6		1983-04-07	2100-12-31	6 - Central Black Sea				0	0	1		390
R	ATDA	TB7		1983-04-07	2100-12-31	7 - Eastern Black Sea				0	0	1		390
R	ATDA	TB8		1983-04-07	2100-12-31	8 - Eastern Mediterranean				0	0	1		390
R	ATDA	TB9		1983-04-07	2100-12-31	9 - Oriental Anatolia				0	0	1		390
R	ATDA	TC0		1983-04-07	2100-12-31	0 - Islands				0	0	1		390
R	ATDA	TC1		1983-04-07	2100-12-31	1 - European Turkey				0	0	1		390
R	ATDA	TC2		1983-04-07	2100-12-31	2 - Western Black Sea				0	0	1		390
R	ATDA	TC3		1983-04-07	2100-12-31	3 - Aegean and Marmara				0	0	1		390
R	ATDA	TC4		1983-04-07	2100-12-31	4 - Aegean and Mediterranean				0	0	1		390
R	ATDA	TC5		1983-04-07	2100-12-31	5 - Central Mediterranean				0	0	1		390
R	ATDA	TC6		1983-04-07	2100-12-31	6 - Central Black Sea				0	0	1		390
R	ATDA	TC7		1983-04-07	2100-12-31	7 - Eastern Black Sea				0	0	1		390
R	ATDA	TC8		1983-04-07	2100-12-31	9 - Oriental Anatolia				0	0	1		390
R	ATDA	YM0		1983-04-07	2100-12-31	0 - Islands				0	0	1		390
R	ATDA	YM1		1983-04-07	2100-12-31	1 - European Turkey				0	0	1		390
R	ATDA	YM2		1983-04-07	2100-12-31	2 - Western Black Sea				0	0	1		390
R	ATDA	YM3		1983-04-07	2100-12-31	3 - Aegean and Marmara				0	0	1		390
R	ATDA	YM4		1983-04-07	2100-12-31	4 - Aegean and Mediterranean				0	0	1		390
R	ATDA	YM5		1983-04-07	2100-12-31	5 - Central Mediterranean				0	0	1		390
R	ATDA	YM6		1983-04-07	2100-12-31	6 - Central Black Sea				0	0	1		390
R	ATDA	YM7		1983-04-07	2100-12-31	7 - Eastern Black Sea				0	0	1		390
R	ATDA	YM8		1983-04-07	2100-12-31	8 - Eastern Mediterranean				0	0	1		390
R	ATDA	YM9		1983-04-07	2100-12-31	9 - Oriental Anatolia				0	0	1		390
