# Referencias del diploma CATCH22. Generado; no se edita a mano.
R	CATCH22	110		1980-01-01		Hawaii	Hawaii			0	0	1		110
R	CATCH22	143		1980-01-01		Laos	Laos			0	0	1		143
R	CATCH22	152		1980-01-01		Macao	Macao			0	0	1		152
R	CATCH22	187		1980-01-01		Niger	Niger			0	0	1		187
R	CATCH22	293		1980-01-01		Vietnam	Vietnam			0	0	1		293
R	CATCH22	305		1980-01-01		Bangladesh	Bangladesh			0	0	1		305
R	CATCH22	309		1980-01-01		Myanmar	Myanmar			0	0	1		309
R	CATCH22	318		1980-01-01		China	China			0	0	1		318
R	CATCH22	321		1980-01-01		Hong Kong	Hong Kong			0	0	1		321
R	CATCH22	324		1980-01-01		India	India			0	0	1		324
R	CATCH22	370		1980-01-01		Oman	Oman			0	0	1		370
R	CATCH22	378		1980-01-01		Saudi Arabia	Saudi Arabia			0	0	1		378
R	CATCH22	386		1980-01-01		Taiwan	Taiwan			0	0	1		386
R	CATCH22	391		1980-01-01		United Arab Emirates	United Arab Emirates			0	0	1		391
R	CATCH22	400		1980-01-01		Algeria	Algeria			0	0	1		400
R	CATCH22	410		1980-01-01		Chad	Chad			0	0	1		410
R	CATCH22	436		1980-01-01		Libya	Libya			0	0	1		436
R	CATCH22	442		1980-01-01		Mali	Mali			0	0	1		442
R	CATCH22	444		1980-01-01		Mauritania	Mauritania			0	0	1		444
R	CATCH22	446		1980-01-01		Morocco	Morocco			0	0	1		446
R	CATCH22	466		1980-01-01		Sudan	Sudan			0	0	1		466
R	CATCH22	478		1980-01-01		Egypt	Egypt			0	0	1		478
R	CATCH22	50		1980-01-01		Mexico	Mexico			0	0	1		50
R	CATCH22	60		1980-01-01		Bahamas	Bahamas			0	0	1		60
R	CATCH22	70		1980-01-01		Cuba	Cuba			0	0	1		70
