# Referencias del diploma CDM. Generado; no se edita a mano.
R	CDM	3A*		1945-03-01	2100-12-31	Monaco				0	0	1		260
R	CDM	3V*		1945-03-01	2100-12-31	Tunisia				0	0	1		474
R	CDM	4O*		1945-03-01	2100-12-31	Montenegro				0	0	1		514
R	CDM	4X*		1945-03-01	2100-12-31	Israel				0	0	1		336
R	CDM	5A*		1945-03-01	2100-12-31	Libya				0	0	1		436
R	CDM	5B*		1945-03-01	2100-12-31	Cyprus				0	0	1		215
R	CDM	7X*		1945-03-01	2100-12-31	Algeria				0	0	1		400
R	CDM	9A*		1945-03-01	2100-12-31	Croatia				0	0	1		497
R	CDM	9H*		1945-03-01	2100-12-31	Malta				0	0	1		257
R	CDM	CN*		1945-03-01	2100-12-31	Morocco				0	0	1		446
R	CDM	E4*		1945-03-01	2100-12-31	Palestine				0	0	1		510
R	CDM	E7*		1945-03-01	2100-12-31	Bosnia-Herzegovina				0	0	1		501
R	CDM	EA*		1945-03-01	2100-12-31	Spain				0	0	1		281
R	CDM	EA6*		1945-03-01	2100-12-31	Balearic Is.				0	0	1		21
R	CDM	EA9*		1945-03-01	2100-12-31	Ceuta & Melilla				0	0	1		32
R	CDM	F*		1945-03-01	2100-12-31	France				0	0	1		227
R	CDM	I*		1945-03-01	2100-12-31	Italy				0	0	1		248
R	CDM	IS0*		1945-03-01	2100-12-31	Sardinia				0	0	1		225
R	CDM	IT9*		1945-03-01	2100-12-31	Sicily				0	0	1		248
R	CDM	OD*		1945-03-01	2100-12-31	Lebanon				0	0	1		354
R	CDM	S5*		1945-03-01	2100-12-31	Slovenia				0	0	1		499
R	CDM	SU*		1945-03-01	2100-12-31	Egypt				0	0	1		478
R	CDM	SV*		1945-03-01	2100-12-31	Greece				0	0	1		236
R	CDM	SV*/A		1945-03-01	2100-12-31	Mount Athos				0	0	1		180
R	CDM	SV5*		1945-03-01	2100-12-31	Dodecanese				0	0	1		45
R	CDM	SV9*		1945-03-01	2100-12-31	Crete				0	0	1		40
R	CDM	TA*		1945-03-01	2100-12-31	Turkey				0	0	1		390
R	CDM	TK*		1945-03-01	2100-12-31	Corsica				0	0	1		214
R	CDM	YK*		1945-03-01	2100-12-31	Syria				0	0	1		384
R	CDM	ZA*		1945-03-01	2100-12-31	Albania				0	0	1		7
R	CDM	ZB2*		1945-03-01	2100-12-31	Gibraltar				0	0	1		233
R	CDM	ZC4*		1945-03-01	2100-12-31	British Bases In Cyprus				0	0	1		283
