# Referencias del diploma COTA-9A. Generado; no se edita a mano.
R	COTA-9A	9A-0001		1995-01-01		VELICKI GRAD FORT				0	0	1		497
R	COTA-9A	9A-0002		1995-01-01		BOZJAKOVINA CASTLE				0	0	1		497
R	COTA-9A	9A-0003		1995-01-01		DOMIN CASTLE				0	0	1		497
R	COTA-9A	9A-0004		1995-01-01		BARAC CASTLE				0	0	1		497
R	COTA-9A	9A-0005		1995-01-01		DOMJANIC CASTLE				0	0	1		497
R	COTA-9A	9A-0006		1995-01-01		KURIJA DRASKOVIC CASTLE				0	0	1		497
R	COTA-9A	9A-0007		1995-01-01		ORSIC CASTLE				0	0	1		497
R	COTA-9A	9A-0008		1995-01-01		JAKOVLJE CASTLE				0	0	1		497
R	COTA-9A	9A-0009		1995-01-01		JANUSEVEC CASTLE				0	0	1		497
R	COTA-9A	9A-0010		1995-01-01		ERDOEDY CASTLE				0	0	1		497
R	COTA-9A	9A-0011		1995-01-01		SLAVETIC CASTLE				0	0	1		497
R	COTA-9A	9A-0012		1995-01-01		ERDOEDY CASTLE				0	0	1		497
R	COTA-9A	9A-0013		1995-01-01		SCHWARTZ CASTLE				0	0	1		497
R	COTA-9A	9A-0014		1995-01-01		BISKUPSKA KURIJA CASTLE				0	0	1		497
R	COTA-9A	9A-0015		1995-01-01		STARI GRAD SAMOBOR FORT				0	0	1		497
R	COTA-9A	9A-0016		1995-01-01		KURIJA OMILJE CASTLE				0	0	1		497
R	COTA-9A	9A-0017		1995-01-01		ERDOEDY CASTLE				0	0	1		497
R	COTA-9A	9A-0018		1995-01-01		LOVRENCINA GRAD CASTLE				0	0	1		497
R	COTA-9A	9A-0019		1995-01-01		STARI GRAD FORT				0	0	1		497
R	COTA-9A	9A-0020		1995-01-01		LADUC CASTLE				0	0	1		497
R	COTA-9A	9A-0021		1995-01-01		LUKAVEC CASTLE				0	0	1		497
R	COTA-9A	9A-0022		1995-01-01		LUZNICA CASTLE				0	0	1		497
R	COTA-9A	9A-0023		1995-01-01		NOVI DVORI ZAPRESICKI CASTLE				0	0	1		497
R	COTA-9A	9A-0024		1995-01-01		CASTLE ZWILING				0	0	1		497
R	COTA-9A	9A-0025		1995-01-01		KAPTOL CASTLE				0	0	1		497
R	COTA-9A	9A-0026		1995-01-01		KUTJEVO CASTLE				0	0	1		497
R	COTA-9A	9A-0027		1995-01-01		TRENKOVO CASTLE				0	0	1		497
R	COTA-9A	9A-0028		1995-01-01		REINER/ TRENK CASTLE				0	0	1		497
R	COTA-9A	9A-0029		1995-01-01		CAKLOVAC FORT				0	0	1		497
R	COTA-9A	9A-0030		1995-01-01		CASTLE KUSEVIC				0	0	1		497
R	COTA-9A	9A-0031		1995-01-01		KURIJA JANKOVIC CASTLE				0	0	1		497
R	COTA-9A	9A-0032		1995-01-01		TRENKOV CASTLE				0	0	1		497
R	COTA-9A	9A-0033		1995-01-01		BELA  CASTLE				0	0	1		497
R	COTA-9A	9A-0034		1995-01-01		SAULOVEC CASTLE				0	0	1		497
R	COTA-9A	9A-0035		1995-01-01		BISAG CASTLE				0	0	1		497
R	COTA-9A	9A-0036		1995-01-01		CALINEC CASTLE				0	0	1		497
R	COTA-9A	9A-0037		1995-01-01		CANJEVO FORT				0	0	1		497
R	COTA-9A	9A-0038		1995-01-01		BAJNSKI DVORI CASTLE				0	0	1		497
R	COTA-9A	9A-0039		1995-01-01		IVANEC FORT				0	0	1		497
R	COTA-9A	9A-0040		1995-01-01		JALKOVEC/LEITNER CASTLE				0	0	1		497
R	COTA-9A	9A-0041		1995-01-01		JALZABET CASTLE				0	0	1		497
R	COTA-9A	9A-0042		1995-01-01		KLENOVNIK CASTLE				0	0	1		497
R	COTA-9A	9A-0043		1995-01-01		KRKANEC CASTLE				0	0	1		497
R	COTA-9A	9A-0044		1995-01-01		ERDOEDY CASTLE				0	0	1		497
R	COTA-9A	9A-0045		1995-01-01		GREBENGRAD FORT				0	0	1		497
R	COTA-9A	9A-0046		1995-01-01		KRIZOVLJAN GRAD FORT				0	0	1		497
R	COTA-9A	9A-0047		1995-01-01		BATTHYANY CASTLE				0	0	1		497
R	COTA-9A	9A-0048		1995-01-01		MARTIJANEC CASTLE				0	0	1		497
R	COTA-9A	9A-0049		1995-01-01		MARUSEVEC CASTLE				0	0	1		497
R	COTA-9A	9A-0050		1995-01-01		OPEKA CASTLE				0	0	1		497
R	COTA-9A	9A-0051		1995-01-01		TRAKOSCAN CASTLE				0	0	1		497
R	COTA-9A	9A-0052		1995-01-01		VARAZDINSKI STARI GRAD CASTLE				0	0	1		497
R	COTA-9A	9A-0053		1995-01-01		DVORAC DRASKOVIC CASTLE				0	0	1		497
R	COTA-9A	9A-0054		1995-01-01		VIDOVEC CASTLE				0	0	1		497
R	COTA-9A	9A-0055		1995-01-01		FORT STARI GRAD				0	0	1		497
R	COTA-9A	9A-0056		1995-01-01		GORNJA RIJEKA CASTLE				0	0	1		497
R	COTA-9A	9A-0057		1995-01-01		INKEY CASTLE				0	0	1		497
R	COTA-9A	9A-0058		1995-01-01		VELIKI KALNIK FORT				0	0	1		497
R	COTA-9A	9A-0059		1995-01-01		KURIJA ZDENCAJ CASTLE				0	0	1		497
R	COTA-9A	9A-0060		1995-01-01		BEZANEC CASTLE				0	0	1		497
R	COTA-9A	9A-0061		1995-01-01		DONJA BEDEKOVCINA CASTLE				0	0	1		497
R	COTA-9A	9A-0062		1995-01-01		GORNJA BEDEKOVCINA CASTLE				0	0	1		497
R	COTA-9A	9A-0063		1995-01-01		SELNICA CASTLE				0	0	1		497
R	COTA-9A	9A-0064		1995-01-01		BRACAK CASTLE				0	0	1		497
R	COTA-9A	9A-0065		1995-01-01		NOVI DVORI KLANJECKI CASTLE				0	0	1		497
R	COTA-9A	9A-0066		1995-01-01		KLOKOVEC CASTLE				0	0	1		497
R	COTA-9A	9A-0067		1995-01-01		GORICA CASTLE				0	0	1		497
R	COTA-9A	9A-0068		1995-01-01		DUBRAVA CASTLE				0	0	1		497
R	COTA-9A	9A-0069		1995-01-01		MALI TABOR CASTLE				0	0	1		497
R	COTA-9A	9A-0070		1995-01-01		VELIKA HORVATSKA CASTLE				0	0	1		497
R	COTA-9A	9A-0071		1995-01-01		POPOVEC CASTLE				0	0	1		497
R	COTA-9A	9A-0072		1995-01-01		GREDICE CASTLE				0	0	1		497
R	COTA-9A	9A-0073		1995-01-01		SCRBINEC CASTLE				0	0	1		497
R	COTA-9A	9A-0074		1995-01-01		ORSIC CASTLE				0	0	1		497
R	COTA-9A	9A-0075		1995-01-01		LOBORGRAD FORT				0	0	1		497
R	COTA-9A	9A-0076		1995-01-01		HELLENBACH CASTLE				0	0	1		497
R	COTA-9A	9A-0077		1995-01-01		MILJANA CASTLE				0	0	1		497
R	COTA-9A	9A-0078		1995-01-01		OROSLAVLJE DONJE CASTLE				0	0	1		497
R	COTA-9A	9A-0079		1995-01-01		POZNANOVEC CASTLE				0	0	1		497
R	COTA-9A	9A-0080		1995-01-01		STUBICKI GOLUBOVEC CASTLE				0	0	1		497
R	COTA-9A	9A-0081		1995-01-01		SVETI KRIZ ZACRTJE CASTLE				0	0	1		497
R	COTA-9A	9A-0082		1995-01-01		VELIKI TABOR CASTLE				0	0	1		497
R	COTA-9A	9A-0083		1995-01-01		ZAJEZDA CASTLE				0	0	1		497
R	COTA-9A	9A-0084		1995-01-01		DVORAC JANKOVIC CASTLE				0	0	1		497
R	COTA-9A	9A-0085		1995-01-01		DIOS CASTLE				0	0	1		497
R	COTA-9A	9A-0086		1995-01-01		CERNIK CASTLE				0	0	1		497
R	COTA-9A	9A-0087		1995-01-01		FORTRESS BROD FORT				0	0	1		497
R	COTA-9A	9A-0088		1995-01-01		LOVRIJENAC FORT				0	0	1		497
R	COTA-9A	9A-0089		1995-01-01		RAVELIN FORT				0	0	1		497
R	COTA-9A	9A-0090		1995-01-01		IMPERIAL FORT				0	0	1		497
R	COTA-9A	9A-0091		1995-01-01		KULA NORINSKA  FORT				0	0	1		497
R	COTA-9A	9A-0092		1995-01-01		STON FORT				0	0	1		497
R	COTA-9A	9A-0093		1995-01-01		BARILOVIC FORT				0	0	1		497
R	COTA-9A	9A-0094		1995-01-01		CASTLE BOSILJEVO				0	0	1		497
R	COTA-9A	9A-0095		1995-01-01		BRLOG GRAD FORT				0	0	1		497
R	COTA-9A	9A-0096		1995-01-01		CETIN FORT				0	0	1		497
R	COTA-9A	9A-0097		1995-01-01		TURK CASTLE				0	0	1		497
R	COTA-9A	9A-0098		1995-01-01		DREZNIK FORT				0	0	1		497
R	COTA-9A	9A-0099		1995-01-01		DUBOVAC CASTLE				0	0	1		497
R	COTA-9A	9A-0100		1995-01-01		KLOKOC FORT				0	0	1		497
R	COTA-9A	9A-0101		1995-01-01		NOVIGRAD NA DOBRI FORT				0	0	1		497
R	COTA-9A	9A-0102		1995-01-01		OGULIN CASTLE				0	0	1		497
R	COTA-9A	9A-0103		1995-01-01		OZALJ CASTLE				0	0	1		497
R	COTA-9A	9A-0104		1995-01-01		RIBNIK FORT				0	0	1		497
R	COTA-9A	9A-0105		1995-01-01		SLUNJ FORT				0	0	1		497
R	COTA-9A	9A-0106		1995-01-01		SOKOLAC FORT				0	0	1		497
R	COTA-9A	9A-0107		1995-01-01		NEHAJ FORT				0	0	1		497
R	COTA-9A	9A-0108		1995-01-01		CAKOVEC CASTLE				0	0	1		497
R	COTA-9A	9A-0109		1995-01-01		FESTETIC CASTLE				0	0	1		497
R	COTA-9A	9A-0110		1995-01-01		BANFI CASTLE				0	0	1		497
R	COTA-9A	9A-0111		1995-01-01		TKALEC CASTLE				0	0	1		497
R	COTA-9A	9A-0112		1995-01-01		ZICHY-TERBOCZ CASTLE				0	0	1		497
R	COTA-9A	9A-0113		1995-01-01		ADAMOVIC CASTLE				0	0	1		497
R	COTA-9A	9A-0114		1995-01-01		EUGENA SAVOJSKOG CASTLE				0	0	1		497
R	COTA-9A	9A-0115		1995-01-01		TIKVES CASTLE				0	0	1		497
R	COTA-9A	9A-0116		1995-01-01		NORMAHN-EHRENFELS CASTLE				0	0	1		497
R	COTA-9A	9A-0117		1995-01-01		ADAMOVIC CASTLE				0	0	1		497
R	COTA-9A	9A-0118		1995-01-01		ESTERHAZY CASTLE				0	0	1		497
R	COTA-9A	9A-0119		1995-01-01		MAILATH CASTLE				0	0	1		497
R	COTA-9A	9A-0120		1995-01-01		ADAMOVIC CASTLE				0	0	1		497
R	COTA-9A	9A-0121		1995-01-01		MIHALOVIC CASTLE				0	0	1		497
R	COTA-9A	9A-0122		1995-01-01		PRINCA KARLA LUDWIGA CASTLE				0	0	1		497
R	COTA-9A	9A-0123		1995-01-01		PEJACEVIC CASTLE				0	0	1		497
R	COTA-9A	9A-0124		1995-01-01		PEJACEVIC CASTLE				0	0	1		497
R	COTA-9A	9A-0125		1995-01-01		ADAMOVIC CASTLE				0	0	1		497
R	COTA-9A	9A-0126		1995-01-01		HILLEPRAND-PRANDAU CASTLE				0	0	1		497
R	COTA-9A	9A-0127		1995-01-01		FRANKOPANSKI CASTLE				0	0	1		497
R	COTA-9A	9A-0128		1995-01-01		NOVA KRALJEVICA CASTLE				0	0	1		497
R	COTA-9A	9A-0129		1995-01-01		STARA KRALJEVICA CASTLE				0	0	1		497
R	COTA-9A	9A-0130		1995-01-01		TRSAT FORT				0	0	1		497
R	COTA-9A	9A-0131		1995-01-01		FRANKOPANSKI CASTLE				0	0	1		497
R	COTA-9A	9A-0132		1995-01-01		PREKOVRSAC FORT				0	0	1		497
R	COTA-9A	9A-0133		1995-01-01		KLINAC GRAD FORT				0	0	1		497
R	COTA-9A	9A-0134		1995-01-01		ERDODY CASTLE				0	0	1		497
R	COTA-9A	9A-0135		1995-01-01		ERDODY CASTLE				0	0	1		497
R	COTA-9A	9A-0136		1995-01-01		JELENGRAD FORT				0	0	1		497
R	COTA-9A	9A-0137		1995-01-01		KLISKA TVRDZAVA FORT				0	0	1		497
R	COTA-9A	9A-0138		1995-01-01		MIRABELA FORT				0	0	1		497
R	COTA-9A	9A-0139		1995-01-01		STARI GRAD FORT				0	0	1		497
R	COTA-9A	9A-0140		1995-01-01		POTRAVNIK (BICIN GRAD)				0	0	1		497
R	COTA-9A	9A-0141		1995-01-01		STARI GRAD FORT				0	0	1		497
R	COTA-9A	9A-0142		1995-01-01		KAMICAK FORT				0	0	1		497
R	COTA-9A	9A-0143		1995-01-01		MLETACKA KULA FORT				0	0	1		497
R	COTA-9A	9A-0144		1995-01-01		GRIPE FORT				0	0	1		497
R	COTA-9A	9A-0145		1995-01-01		TVRDALJ CASTLE				0	0	1		497
R	COTA-9A	9A-0146		1995-01-01		KAMERLENGO  FORT				0	0	1		497
R	COTA-9A	9A-0147		1995-01-01		NUTJAK FORT				0	0	1		497
R	COTA-9A	9A-0148		1995-01-01		CACVINA FORT				0	0	1		497
R	COTA-9A	9A-0149		1995-01-01		VISUC FORT				0	0	1		497
R	COTA-9A	9A-0150		1995-01-01		PROZOR FORT				0	0	1		497
R	COTA-9A	9A-0151		1995-01-01		ZADVARJE FORT				0	0	1		497
R	COTA-9A	9A-0152		1995-01-01		VILINI GRAD FORT				0	0	1		497
R	COTA-9A	9A-0153		1995-01-01		TROSENJ				0	0	1		497
R	COTA-9A	9A-0154		1995-01-01		GRADIN				0	0	1		497
R	COTA-9A	9A-0155		1995-01-01		KAMICAC FORT				0	0	1		497
R	COTA-9A	9A-0156		1995-01-01		GLAVAS FORT				0	0	1		497
R	COTA-9A	9A-0157		1995-01-01		KLJUC FORT				0	0	1		497
R	COTA-9A	9A-0158		1995-01-01		KNIN FORT				0	0	1		497
R	COTA-9A	9A-0159		1995-01-01		NECVEN FORT				0	0	1		497
R	COTA-9A	9A-0160		1995-01-01		SVETOG IVANA FORT				0	0	1		497
R	COTA-9A	9A-0161		1995-01-01		SUBICEVAC FORT				0	0	1		497
R	COTA-9A	9A-0162		1995-01-01		JANKOVIC CASTLE				0	0	1		497
R	COTA-9A	9A-0163		1995-01-01		DVOR CASTLE				0	0	1		497
R	COTA-9A	9A-0164		1995-01-01		RUZICA GRAD CASTLE				0	0	1		497
R	COTA-9A	9A-0165		1995-01-01		STARI GRAD FORT				0	0	1		497
R	COTA-9A	9A-0166		1995-01-01		JANKOVIC CASTLE				0	0	1		497
R	COTA-9A	9A-0167		1995-01-01		SPISIC CASTLE				0	0	1		497
R	COTA-9A	9A-0168		1995-01-01		PEJACEVIC CASTLE				0	0	1		497
R	COTA-9A	9A-0169		1995-01-01		VOCIN FORT				0	0	1		497
R	COTA-9A	9A-0170		1995-01-01		ODESCALCHI CASTLE				0	0	1		497
R	COTA-9A	9A-0171		1995-01-01		BRNJAKOVIC CASTLE				0	0	1		497
R	COTA-9A	9A-0172		1995-01-01		ELTZ CASTLE				0	0	1		497
R	COTA-9A	9A-0173		1995-01-01		GOSSEAU-SANDOR-KHUEN CASTLE				0	0	1		497
R	COTA-9A	9A-0174		1995-01-01		SV. MIHOVILA FORT				0	0	1		497
R	COTA-9A	9A-0175		1995-01-01		LANTANA CASTLE				0	0	1		497
R	COTA-9A	9A-0176		1995-01-01		BREZOVICA CASTLE				0	0	1		497
R	COTA-9A	9A-0177		1995-01-01		MEDVEDGRAD FORT				0	0	1		497
R	COTA-9A	9A-0178		1995-01-01		KULMEROVI DVORI  CASTLE				0	0	1		497
R	COTA-9A	9A-0179		1995-01-01		BELAJ CASTLE				0	0	1		497
R	COTA-9A	9A-0180		1995-01-01		WALDERSTEIN CASTLE				0	0	1		497
R	COTA-9A	9A-0181		1995-01-01		KASTEL FORT				0	0	1		497
R	COTA-9A	9A-0182		1995-01-01		SIRAC FORTRESS				0	0	1		497
R	COTA-9A	9A-0183		1995-01-01		HRVATSKA KOSTAJNICA CASTLE				0	0	1		497
R	COTA-9A	9A-0184		1995-01-01		FORTICA FORTRESS				0	0	1		497
R	COTA-9A	9A-0185		1995-01-01		BADANJ FORTRESS				0	0	1		497
R	COTA-9A	9A-0186		1995-01-01		DOLAC FORTRESS				0	0	1		497
R	COTA-9A	9A-0187		1995-01-01		ZEVECO FORTRESS				0	0	1		497
R	COTA-9A	9A-0188		1995-01-01		OBROVAC/MUSKOVCI FORTRESS				0	0	1		497
R	COTA-9A	9A-0189		1995-01-01		ILOK FORTRESS				0	0	1		497
R	COTA-9A	9A-0190		1995-01-01		DRIVENIK FORTRESS				0	0	1		497
R	COTA-9A	9A-0191		1995-01-01		PAZINSKI KASTEL				0	0	1		497
R	COTA-9A	9A-0192		1995-01-01		MOTOVUN FORTRESS				0	0	1		497
R	COTA-9A	9A-0193		1995-01-01		GRIMANI-MOROSINI FORTRESS				0	0	1		497
R	COTA-9A	9A-0194		1995-01-01		SUMBER FORTRESS				0	0	1		497
R	COTA-9A	9A-0195		1995-01-01		PLASKI FORTRESS				0	0	1		497
R	COTA-9A	9A-0196		1995-01-01		MIODRAG FORTRESS				0	0	1		497
R	COTA-9A	9A-0197		1995-01-01		PERUSIC FORTRESS				0	0	1		497
R	COTA-9A	9A-0198		1995-01-01		VECKA KULA FORTRESS				0	0	1		497
R	COTA-9A	9A-0199		1995-01-01		ERDUT FORTRESS				0	0	1		497
R	COTA-9A	9A-0200		1995-01-01		PECKI FORTRESS				0	0	1		497
R	COTA-9A	9A-0201		1995-01-01		CUNTIC GRAD				0	0	1		497
R	COTA-9A	9A-0202		1995-01-01		HRASTOVICA FORTRESS				0	0	1		497
R	COTA-9A	9A-0203		1995-01-01		KRSTINJA FORTRESS				0	0	1		497
R	COTA-9A	9A-0204		1995-01-01		GVOZDANSKO				0	0	1		497
R	COTA-9A	9A-0205		1995-01-01		PEDALJ FORTRESS				0	0	1		497
R	COTA-9A	9A-0206		1995-01-01		GRACANICA FORTRESS				0	0	1		497
R	COTA-9A	9A-0207		1995-01-01		SARENGRAD FORTRESS				0	0	1		497
R	COTA-9A	9A-0208		1995-01-01		VRHOVACKI GRAD				0	0	1		497
R	COTA-9A	9A-0209		1995-01-01		KAMENGRAD CASTLE				0	0	1		497
R	COTA-9A	9A-0210		1995-01-01		ZVONIGRAD CASTLE				0	0	1		497
R	COTA-9A	9A-0211		1995-01-01		MIRKOVEC CASTLE				0	0	1		497
R	COTA-9A	9A-0212		1995-01-01		OROSLAVLJE GORNJE CASTLE				0	0	1		497
R	COTA-9A	9A-0213		1995-01-01		FORT OKIC				0	0	1		497
R	COTA-9A	9A-0214		1995-01-01		VINICA CASTLE				0	0	1		497
R	COTA-9A	9A-0215		1995-01-01		ZELENDVOR CASTLE				0	0	1		497
R	COTA-9A	9A-0216		1995-01-01		BLAHIMIR CASTLE				0	0	1		497
R	COTA-9A	9A-0217		1995-01-01		KURIJA DVORISCE CASTLE				0	0	1		497
R	COTA-9A	9A-0218		1995-01-01		KNEZEVO CASTLE				0	0	1		497
R	COTA-9A	9A-0219		1995-01-01		KURIJA MIHALOVIC CASTLE				0	0	1		497
R	COTA-9A	9A-0220		1995-01-01		ADAMOVIC-HELLENBACH-MIKSIC CASTLE				0	0	1		497
R	COTA-9A	9A-0221		1995-01-01		KURIJA SKARICEVO CASTLE				0	0	1		497
R	COTA-9A	9A-0222		1995-01-01		KURIJA TRNOVEC CASTLE				0	0	1		497
R	COTA-9A	9A-0223		1995-01-01		KURIJA MIHANOVIC CASTLE				0	0	1		497
R	COTA-9A	9A-0224		1995-01-01		KURIJA DONJA BATINA CASTLE				0	0	1		497
R	COTA-9A	9A-0225		1995-01-01		KURIJA VIZOVLJE CASTLE				0	0	1		497
R	COTA-9A	9A-0226		1995-01-01		KURIJA RAZVOR CASTLE				0	0	1		497
R	COTA-9A	9A-0227		1995-01-01		KURIJA DOLANSKI CASTLE				0	0	1		497
R	COTA-9A	9A-0228		1995-01-01		GARIC GRAD				0	0	1		497
R	COTA-9A	9A-0229		1995-01-01		KORODZGRAD				0	0	1		497
R	COTA-9A	9A-0230		1995-01-01		TVRDA				0	0	1		497
R	COTA-9A	9A-0231		1995-01-01		FORTRESS SV. MIHOVILA				0	0	1		497
R	COTA-9A	9A-0232		1995-01-01		FORTRESS SV. NIKOLE				0	0	1		497
R	COTA-9A	9A-0233		1995-01-01		SV. NIKOLE				0	0	1		497
R	COTA-9A	9A-0234		1995-01-01		SV. MARIJE				0	0	1		497
R	COTA-9A	9A-0235		1995-01-01		SV.FABIJANA I SEBASTIJANA				0	0	1		497
R	COTA-9A	9A-0236		1995-01-01		LOPUD				0	0	1		497
R	COTA-9A	9A-0237		1995-01-01		KLANA				0	0	1		497
R	COTA-9A	9A-0238		1995-01-01		BAG				0	0	1		497
R	COTA-9A	9A-0239		1995-01-01		CASTLE BARNAGOR				0	0	1		497
R	COTA-9A	9A-0240		1995-01-01		CASTLE DRASKOVIC				0	0	1		497
R	COTA-9A	9A-0241		1995-01-01		KASTEL FORT				0	0	1		497
R	COTA-9A	9A-0242		1995-01-01		CASTLE PODOLJE				0	0	1		497
R	COTA-9A	9A-0243		1995-01-01		CASTLE RAKOVEC				0	0	1		497
R	COTA-9A	9A-0244		1995-01-01		CASTLE REISER				0	0	1		497
R	COTA-9A	9A-0245		1995-01-01		CASTLE SEKETIN				0	0	1		497
R	COTA-9A	9A-0246		1995-01-01		CASTLE SODERINI				0	0	1		497
R	COTA-9A	9A-0247		1995-01-01		CASTLE STARA SUSICA				0	0	1		497
R	COTA-9A	9A-0248		1995-01-01		CASTLE TOPOLOVAC				0	0	1		497
R	COTA-9A	9A-0249		1995-01-01		FORTRESS FORTICA				0	0	1		497
R	COTA-9A	9A-0250		1995-01-01		FORTRESS NEREZINE				0	0	1		497
R	COTA-9A	9A-0251		1995-01-01		CASTLE HRASCE				0	0	1		497
R	COTA-9A	9A-0252		1995-01-01		CASTLE JASKOVO				0	0	1		497
R	COTA-9A	9A-0253		1995-01-01		CASTLE KIEPACH				0	0	1		497
R	COTA-9A	9A-0254		1995-01-01		CASTLE LOVINCIC				0	0	1		497
R	COTA-9A	9A-0255		1995-01-01		CASTLE ORSIC				0	0	1		497
R	COTA-9A	9A-0256		1995-01-01		CASTLE TUERK-MAZURANIC				0	0	1		497
R	COTA-9A	9A-0257		1995-01-01		CASTLE ZORKOVAC				0	0	1		497
R	COTA-9A	9A-0258		1995-01-01		CASTLE ZRINSKI				0	0	1		497
R	COTA-9A	9A-0259		1995-01-01		KNEZEV DVOR				0	0	1		497
R	COTA-9A	9A-0260		1995-01-01		FORTRESS SOKOL-GRAD				0	0	1		497
R	COTA-9A	9A-0261		1995-01-01		KNEZEV DVOR				0	0	1		497
R	COTA-9A	9A-0262		1995-01-01		KNEZEV DVOR				0	0	1		497
R	COTA-9A	9A-0263		1995-01-01		KNEZEV DVOR				0	0	1		497
R	COTA-9A	9A-0264		1995-01-01		KNEZEV DVOR				0	0	1		497
R	COTA-9A	9A-0265		1995-01-01		CASTLE ALAPIC				0	0	1		497
R	COTA-9A	9A-0266		1995-01-01		CASTLE BELI FRATRI				0	0	1		497
R	COTA-9A	9A-0267		1995-01-01		CASTLE BISTRAC				0	0	1		497
R	COTA-9A	9A-0268		1995-01-01		CASTLE BREZJE				0	0	1		497
R	COTA-9A	9A-0269		1995-01-01		CASTLE PLEPELIC				0	0	1		497
R	COTA-9A	9A-0270		1995-01-01		CASTLE HAMOR				0	0	1		497
R	COTA-9A	9A-0271		1995-01-01		CASTLE JUNKOVIC				0	0	1		497
R	COTA-9A	9A-0272		1995-01-01		CASTLE KALLAY				0	0	1		497
R	COTA-9A	9A-0273		1995-01-01		CASTLE KANIZA/KANIZJA				0	0	1		497
R	COTA-9A	9A-0274		1995-01-01		FORTRESS VISKOVACKI GRAD				0	0	1		497
R	COTA-9A	9A-0275		1995-01-01		CASTLE LABAS				0	0	1		497
R	COTA-9A	9A-0276		1995-01-01		CASTLE MIRNOVEC				0	0	1		497
R	COTA-9A	9A-0277		1995-01-01		CASTLE MODIC-BEDEKOVIC				0	0	1		497
R	COTA-9A	9A-0278		1995-01-01		CASTLE NOVAKI				0	0	1		497
R	COTA-9A	9A-0279		1995-01-01		CASTLE PESCENO/JAKOPEC				0	0	1		497
R	COTA-9A	9A-0280		1995-01-01		CASTLE POKLEK				0	0	1		497
R	COTA-9A	9A-0281		1995-01-01		CASTLE ZAKMANDI				0	0	1		497
R	COTA-9A	9A-0282		1995-01-01		LIVADICEV CASTLE				0	0	1		497
R	COTA-9A	9A-0283		1995-01-01		ZELINGRAD				0	0	1		497
R	COTA-9A	9A-0284		1995-01-01		UTVRDA (KASTEL) KOTISINA				0	0	1		497
R	COTA-9A	9A-0285		1995-01-01		CASTRUM NOVUM-FORTICA				0	0	1		497
R	COTA-9A	9A-0286		1995-01-01		FORT GEORGE				0	0	1		497
R	COTA-9A	9A-0287		1995-01-01		FORT GROBNIK				0	0	1		497
R	COTA-9A	9A-0288		1995-01-01		GROZNJAN				0	0	1		497
R	COTA-9A	9A-0289		1995-01-01		MOMJAN				0	0	1		497
R	COTA-9A	9A-0290		1995-01-01		DVIGRAD				0	0	1		497
R	COTA-9A	9A-0291		1995-01-01		HUM				0	0	1		497
R	COTA-9A	9A-0293		1995-01-01		PETRA PILOSA				0	0	1		497
R	COTA-9A	9A-0294		1995-01-01		SV. MARTIN / POSERT				0	0	1		497
R	COTA-9A	9A-0295		1995-01-01		BARBAN				0	0	1		497
R	COTA-9A	9A-0296		1995-01-01		KRSAN				0	0	1		497
R	COTA-9A	9A-0297		1995-01-01		VRSAR				0	0	1		497
R	COTA-9A	9A-0298		1995-01-01		UMAG				0	0	1		497
R	COTA-9A	9A-0299		1995-01-01		MUTVORAN				0	0	1		497
R	COTA-9A	9A-0302		1995-01-01		UTVRDA KORUNA				0	0	1		497
R	COTA-9A	9A-0303		1995-01-01		PREVLAKA				0	0	1		497
R	COTA-9A	9A-0304		1995-01-01		FRANKOPANSKI KASTEL				0	0	1		497
R	COTA-9A	9A-0305		1995-01-01		HRELJIN				0	0	1		497
R	COTA-9A	9A-0306		1995-01-01		UTVRDA LEDINICE				0	0	1		497
R	COTA-9A	9A-0307		1995-01-01		UTVRDA KLOPSICA				0	0	1		497
R	COTA-9A	9A-0308		1995-01-01		UTVRDA TURCIAN				0	0	1		497
R	COTA-9A	9A-0309		1995-01-01		UTVRDA BOUGUIGNON				0	0	1		497
R	COTA-9A	9A-0310		1995-01-01		FRANKOPANSKI KASTEL				0	0	1		497
R	COTA-9A	9A-0311		1995-01-01		FRANKOPANSKI KASTEL				0	0	1		497
R	COTA-9A	9A-0312		1995-01-01		GRAD NIN				0	0	1		497
R	COTA-9A	9A-0313		1995-01-01		CRKVA SV. NIKOLE				0	0	1		497
R	COTA-9A	9A-0314		1995-01-01		KASTELINA				0	0	1		497
R	COTA-9A	9A-0315		1995-01-01		UTVRDA BRIONI MINOR				0	0	1		497
R	COTA-9A	9A-0316		1995-01-01		UTVRDA TEGETTHOFF				0	0	1		497
R	COTA-9A	9A-0317		1995-01-01		KASCEL LASTOVO				0	0	1		497
R	COTA-9A	9A-0318		1995-01-01		UTVRDA VELI LOSINJ				0	0	1		497
R	COTA-9A	9A-0319		1995-01-01		UTVRDA NA PALACOLU				0	0	1		497
R	COTA-9A	9A-0320		1995-01-01		UTVRDA OSOR				0	0	1		497
R	COTA-9A	9A-0321		1995-01-01		KASTEL  LUBENICE				0	0	1		497
R	COTA-9A	9A-0322		1995-01-01		UTVRDA GRPASCAK				0	0	1		497
R	COTA-9A	9A-0323		1995-01-01		IMPERIAL FORT				0	0	1		497
R	COTA-9A	9A-0324		1995-01-01		KABOGA				0	0	1		497
R	COTA-9A	9A-0325		1995-01-01		KASTEL GOMILICA				0	0	1		497
R	COTA-9A	9A-0326		1995-01-01		KASTEL BUTKOVIC				0	0	1		497
R	COTA-9A	9A-0327		1995-01-01		KASTEL CAMBIO				0	0	1		497
R	COTA-9A	9A-0328		1995-01-01		KASTEL LIPPEO				0	0	1		497
R	COTA-9A	9A-0329		1995-01-01		KASTEL PISKERA				0	0	1		497
R	COTA-9A	9A-0330		1995-01-01		KASTEL VITTURI				0	0	1		497
R	COTA-9A	9A-0331		1995-01-01		KASTEL RUSINAC				0	0	1		497
R	COTA-9A	9A-0332		1995-01-01		KASTEL PAVLA CIPIKO				0	0	1		497
R	COTA-9A	9A-0333		1995-01-01		KASTEL KORIOLANA CIPIKO				0	0	1		497
R	COTA-9A	9A-0334		1995-01-01		KASTEL CELIO CEGA				0	0	1		497
R	COTA-9A	9A-0335		1995-01-01		KULA BENZI				0	0	1		497
R	COTA-9A	9A-0336		1995-01-01		KASTEL STAFILEO				0	0	1		497
R	COTA-9A	9A-0337		1995-01-01		KASTEL FERRO				0	0	1		497
R	COTA-9A	9A-0338		1995-01-01		KASTEL LODI				0	0	1		497
R	COTA-9A	9A-0339		1995-01-01		FORT ROYAL				0	0	1		497
R	COTA-9A	9A-0340		1995-01-01		TVRDZAVA NAPOLEON				0	0	1		497
R	COTA-9A	9A-0341		1995-01-01		FORTICA (SPANJOL)				0	0	1		497
R	COTA-9A	9A-0342		1995-01-01		UTVRDA BATERIJA (SV. ANDRIJA)				0	0	1		497
R	COTA-9A	9A-0343		1995-01-01		BUNKERI VRATNIK				0	0	1		497
R	COTA-9A	9A-300		1995-01-01		VELIKA STANCIJA				0	0	1		497
R	COTA-9A	9A-301		1995-01-01		KASTEL SOKOL				0	0	1		497
