# Referencias del diploma DIFM. Generado; no se edita a mano.
R	DIFM	AT001		1996-01-01		Ile d'Ouessant	Iles de l'Atlantique	EU-065		0	0	1		227
R	DIFM	AT002		1996-01-01		Ile de Molene	Iles de l'Atlantique	EU-065		0	0	1		227
R	DIFM	AT003		1996-01-01		Ile Beniguet	Iles de l'Atlantique	EU-065		0	0	1		227
R	DIFM	AT004		1996-01-01		Ile Melon	Iles de l'Atlantique			0	0	1		227
R	DIFM	AT005		1996-01-01		Ile Ronde	Iles de l'Atlantique			0	0	1		227
R	DIFM	AT006		1996-01-01		Ile de l'Aber	Iles de l'Atlantique			0	0	1		227
R	DIFM	AT007		1996-01-01		Ile de Sein	Iles de l'Atlantique	EU-068		0	0	1		227
R	DIFM	AT008		1996-01-01		Ile Chevalier	Iles de l'Atlantique			0	0	1		227
R	DIFM	AT009		1996-01-01		Ile Aux Moutons	Iles de l'Atlantique	EU-094		0	0	1		227
R	DIFM	AT010		1996-01-01		Ile Saint-Nicolas	Iles de l'Atlantique	EU-094		0	0	1		227
R	DIFM	AT011		1996-01-01		Ile Verte	Iles de l'Atlantique	EU-094		0	0	1		227
R	DIFM	AT012		1996-01-01		Ile de Groix	Iles de l'Atlantique	EU-048		0	0	1		227
R	DIFM	AT013		1996-01-01		Ile de Theviec	Iles de l'Atlantique	EU-048		0	0	1		227
R	DIFM	AT014		1996-01-01		Ile aux Moines	Iles de l'Atlantique			0	0	1		227
R	DIFM	AT015		1996-01-01		Ile de Belle Ile	Iles de l'Atlantique	EU-048		0	0	1		227
R	DIFM	AT016		1996-01-01		Ile de Houat	Iles de l'Atlantique	EU-048		0	0	1		227
R	DIFM	AT017		1996-01-01		Ile de Hoedic	Iles de l'Atlantique	EU-048		0	0	1		227
R	DIFM	AT018		1996-01-01		Ile Dumet	Iles de l'Atlantique	EU-064		0	0	1		227
R	DIFM	AT019		1996-01-01		Ile du Petit Litiri	Iles de l'Atlantique	EU-065		0	0	1		227
R	DIFM	AT020		1996-01-01		Ile de Noirmoutier	Iles de l'Atlantique	EU-064		0	0	1		227
R	DIFM	AT021		1996-01-01		Ile d'Yeu	Iles de l'Atlantique	EU-064		0	0	1		227
R	DIFM	AT022		1996-01-01		Ile de Re	Iles de l'Atlantique	EU-032		0	0	1		227
R	DIFM	AT023		1996-01-01		Ile d'Aix	Iles de l'Atlantique	EU-032		0	0	1		227
R	DIFM	AT024		1996-01-01		Ile Madame	Iles de l'Atlantique			0	0	1		227
R	DIFM	AT025		1996-01-01		Ile d'Oleron	Iles de l'Atlantique	EU-032		0	0	1		227
R	DIFM	AT026		1996-01-01		Ile de Fort Boyard	Iles de l'Atlantique	EU-032		0	0	1		227
R	DIFM	AT027		1996-01-01		Ile de Patiras ou Philippe	Iles de l'Atlantique			0	0	1		227
R	DIFM	AT028		1996-01-01		Ile aux Ouiseaux	Iles de l'Atlantique			0	0	1		227
R	DIFM	AT029		1996-01-01		Ile des Oiseaux (Chingoudy)	Iles de l'Atlantique			0	0	1		227
R	DIFM	AT030		1996-01-01		Ile du Pilier	Iles de l'Atlantique	EU-064		0	0	1		227
R	DIFM	AT031		1996-01-01		Ile du Fort Enet	Iles de l'Atlantique	EU-032		0	0	1		227
R	DIFM	AT032		1996-01-01		Ile de Cordouan	Iles de l'Atlantique	EU-159		0	0	1		227
R	DIFM	AT033		1996-01-01		Ile du Band d'Arguin	Iles de l'Atlantique	EU-159		0	0	1		227
R	DIFM	AT034		1996-01-01		Ile du Fort Pate	Iles de l'Atlantique			0	0	1		227
R	DIFM	AT035		1996-01-01		Ile de Fort Louvois	Iles de l'Atlantique			0	0	1		227
R	DIFM	AT036		1996-01-01		Ile de Keller	Iles de l'Atlantique	EU-065		0	0	1		227
R	DIFM	AT037		1996-01-01		Ile de Bannec	Iles de l'Atlantique	EU-065		0	0	1		227
R	DIFM	AT038		1996-01-01		Ile de Balanec	Iles de l'Atlantique	EU-065		0	0	1		227
R	DIFM	AT039		1996-01-01		Ile de Quemenes	Iles de l'Atlantique	EU-065		0	0	1		227
R	DIFM	AT040		1996-01-01		Ile de Trielen	Iles de l'Atlantique	EU-065		0	0	1		227
R	DIFM	AT041		1996-01-01		Ile de Litiri	Iles de l'Atlantique	EU-065		0	0	1		227
R	DIFM	AT042		1996-01-01		Ile de Ledenez Vraz	Iles de l'Atlantique	EU-065		0	0	1		227
R	DIFM	AT043		1996-01-01		Ile de Ledenez Vihan	Iles de l'Atlantique	EU-065		0	0	1		227
R	DIFM	AT044		1996-01-01		Ile de Ledenez Quemenes	Iles de l'Atlantique	EU-065		0	0	1		227
R	DIFM	AT045		1996-01-01		Ile de Morgol	Iles de l'Atlantique	EU-065		0	0	1		227
R	DIFM	AT046		1996-01-01		Ile Segal	Iles de l'Atlantique			0	0	1		227
R	DIFM	AT047		1996-01-01		Ile d'Yoc'h	Iles de l'Atlantique			0	0	1		227
R	DIFM	AT048		1996-01-01		Ile du Toulinguet	Iles de l'Atlantique	EU-065		0	0	1		227
R	DIFM	AT049		1996-01-01		Ile aux Chretiens	Iles de l'Atlantique	EU-065		0	0	1		227
R	DIFM	AT050		1996-01-01		Ile Ledenez de Balanec	Iles de l'Atlantique	EU-065		0	0	1		227
R	DIFM	AT051		1996-01-01		Ile de la Cheminee	Iles de l'Atlantique	EU-065		0	0	1		227
R	DIFM	AT052		1996-01-01		Ile Roc'h Hir	Iles de l'Atlantique	EU-065		0	0	1		227
R	DIFM	AT053		1996-01-01		Ile Petite du Bindy	Iles de l'Atlantique			0	0	1		227
R	DIFM	AT054		1996-01-01		Iles des Morts	Iles de l'Atlantique			0	0	1		227
R	DIFM	AT055		1996-01-01		Ile Treberon	Iles de l'Atlantique			0	0	1		227
R	DIFM	AT056		1996-01-01		Ile Tristan	Iles de l'Atlantique			0	0	1		227
R	DIFM	AT057		1996-01-01		Ile Garo	Iles de l'Atlantique			0	0	1		227
R	DIFM	AT058		1996-01-01		Ile Raguenez	Iles de l'Atlantique			0	0	1		227
R	DIFM	AT059		1996-01-01		Ile de Penfret	Iles de l'Atlantique	EU-094		0	0	1		227
R	DIFM	AT060		1996-01-01		Ile de Drenec	Iles de l'Atlantique	EU-094		0	0	1		227
R	DIFM	AT061		1996-01-01		Ile Cigogne	Iles de l'Atlantique	EU-094		0	0	1		227
R	DIFM	AT062		1996-01-01		Ile du Loc'h	Iles de l'Atlantique	EU-094		0	0	1		227
R	DIFM	AT063		1996-01-01		Ile de Brunec	Iles de l'Atlantique	EU-094		0	0	1		227
R	DIFM	AT064		1996-01-01		Ile de Bananec	Iles de l'Atlantique	EU-094		0	0	1		227
R	DIFM	AT065		1996-01-01		Ile de Guignenec	Iles de l'Atlantique	EU-094		0	0	1		227
R	DIFM	AT066		1996-01-01		Ile de Brilimec	Iles de l'Atlantique	EU-094		0	0	1		227
R	DIFM	AT067		1996-01-01		Ile de Guiriden	Iles de l'Atlantique	EU-094		0	0	1		227
R	DIFM	AT068		1996-01-01		Ile de Roelan	Iles de l'Atlantique	EU-048		0	0	1		227
R	DIFM	AT069		1996-01-01		Ile de ka Truie	Iles de l'Atlantique			0	0	1		227
R	DIFM	AT070		1996-01-01		Ile de Creizic	Iles de l'Atlantique			0	0	1		227
R	DIFM	AT071		1996-01-01		Ile de Berder	Iles de l'Atlantique			0	0	1		227
R	DIFM	AT072		1996-01-01		Ile Gavrinis	Iles de l'Atlantique			0	0	1		227
R	DIFM	AT073		1996-01-01		Ile Renaud	Iles de l'Atlantique			0	0	1		227
R	DIFM	AT074		1996-01-01		Ile de la Jument	Iles de l'Atlantique			0	0	1		227
R	DIFM	AT075		1996-01-01		Ile Longue	Iles de l'Atlantique			0	0	1		227
R	DIFM	AT076		1996-01-01		Ile Govihan	Iles de l'Atlantique			0	0	1		227
R	DIFM	AT077		1996-01-01		Ile Godec	Iles de l'Atlantique			0	0	1		227
R	DIFM	AT078		1996-01-01		Ile Huric ou des Oeufs	Iles de l'Atlantique			0	0	1		227
R	DIFM	AT079		1996-01-01		Ile Hur	Iles de l'Atlantique			0	0	1		227
R	DIFM	AT080		1996-01-01		Ile Bailleron ou la Dervenn	Iles de l'Atlantique			0	0	1		227
R	DIFM	AT081		1996-01-01		Ile Tascon ou Enezy	Iles de l'Atlantique			0	0	1		227
R	DIFM	AT082		1996-01-01		Ile de Boed	Iles de l'Atlantique			0	0	1		227
R	DIFM	AT083		1996-01-01		Ile de Boedig	Iles de l'Atlantique			0	0	1		227
R	DIFM	AT084		1996-01-01		Ile Logoden	Iles de l'Atlantique			0	0	1		227
R	DIFM	AT085		1996-01-01		Ile d'Irus	Iles de l'Atlantique			0	0	1		227
R	DIFM	AT086		1996-01-01		Ile Holavre	Iles de l'Atlantique			0	0	1		227
R	DIFM	AT087		1996-01-01		Ile Dronec	Iles de l'Atlantique			0	0	1		227
R	DIFM	AT088		1996-01-01		Ile d'Arz	Iles de l'Atlantique			0	0	1		227
R	DIFM	AT089		1996-01-01		Ile des Poulains	Iles de l'Atlantique			0	0	1		227
R	DIFM	AT090		1996-01-01		Ile Bagueneres	Iles de l'Atlantique	EU-048		0	0	1		227
R	DIFM	AT091		1996-01-01		Ile de Bangor	Iles de l'Atlantique	EU-048		0	0	1		227
R	DIFM	AT092		1996-01-01		Ile en Toul Braz	Iles de l'Atlantique	EU-048		0	0	1		227
R	DIFM	AT093		1996-01-01		Ile de Glazic ou Glazig	Iles de l'Atlantique	EU-048		0	0	1		227
R	DIFM	AT094		1996-01-01		Ile de Valuec	Iles de l'Atlantique	EU-048		0	0	1		227
R	DIFM	AT095		1996-01-01		Ile Mousker ou Blanchi	Iles de l'Atlantique			0	0	1		227
R	DIFM	AT096		1996-01-01		Ile des Grands Cardinaux	Iles de l'Atlantique	EU-048		0	0	1		227
R	DIFM	AT097		1996-01-01		Ile du Fort Bloque	Iles de l'Atlantique			0	0	1		227
R	DIFM	AT098		1996-01-01		Ile de Meaban	Iles de l'Atlantique	EU-048		0	0	1		227
R	DIFM	AT099		1996-01-01		Ile de Belair	Iles de l'Atlantique			0	0	1		227
R	DIFM	AT100		1996-01-01		Ile des Evens	Iles de l'Atlantique			0	0	1		227
R	DIFM	AT101		1996-01-01		Ile de Pierre Percee	Iles de l'Atlantique			0	0	1		227
R	DIFM	AT102		1996-01-01		Ile Margaux	Iles de l'Atlantique			0	0	1		227
R	DIFM	AT103		1996-01-01		Ile Bouchaux / Nouvelle / Sans Pain	Iles de l'Atlantique			0	0	1		227
R	DIFM	AT104		1996-01-01		Ile Ambes	Iles de l'Atlantique			0	0	1		227
R	DIFM	AT105		1996-01-01		Ile Verte / Nord / Cazeau	Iles de l'Atlantique			0	0	1		227
R	DIFM	AT106		1996-01-01		Ile de Croute	Iles de l'Atlantique			0	0	1		227
R	DIFM	AT107		1996-01-01		Ile Saint Michel	Iles de l'Atlantique			0	0	1		227
R	DIFM	AT108		1996-01-01		Ile Seniz	Iles de l'Atlantique	EU-048		0	0	1		227
R	DIFM	AT109		1996-01-01		Ile aux Chevaux	Iles de l'Atlantique	EU-048		0	0	1		227
R	DIFM	AT110		1996-01-01		Ile Stibiden	Iles de l'Atlantique			0	0	1		227
R	DIFM	AT111		1996-01-01		Ile Radenec	Iles de l'Atlantique			0	0	1		227
R	DIFM	AT112		1996-01-01		Ile Grand Vezid ou Petit Vezid	Iles de l'Atlantique			0	0	1		227
R	DIFM	AT113		1996-01-01		Ile Brannec	Iles de l'Atlantique			0	0	1		227
R	DIFM	AT114		1996-01-01		Ile Grand Huernic	Iles de l'Atlantique			0	0	1		227
R	DIFM	AT115		1996-01-01		Ile Pladic ou Pen Blei	Iles de l'Atlantique			0	0	1		227
R	DIFM	AT116		1996-01-01		Ile de Lern	Iles de l'Atlantique			0	0	1		227
R	DIFM	AT117		1996-01-01		Ile Hent Tenn	Iles de l'Atlantique			0	0	1		227
R	DIFM	AT118		1996-01-01		Ile Sept Iles	Iles de l'Atlantique			0	0	1		227
R	DIFM	AT119		1996-01-01		Ile Erlanning	Iles de l'Atlantique			0	0	1		227
R	DIFM	AT120		1996-01-01		Ile Pirenn ou Mouchiouse	Iles de l'Atlantique			0	0	1		227
R	DIFM	AT121		1996-01-01		Ile Ilette	Iles de l'Atlantique			0	0	1		227
R	DIFM	AT122		1996-01-01		Ile de Gueotec	Iles de l'Atlantique	EU-094		0	0	1		227
R	DIFM	AT123		1996-01-01		Ile Nole	Iles de l'Atlantique			0	0	1		227
R	DIFM	AT124		1996-01-01		Ile Percee	Iles de l'Atlantique			0	0	1		227
R	DIFM	AT125		1996-01-01		Ile Tibidy	Iles de l'Atlantique			0	0	1		227
R	DIFM	AT126		1996-01-01		Ile Salgren	Iles de l'Atlantique			0	0	1		227
R	DIFM	AT127		1996-01-01		Ile du Fort de Bertheaume	Iles de l'Atlantique			0	0	1		227
R	DIFM	AT128		1996-01-01		Ile ar Mazou	Iles de l'Atlantique			0	0	1		227
R	DIFM	AT129		1996-01-01		Ile d'Arun	Iles de l'Atlantique			0	0	1		227
R	DIFM	AT130		1996-01-01		Ile de Terenez	Iles de l'Atlantique			0	0	1		227
R	DIFM	AT131		1996-01-01		Ile du Grand Bindy	Iles de l'Atlantique			0	0	1		227
R	DIFM	AT132		1996-01-01		Ile Conq	Iles de l'Atlantique			0	0	1		227
R	DIFM	AT133		1996-01-01		Ile Queffen	Iles de l'Atlantique			0	0	1		227
R	DIFM	AT134		1996-01-01		Ile aux Rats	Iles de l'Atlantique			0	0	1		227
R	DIFM	AT135		1996-01-01		Ile Kerner	Iles de l'Atlantique			0	0	1		227
R	DIFM	AT136		1996-01-01		Ile de Domois	Iles de l'Atlantique	EU-048		0	0	1		227
R	DIFM	AT137		1996-01-01		Ile Guric	Iles de l'Atlantique	EU-048		0	0	1		227
R	DIFM	AT138		1996-01-01		Ile en Toul Bihan	Iles de l'Atlantique			0	0	1		227
R	DIFM	AT139		1996-01-01		Ile a Bacchus	Iles de l'Atlantique			0	0	1		227
R	DIFM	AT140		1996-01-01		Ile du Bechet	Iles de l'Atlantique			0	0	1		227
R	DIFM	AT141		1996-01-01		Ile Tilic	Iles de l'Atlantique			0	0	1		227
R	DIFM	MA001		1996-01-01		Ile du Large	Iles de la Manche	EU-081		0	0	1		227
R	DIFM	MA002		1996-01-01		Ile de Tatihou	Iles de la Manche			0	0	1		227
R	DIFM	MA003		1996-01-01		Ile Pelee	Iles de la Manche			0	0	1		227
R	DIFM	MA004		1996-01-01		Ile Grande	Iles de la Manche	EU-039		0	0	1		227
R	DIFM	MA005		1996-01-01		Ile Mont St-Michel	Iles de la Manche			0	0	1		227
R	DIFM	MA006		1996-01-01		Ile des Rimains	Iles de la Manche			0	0	1		227
R	DIFM	MA007		1996-01-01		Ile du Fort de la Hougue	Iles de la Manche			0	0	1		227
R	DIFM	MA008		1996-01-01		Ile de Cezembre	Iles de la Manche	EU-157		0	0	1		227
R	DIFM	MA009		1996-01-01		Ile Agot	Iles de la Manche	EU-157		0	0	1		227
R	DIFM	MA010		1996-01-01		Ile Saint-Michel	Iles de la Manche			0	0	1		227
R	DIFM	MA011		1996-01-01		Ile du Verdelet	Iles de la Manche			0	0	1		227
R	DIFM	MA012		1996-01-01		Ile de Brehat	Iles de la Manche	EU-074		0	0	1		227
R	DIFM	MA013		1996-01-01		Ile d'Er	Iles de la Manche	EU-107		0	0	1		227
R	DIFM	MA014		1996-01-01		Ile Saint-Gildas	Iles de la Manche			0	0	1		227
R	DIFM	MA015		1996-01-01		Ile Aux Moines	Iles de la Manche	EU-107		0	0	1		227
R	DIFM	MA016		1996-01-01		Ile Grande	Iles de la Manche			0	0	1		227
R	DIFM	MA017		1996-01-01		Ile Callot	Iles de la Manche			0	0	1		227
R	DIFM	MA018		1996-01-01		Ile de Batz	Iles de la Manche	EU-105		0	0	1		227
R	DIFM	MA019		1996-01-01		Ile de Sieck	Iles de la Manche			0	0	1		227
R	DIFM	MA020		1996-01-01		Ile Vierge	Iles de la Manche	EU-105		0	0	1		227
R	DIFM	MA021		1996-01-01		Ile de Tombelaine	Iles de la Manche	EU-156		0	0	1		227
R	DIFM	MA022		1996-01-01		Ile de Perron	Iles de la Manche			0	0	1		227
R	DIFM	MA023		1996-01-01		Ile l'Islet	Iles de la Manche			0	0	1		227
R	DIFM	MA024		1996-01-01		Ile des Hebihens	Iles de la Manche			0	0	1		227
R	DIFM	MA025		1996-01-01		Ile de Harbour	Iles de la Manche	EU-157		0	0	1		227
R	DIFM	MA026		1996-01-01		Ile de Terre	Iles de la Manche	EU-081		0	0	1		227
R	DIFM	MA027		1996-01-01		Iles des Herbeuses	Iles de la Manche			0	0	1		227
R	DIFM	MA028		1996-01-01		Ile Grios de Greniguet	Iles de la Manche			0	0	1		227
R	DIFM	MA029		1996-01-01		Ile des Brequets	Iles de la Manche			0	0	1		227
R	DIFM	MA030		1996-01-01		Ile Grand Romont	Iles de la Manche	EU-039		0	0	1		227
R	DIFM	MA031		1996-01-01		Ile Longue	Iles de la Manche	EU-039		0	0	1		227
R	DIFM	MA032		1996-01-01		Ile Huguenans	Iles de la Manche	EU-039		0	0	1		227
R	DIFM	MA033		1996-01-01		Ile le Chatelier	Iles de la Manche			0	0	1		227
R	DIFM	MA034		1996-01-01		Ile des Landes	Iles de la Manche			0	0	1		227
R	DIFM	MA035		1996-01-01		Ile Roche de Herpin	Iles de la Manche	EU-157		0	0	1		227
R	DIFM	MA036		1996-01-01		Ile de Carn	Iles de la Manche			0	0	1		227
R	DIFM	MA037		1996-01-01		Ile de Fort de l'Ilet	Iles de la Manche			0	0	1		227
R	DIFM	MA038		1996-01-01		Ile du Fort Duguesclin	Iles de la Manche			0	0	1		227
R	DIFM	MA039		1996-01-01		Ile le Chapeau	Iles de la Manche	EU-039		0	0	1		227
R	DIFM	MA040		1996-01-01		Ile de Grande Bey	Iles de la Manche			0	0	1		227
R	DIFM	MA041		1996-01-01		Ile de la Mauve	Iles de la Manche	EU-074		0	0	1		227
R	DIFM	MA042		1996-01-01		Ile Aux Oiseaux	Iles de la Manche	EU-039		0	0	1		227
R	DIFM	MA043		1996-01-01		Ile Mez de Goelo	Iles de la Manche			0	0	1		227
R	DIFM	MA044		1996-01-01		Ile Lemenez	Iles de la Manche			0	0	1		227
R	DIFM	MA045		1996-01-01		Ile de Saint Rion	Iles de la Manche	EU-074		0	0	1		227
R	DIFM	MA046		1996-01-01		Ile Logodec	Iles de la Manche	EU-074		0	0	1		227
R	DIFM	MA047		1996-01-01		Ile Raguenes	Iles de la Manche	EU-074		0	0	1		227
R	DIFM	MA048		1996-01-01		Ile Biniguet	Iles de la Manche	EU-074		0	0	1		227
R	DIFM	MA049		1996-01-01		Ile verte	Iles de la Manche	EU-074		0	0	1		227
R	DIFM	MA050		1996-01-01		Ile Grouezen	Iles de la Manche	EU-074		0	0	1		227
R	DIFM	MA051		1996-01-01		Ile ar Morbic	Iles de la Manche	EU-074		0	0	1		227
R	DIFM	MA052		1996-01-01		Ile Lavrec	Iles de la Manche	EU-074		0	0	1		227
R	DIFM	MA053		1996-01-01		Ile a Bois	Iles de la Manche			0	0	1		227
R	DIFM	MA054		1996-01-01		Ile Modez ou Sainte	Iles de la Manche	EU-074		0	0	1		227
R	DIFM	MA055		1996-01-01		Ile la Petite	Iles de la Manche	EU-107		0	0	1		227
R	DIFM	MA056		1996-01-01		Ile Loaven	Iles de la Manche			0	0	1		227
R	DIFM	MA057		1996-01-01		Ile Yvinec ou Kergonet	Iles de la Manche			0	0	1		227
R	DIFM	MA058		1996-01-01		Ile des Pins ou des Ongles	Iles de la Manche			0	0	1		227
R	DIFM	MA059		1996-01-01		Ile Instan ou Istan	Iles de la Manche			0	0	1		227
R	DIFM	MA060		1996-01-01		Ile aux Oies ou Auza	Iles de la Manche			0	0	1		227
R	DIFM	MA061		1996-01-01		Ile Baelanec ou des Genets	Iles de la Manche			0	0	1		227
R	DIFM	MA062		1996-01-01		Ile due Milieu	Iles de la Manche			0	0	1		227
R	DIFM	MA063		1996-01-01		Ile des Levrettes	Iles de la Manche			0	0	1		227
R	DIFM	MA064		1996-01-01		Ile Illiec ou Ziliec	Iles de la Manche			0	0	1		227
R	DIFM	MA065		1996-01-01		Ile Marquer	Iles de la Manche			0	0	1		227
R	DIFM	MA066		1996-01-01		Ile due Chateau Neuf	Iles de la Manche			0	0	1		227
R	DIFM	MA067		1996-01-01		Ile des Femmes	Iles de la Manche			0	0	1		227
R	DIFM	MA068		1996-01-01		Ile Bruc	Iles de la Manche			0	0	1		227
R	DIFM	MA069		1996-01-01		Ile Tome	Iles de la Manche	EU-107		0	0	1		227
R	DIFM	MA070		1996-01-01		Ile de Costaeres	Iles de la Manche			0	0	1		227
R	DIFM	MA071		1996-01-01		Ile Dhu	Iles de la Manche			0	0	1		227
R	DIFM	MA072		1996-01-01		Ile Jaouen	Iles de la Manche			0	0	1		227
R	DIFM	MA073		1996-01-01		Ile Morville	Iles de la Manche			0	0	1		227
R	DIFM	MA074		1996-01-01		Ile d'Erch	Iles de la Manche			0	0	1		227
R	DIFM	MA075		1996-01-01		Ile Daval ou Aval	Iles de la Manche			0	0	1		227
R	DIFM	MA076		1996-01-01		Ile a Canton ou Aganton	Iles de la Manche			0	0	1		227
R	DIFM	MA077		1996-01-01		Ile du Renard	Iles de la Manche			0	0	1		227
R	DIFM	MA078		1996-01-01		Ile Bolennec ou Les	Iles de la Manche			0	0	1		227
R	DIFM	MA079		1996-01-01		Ile Losquet ou Losket	Iles de la Manche			0	0	1		227
R	DIFM	MA080		1996-01-01		Ile Molene	Iles de la Manche			0	0	1		227
R	DIFM	MA081		1996-01-01		Ile Fougere	Iles de la Manche			0	0	1		227
R	DIFM	MA082		1996-01-01		Ile Milliau ou Milio	Iles de la Manche			0	0	1		227
R	DIFM	MA083		1996-01-01		Ile Plate	Iles de la Manche	EU-107		0	0	1		227
R	DIFM	MA084		1996-01-01		Ile Bono	Iles de la Manche	EU-107		0	0	1		227
R	DIFM	MA085		1996-01-01		Ile de Malban	Iles de la Manche	EU-107		0	0	1		227
R	DIFM	MA086		1996-01-01		Ile Rouzic	Iles de la Manche	EU-107		0	0	1		227
R	DIFM	MA087		1996-01-01		Ile Noire	Iles de la Manche			0	0	1		227
R	DIFM	MA088		1996-01-01		Ile du Taureau	Iles de la Manche			0	0	1		227
R	DIFM	MA089		1996-01-01		Ile de Louet	Iles de la Manche			0	0	1		227
R	DIFM	MA090		1996-01-01		Ile Venan	Iles de la Manche			0	0	1		227
R	DIFM	MA091		1996-01-01		Ile Wrach	Iles de la Manche			0	0	1		227
R	DIFM	MA092		1996-01-01		Ile Cezon	Iles de la Manche			0	0	1		227
R	DIFM	MA093		1996-01-01		Ile Enez Terc'h	Iles de la Manche			0	0	1		227
R	DIFM	MA094		1996-01-01		Ile Stagadon	Iles de la Manche	EU-105		0	0	1		227
R	DIFM	MA095		1996-01-01		Ile Tariec	Iles de la Manche			0	0	1		227
R	DIFM	MA096		1996-01-01		Ile Guenioc	Iles de la Manche	EU-105		0	0	1		227
R	DIFM	MA097		1996-01-01		Ile Garo	Iles de la Manche			0	0	1		227
R	DIFM	MA098		1996-01-01		Ile du Bec	Iles de la Manche			0	0	1		227
R	DIFM	MA099		1996-01-01		Ile de Rosservo ou Rosservor	Iles de la Manche			0	0	1		227
R	DIFM	MA100		1996-01-01		Ile Enez Amann ar Rouz	Iles de la Manche			0	0	1		227
R	DIFM	MA101		1996-01-01		Ile Lec'h Wenn	Iles de la Manche			0	0	1		227
R	DIFM	MA102		1996-01-01		Ile Enez Croaz Hent	Iles de la Manche			0	0	1		227
R	DIFM	MA103		1996-01-01		Ile de la Meule	Iles de la Manche	EU-039		0	0	1		227
R	DIFM	MA104		1996-01-01		Ile de la Houlee	Iles de la Manche	EU-039		0	0	1		227
R	DIFM	MA105		1996-01-01		Ile de la Genetaie	Iles de la Manche	EU-039		0	0	1		227
R	DIFM	MA106		1996-01-01		Ile du Petit Romont	Iles de la Manche	EU-039		0	0	1		227
R	DIFM	MA107		1996-01-01		Ile Plate	Iles de la Manche	EU-039		0	0	1		227
R	DIFM	MA108		1996-01-01		Ile des Trois Ilets	Iles de la Manche	EU-039		0	0	1		227
R	DIFM	MA109		1996-01-01		Iles Aneret ou Ancre	Iles de la Manche	EU-039		0	0	1		227
R	DIFM	MA110		1996-01-01		Ile le Loup	Iles de la Manche	EU-039		0	0	1		227
R	DIFM	MA111		1996-01-01		Ile le Lezard	Iles de la Manche	EU-039		0	0	1		227
R	DIFM	MA112		1996-01-01		Ile Nequilas	Iles de la Manche			0	0	1		227
R	DIFM	MA113		1996-01-01		Ile du Grand Chevreuil	Iles de la Manche			0	0	1		227
R	DIFM	MA114		1996-01-01		Ile du Petit Chevreuil	Iles de la Manche			0	0	1		227
R	DIFM	MA115		1996-01-01		Ile du Fort National	Iles de la Manche			0	0	1		227
R	DIFM	MA116		1996-01-01		Ile de Petit Bay	Iles de la Manche			0	0	1		227
R	DIFM	MA117		1996-01-01		Ile la Grande Roche	Iles de la Manche			0	0	1		227
R	DIFM	MA118		1996-01-01		Ile de la Nelliere	Iles de la Manche			0	0	1		227
R	DIFM	MA119		1996-01-01		Ile Gwin Zegal	Iles de la Manche			0	0	1		227
R	DIFM	MA120		1996-01-01		Ile de la Pointe de Bilfot	Iles de la Manche			0	0	1		227
R	DIFM	MA121		1996-01-01		Ile Roche ar Mennou	Iles de la Manche			0	0	1		227
R	DIFM	MA122		1996-01-01		Ile Blanche	Iles de la Manche			0	0	1		227
R	DIFM	MA123		1996-01-01		Ile Raguenes Meur	Iles de la Manche	EU-074		0	0	1		227
R	DIFM	MA124		1996-01-01		Ile de la Chevre	Iles de la Manche	EU-074		0	0	1		227
R	DIFM	MA125		1996-01-01		Ile Quoalen	Iles de la Manche			0	0	1		227
R	DIFM	MA126		1996-01-01		Ile Enez Inech ou Nini	Iles de la Manche			0	0	1		227
R	DIFM	MA127		1996-01-01		Ile la Petite Ile	Iles de la Manche			0	0	1		227
R	DIFM	MA128		1996-01-01		Ile aux Lapins	Iles de la Manche			0	0	1		227
R	DIFM	MA129		1996-01-01		Ile de Seigle	Iles de la Manche			0	0	1		227
R	DIFM	MA130		1996-01-01		Ile Tangy ou du Biwic	Iles de la Manche			0	0	1		227
R	DIFM	MA131		1996-01-01		Ile Plate	Iles de la Manche			0	0	1		227
R	DIFM	MA132		1996-01-01		Ile Enez Bihan ou Bilian	Iles de la Manche			0	0	1		227
R	DIFM	MA133		1996-01-01		Ile le Corbeau	Iles de la Manche			0	0	1		227
R	DIFM	MA134		1996-01-01		Ile aux Dames	Iles de la Manche			0	0	1		227
R	DIFM	MA135		1996-01-01		Ile Ricard	Iles de la Manche			0	0	1		227
R	DIFM	MA136		1996-01-01		Ile ti Saoson	Iles de la Manche	EU-105		0	0	1		227
R	DIFM	MA137		1996-01-01		Ile Penn Enez	Iles de la Manche			0	0	1		227
R	DIFM	MA138		1996-01-01		Ile Enez ar Vir	Iles de la Manche			0	0	1		227
R	DIFM	MA139		1996-01-01		Ile Longue	Iles de la Manche			0	0	1		227
R	DIFM	MA140		1996-01-01		Ile Valan	Iles de la Manche	EU-105		0	0	1		227
R	DIFM	MA141		1996-01-01		Ile des Jacobins	Iles de la Manche			0	0	1		227
R	DIFM	MA142		1996-01-01		Ile Sterec	Iles de la Manche			0	0	1		227
R	DIFM	MA143		1996-01-01		Ile Fort de Querqueville	Iles de la Manche			0	0	1		227
R	DIFM	MA144		1996-01-01		Ile de la Pointe du Banc	Iles de la Manche			0	0	1		227
R	DIFM	MA145		1996-01-01		Ile des Roches	Iles de la Manche	EU-074		0	0	1		227
R	DIFM	MA146		1996-01-01		Ile Esquina	Iles de la Manche			0	0	1		227
R	DIFM	MA147		1996-01-01		Ile de la Petite Roche	Iles de la Manche			0	0	1		227
R	DIFM	MA148		1996-01-01		Ile Seheres	Iles de la Manche	EU-074		0	0	1		227
R	DIFM	MA149		1996-01-01		Ile de la Dame Jouanne	Iles de la Manche			0	0	1		227
R	DIFM	MA150		1996-01-01		Ile de la Comtesse	Iles de la Manche			0	0	1		227
R	DIFM	ME001		1996-01-01		Ile du Fort Brescou	Iles de la Mediterranee	EU-148		0	0	1		227
R	DIFM	ME002		1996-01-01		Ile d'Aragnon	Iles de la Mediterranee			0	0	1		227
R	DIFM	ME003		1996-01-01		Ile de Ratonneau	Iles de la Mediterranee	EU-095		0	0	1		227
R	DIFM	ME004		1996-01-01		Ile du Planier	Iles de la Mediterranee	EU-095		0	0	1		227
R	DIFM	ME005		1996-01-01		Ile de Maire	Iles de la Mediterranee			0	0	1		227
R	DIFM	ME006		1996-01-01		Ile de Riou	Iles de la Mediterranee	EU-095		0	0	1		227
R	DIFM	ME007		1996-01-01		Ile verte	Iles de la Mediterranee	EU-095		0	0	1		227
R	DIFM	ME008		1996-01-01		Ile de Bendor	Iles de la Mediterranee			0	0	1		227
R	DIFM	ME009		1996-01-01		Ile des Embiez	Iles de la Mediterranee			0	0	1		227
R	DIFM	ME010		1996-01-01		Ile de Porquerolles	Iles de la Mediterranee	EU-070		0	0	1		227
R	DIFM	ME011		1996-01-01		Ile de Port-Cros	Iles de la Mediterranee	EU-070		0	0	1		227
R	DIFM	ME012		1996-01-01		Ile du Levant	Iles de la Mediterranee	EU-070		0	0	1		227
R	DIFM	ME013		1996-01-01		Ile d'Or	Iles de la Mediterranee	EU-070		0	0	1		227
R	DIFM	ME014		1996-01-01		Ile de St-Honoras	Iles de la Mediterranee	EU-058		0	0	1		227
R	DIFM	ME015		1996-01-01		Ile du Grand Gaou	Iles de la Mediterranee			0	0	1		227
R	DIFM	ME016		1996-01-01		Ile de Pomegues	Iles de la Mediterranee	EU-095		0	0	1		227
R	DIFM	ME017		1996-01-01		Ile du Grand Rouveau	Iles de la Mediterranee	EU-070		0	0	1		227
R	DIFM	ME018		1996-01-01		Ile des Vieilles	Iles de la Mediterranee			0	0	1		227
R	DIFM	ME019		1996-01-01		Ile du Lion de Mer	Iles de la Mediterranee	EU-095		0	0	1		227
R	DIFM	ME020		1996-01-01		Ile St-Marguerite	Iles de la Mediterranee	EU-058		0	0	1		227
R	DIFM	ME021		1996-01-01		Ile de l'Estagnol	Iles de la Mediterranee			0	0	1		227
R	DIFM	ME022		1996-01-01		Ile de Leoube	Iles de la Mediterranee			0	0	1		227
R	DIFM	ME023		1996-01-01		Ile de l'Elevine	Iles de la Mediterranee			0	0	1		227
R	DIFM	ME024		1996-01-01		Ile d'Endoume du Large	Iles de la Mediterranee			0	0	1		227
R	DIFM	ME025		1996-01-01		Ile de la Melette	Iles de la Mediterranee			0	0	1		227
R	DIFM	ME026		1996-01-01		Ile de la Fauvette	Iles de la Mediterranee	EU-095		0	0	1		227
R	DIFM	ME027		1996-01-01		Ilot Tiboulen	Iles de la Mediterranee	EU-095		0	0	1		227
R	DIFM	ME028		1996-01-01		Ile d'If	Iles de la Mediterranee	EU-095		0	0	1		227
R	DIFM	ME029		1996-01-01		Ile de Tiboulen	Iles de la Mediterranee	EU-095		0	0	1		227
R	DIFM	ME030		1996-01-01		Ile de Jarre	Iles de la Mediterranee	EU-095		0	0	1		227
R	DIFM	ME031		1996-01-01		Ile de Jarron	Iles de la Mediterranee	EU-095		0	0	1		227
R	DIFM	ME032		1996-01-01		Ile de Moyade	Iles de la Mediterranee	EU-095		0	0	1		227
R	DIFM	ME033		1996-01-01		Ile du Petit Congloue	Iles de la Mediterranee	EU-095		0	0	1		227
R	DIFM	ME034		1996-01-01		Ile du Grand Congloue	Iles de la Mediterranee	EU-095		0	0	1		227
R	DIFM	ME035		1996-01-01		Ile Calseraigne / Plane	Iles de la Mediterranee	EU-095		0	0	1		227
R	DIFM	ME036		1996-01-01		Ile Rousse	Iles de la Mediterranee			0	0	1		227
R	DIFM	ME037		1996-01-01		Ile du Petut Rouveau	Iles de la Mediterranee	EU-070		0	0	1		227
R	DIFM	ME038		1996-01-01		Ile des Fourmiques	Iles de la Mediterranee			0	0	1		227
R	DIFM	ME039		1996-01-01		Ile de la Redonne	Iles de la Mediterranee			0	0	1		227
R	DIFM	ME040		1996-01-01		Ile Longue	Iles de la Mediterranee			0	0	1		227
R	DIFM	ME041		1996-01-01		Ile Ratonniere	Iles de la Mediterranee			0	0	1		227
R	DIFM	ME042		1996-01-01		Ile Pellegrin / Jardin	Iles de la Mediterranee			0	0	1		227
R	DIFM	ME043		1996-01-01		Ile du Lion de Terre	Iles de la Mediterranee			0	0	1		227
R	DIFM	ME044		1996-01-01		Ile du Grand Ribaud	Iles de la Mediterranee	EU-070		0	0	1		227
R	DIFM	ME045		1996-01-01		Ile du Petit Ribaud	Iles de la Mediterranee	EU-070		0	0	1		227
R	DIFM	ME046		1996-01-01		Ile du Ribaudon	Iles de la Mediterranee			0	0	1		227
R	DIFM	ME047		1996-01-01		Ile du Petit Langoustier	Iles de la Mediterranee	EU-070		0	0	1		227
R	DIFM	ME048		1996-01-01		Ile du Gros Sarranier	Iles de la Mediterranee	EU-070		0	0	1		227
R	DIFM	ME049		1996-01-01		Ile du Petit Sarranier	Iles de la Mediterranee	EU-070		0	0	1		227
R	DIFM	ME050		1996-01-01		Ile de Bagaud	Iles de la Mediterranee	EU-070		0	0	1		227
R	DIFM	ME051		1996-01-01		Ile de la Gabiniere	Iles de la Mediterranee	EU-070		0	0	1		227
R	DIFM	ME052		1996-01-01		Ile de la Tradeliere	Iles de la Mediterranee	EU-058		0	0	1		227
R	DIFM	ME053		1996-01-01		Ile de St-Fereol	Iles de la Mediterranee	EU-058		0	0	1		227
R	DIFM	ME054		1996-01-01		Ile de l'Ilot	Iles de la Mediterranee	EU-058		0	0	1		227
R	DIFM	ME055		1996-01-01		Ile de Pointe Rousset	Iles de la Mediterranee	EU-070		0	0	1		227
R	DIFM	ME056		1996-01-01		Ile des Deux Freres	Iles de la Mediterranee			0	0	1		227
R	DIFM	ME057		1996-01-01		Ile de Petit Gaou	Iles de la Mediterranee			0	0	1		227
R	DIFM	ME058		1996-01-01		Ile d'Endoume de Terra	Iles de la Mediterranee			0	0	1		227
R	DIFM	ME059		1996-01-01		Ile Christaou	Iles de la Mediterranee			0	0	1		227
R	DIFM	ME060		1996-01-01		Ile du Portugais	Iles de la Mediterranee			0	0	1		227
R	DIFM	ME061		1996-01-01		Ile des Rascas	Iles de la Mediterranee	EU-070		0	0	1		227
R	DIFM	TK001		1996-01-01		La Corse	Iles de la Corse	EU-014		0	0	1		214
R	DIFM	TK002		1996-01-01		Ile Grande Sanguinaires	Iles de la Corse	EU-104		0	0	1		214
R	DIFM	TK003		1996-01-01		Ile de Cavallo	Iles de la Corse	EU-164		0	0	1		214
R	DIFM	TK004		1996-01-01		Ile de Piana	Iles de la Corse	EU-100		0	0	1		214
R	DIFM	TK005		1996-01-01		Ile de Pinarellu	Iles de la Corse	EU-014		0	0	1		214
R	DIFM	TK006		1996-01-01		Ile de Finocchiarola	Iles de la Corse	EU-164		0	0	1		214
R	DIFM	TK007		1996-01-01		Ile de la Giraglia	Iles de la Corse	EU-164		0	0	1		214
R	DIFM	TK008		1996-01-01		Ile de Gargalu	Iles de la Corse	EU-014		0	0	1		214
R	DIFM	TK009		1996-01-01		Ile des Moines	Iles de la Corse	EU-164		0	0	1		214
R	DIFM	TK010		1996-01-01		Ile de la Pietra	Iles de la Corse	EU-014		0	0	1		214
R	DIFM	TK011		1996-01-01		Ile de Lavezzi	Iles de la Corse	EU-164		0	0	1		214
R	DIFM	TK012		1996-01-01		Ile di Cala d'Alga	Iles de la Corse	EU-104		0	0	1		214
R	DIFM	TK013		1996-01-01		Ile Cormorans ou Oga	Iles de la Corse	EU-104		0	0	1		214
R	DIFM	TK014		1996-01-01		Ile de Porri	Iles de la Corse	EU-104		0	0	1		214
R	DIFM	TK015		1996-01-01		Ile Pointe Sette Nave	Iles de la Corse	EU-014		0	0	1		214
R	DIFM	TK016		1996-01-01		Ile de Piana (Chiavary)	Iles de la Corse	EU-014		0	0	1		214
R	DIFM	TK017		1996-01-01		Ile Punta di l'Oga	Iles de la Corse	EU-014		0	0	1		214
R	DIFM	TK018		1996-01-01		Ile du Taravu	Iles de la Corse	EU-014		0	0	1		214
R	DIFM	TK019		1996-01-01		Ilot d'Eccica	Iles de la Corse	EU-014		0	0	1		214
R	DIFM	TK020		1996-01-01		Ile de l'Ancurella	Iles de la Corse	EU-014		0	0	1		214
R	DIFM	TK021		1996-01-01		Ile de Bruzzi	Iles de la Corse	EU-164		0	0	1		214
R	DIFM	TK022		1996-01-01		Iles de la Tonnara	Iles de la Corse	EU-014		0	0	1		214
R	DIFM	TK023		1996-01-01		Iles de Fazziolu	Iles de la Corse	EU-014		0	0	1		214
R	DIFM	TK024		1996-01-01		Ile Saint-Antoine	Iles de la Corse	EU-014		0	0	1		214
R	DIFM	TK025		1996-01-01		Ile de Piana (Sperono)	Iles de la Corse	EU-164		0	0	1		214
R	DIFM	TK026		1996-01-01		Ile de Ratino	Iles de la Corse	EU-164		0	0	1		214
R	DIFM	TK027		1996-01-01		Ile de Poraggia	Iles de la Corse	EU-164		0	0	1		214
R	DIFM	TK028		1996-01-01		Ile de San Bainzo	Iles de la Corse	EU-164		0	0	1		214
R	DIFM	TK029		1996-01-01		Ile de Perduto	Iles de la Corse	EU-164		0	0	1		214
R	DIFM	TK030		1996-01-01		Ile de la Folaca	Iles de la Corse	EU-014		0	0	1		214
R	DIFM	TK031		1996-01-01		Ile di u'Toro	Iles de la Corse	EU-164		0	0	1		214
R	DIFM	TK032		1996-01-01		Ile de Maestro Maria	Iles de la Corse	EU-100		0	0	1		214
R	DIFM	TK033		1996-01-01		Ile de Pietricaggiosa	Iles de la Corse	EU-100		0	0	1		214
R	DIFM	TK034		1996-01-01		Ile de la Vacca	Iles de la Corse	EU-100		0	0	1		214
R	DIFM	TK035		1996-01-01		Ile de Forana	Iles de la Corse	EU-100		0	0	1		214
R	DIFM	TK036		1996-01-01		Ile de Farina	Iles de la Corse	EU-014		0	0	1		214
R	DIFM	TK037		1996-01-01		Ile San Ciprianu	Iles de la Corse	EU-164		0	0	1		214
R	DIFM	TK038		1996-01-01		Ile de la Cornuta	Iles de la Corse	EU-014		0	0	1		214
R	DIFM	TK039		1996-01-01		Ile de Roscana	Iles de la Corse	EU-014		0	0	1		214
R	DIFM	TK040		1996-01-01		Ile de Centuri	Iles de la Corse	EU-014		0	0	1		214
R	DIFM	TK041		1996-01-01		Iles du Capo Mursetta	Iles de la Corse	EU-014		0	0	1		214
R	DIFM	TK042		1996-01-01		Ile Piana (Ile Rousse)	Iles de la Corse	EU-014		0	0	1		214
R	DIFM	TK043		1996-01-01		Ile de Spano	Iles de la Corse	EU-014		0	0	1		214
R	DIFM	TK044		1996-01-01		Ile de Scuglietti	Iles de la Corse	EU-014		0	0	1		214
R	DIFM	TK045		1996-01-01		Ile de Pori	Iles de la Corse	EU-014		0	0	1		214
R	DIFM	TK046		1996-01-01		Ilot de Garganellu	Iles de la Corse	EU-014		0	0	1		214
R	DIFM	TK047		1996-01-01		Ilot Palazzu	Iles de la Corse	EU-014		0	0	1		214
R	DIFM	TK048		1996-01-01		Ilot Vardiola	Iles de la Corse	EU-014		0	0	1		214
R	DIFM	TK049		1996-01-01		Iles de Capigliolu	Iles de la Corse	EU-014		0	0	1		214
R	DIFM	TK050		1996-01-01		Scogliu Longu	Iles de la Corse	EU-014		0	0	1		214
R	DIFM	TK051		1996-01-01		Ile Baie de Figari	Iles de la Corse	EU-014		0	0	1		214
R	DIFM	TK052		1996-01-01		Ile Camaro Canto	Iles de la Corse	EU-014		0	0	1		214
R	DIFM	TK053		1996-01-01		Ilot Ziglione	Iles de la Corse	EU-014		0	0	1		214
R	DIFM	TK054		1996-01-01		Ile Pointe de Fautea	Iles de la Corse	EU-014		0	0	1		214
