# Referencias del diploma DXCC. Generado; no se edita a mano.
R	DXCC	1		1945-11-15		VE - Canada	NA			0	0	1		1
R	DXCC	10		1945-11-15		FT5Z - Amsterdam & St Paul Islands	AF			0	0	1		10
R	DXCC	100		1945-11-15		LU - Argentina	SA			0	0	1		100
R	DXCC	101		1945-11-15		CR8 - Goa	AS			0	0	0		101
R	DXCC	102		1945-11-15		ZD4 - Gold Coast, Togoland	AF			0	0	0		102
R	DXCC	103		1945-11-15		KH2 - Guam	OC			0	0	1		103
R	DXCC	104		1945-11-15		CP - Bolivia	SA			0	0	1		104
R	DXCC	105		1945-11-15		KG4 - Guantanamo Bay	NA			0	0	1		105
R	DXCC	106		1945-11-15		GU - Guernsey	EU			0	0	1		106
R	DXCC	107		1945-11-15		3XA - Guinea	AF			0	0	1		107
R	DXCC	108		1945-11-15		PY - Brazil	SA			0	0	1		108
R	DXCC	109		1945-11-15		J5 - Guinea-Bissau	AF			0	0	1		109
R	DXCC	11		1945-11-15		VU4 - Andaman & Nicobar Is.	AS			0	0	1		11
R	DXCC	110		1945-11-15		KH6 - Hawaii	OC			0	0	1		110
R	DXCC	111		1945-11-15		VK0 - Heard I.	AF			0	0	1		111
R	DXCC	112		1945-11-15		CE - Chile	SA			0	0	1		112
R	DXCC	113		1945-11-15		EA9 - Ifni	AF			0	0	0		113
R	DXCC	114		1945-11-15		GD - Isle of Man	EU			0	0	1		114
R	DXCC	115		1945-11-15		I5 - Italian Somaliland	AF			0	0	0		115
R	DXCC	116		1945-11-15		HK - Colombia	SA			0	0	1		116
R	DXCC	117		1945-11-15		4U1ITU - ITU HQ	EU			0	0	1		117
R	DXCC	118		1945-11-15		JX - Jan Mayen	EU			0	0	1		118
R	DXCC	119		1945-11-15		PK1 - Java	OC			0	0	0		119
R	DXCC	12		1945-11-15		VP2E - Anguilla	NA			0	0	1		12
R	DXCC	120		1945-11-15		HC - Ecuador	SA			0	0	1		120
R	DXCC	122		1945-11-15		GJ - Jersey	EU			0	0	1		122
R	DXCC	123		1945-11-15		KH3 - Johnston I.	OC			0	0	1		123
R	DXCC	124		1945-11-15		FR/J - Juan de Nova, Europa	AF			0	0	1		124
R	DXCC	125		1945-11-15		CE0Z - Juan Fernandez Is.	SA			0	0	1		125
R	DXCC	126		1945-11-15		UA2 - Kaliningrad	EU			0	0	1		126
R	DXCC	127		1945-11-15		VS9K - Kamaran Is.	AS			0	0	0		127
R	DXCC	128		1945-11-15		UN1 - Karelo-Finnish Republic	EU			0	0	0		128
R	DXCC	129		1945-11-15		8R - Guyana	SA			0	0	1		129
R	DXCC	13		1945-11-15		CE9, KC4 - Antarctica	AN			0	0	1		13
R	DXCC	130		1945-11-15		UN - Kazakhstan	AS			0	0	1		130
R	DXCC	131		1945-11-15		FT5X - Kerguelen Is.	AF			0	0	1		131
R	DXCC	132		1945-11-15		ZP - Paraguay	SA			0	0	1		132
R	DXCC	133		1945-11-15		ZL8 - Kermadec Is.	OC			0	0	1		133
R	DXCC	134		1945-11-15		KH5K - Kingman Reef	OC			0	0	0		134
R	DXCC	135		1945-11-15		EX - Kyrgyzstan	AS			0	0	1		135
R	DXCC	136		1945-11-15		OA - Peru	SA			0	0	1		136
R	DXCC	137		1945-11-15		HL, DS - Republic of Korea	AS			0	0	1		137
R	DXCC	138		1945-11-15		KH7K - Kure I.	OC			0	0	1		138
R	DXCC	139		1945-11-15		VS9H - Kuria Muria I.	AS			0	0	0		139
R	DXCC	14		1945-11-15		EK - Armenia	AS			0	0	1		14
R	DXCC	140		1945-11-15		PZ - Suriname	SA			0	0	1		140
R	DXCC	141		1945-11-15		VP8 - Falkland Is.	SA			0	0	1		141
R	DXCC	142		1945-11-15		VU7 - Lakshadweep Is.	AS			0	0	1		142
R	DXCC	143		1945-11-15		XW - Laos	AS			0	0	1		143
R	DXCC	144		1945-11-15		CX - Uruguay	SA			0	0	1		144
R	DXCC	145		1945-11-15		YL - Latvia	EU			0	0	1		145
R	DXCC	146		1945-11-15		LY - Lithuania	EU			0	0	1		146
R	DXCC	147		1945-11-15		VK9L - Lord Howe I.	OC			0	0	1		147
R	DXCC	148		1945-11-15		YV - Venezuela	SA			0	0	1		148
R	DXCC	149		1945-11-15		CU - Azores	EU			0	0	1		149
R	DXCC	15		1945-11-15		UA9, UA0 - Asiatic Russia	AS			0	0	1		15
R	DXCC	150		1945-11-15		VK - Australia	OC			0	0	1		150
R	DXCC	151		1945-11-15		R1M - Malyj Vysotskij I.	EU			0	0	0		151
R	DXCC	152		1945-11-15		XX9 - Macao	AS			0	0	1		152
R	DXCC	153		1945-11-15		VK0 - Macquarie I.	OC			0	0	1		153
R	DXCC	154		1945-11-15		4W - Yemen Arab Republic	AS			0	0	0		154
R	DXCC	155		1945-11-15		VS2, 9M2 - Malaya	AS			0	0	0		155
R	DXCC	157		1945-11-15		C2 - Nauru	OC			0	0	1		157
R	DXCC	158		1945-11-15		YJ - Vanuatu	OC			0	0	1		158
R	DXCC	159		1945-11-15		8Q - Maldives	AS,AF			0	0	1		159
R	DXCC	16		1945-11-15		ZL9 - New Zealand Subantarctic Islands	OC			0	0	1		16
R	DXCC	160		1945-11-15		A3 - Tonga	OC			0	0	1		160
R	DXCC	161		1945-11-15		HK0 - Malpelo I.	SA			0	0	1		161
R	DXCC	162		1945-11-15		FK - New Caledonia	OC			0	0	1		162
R	DXCC	163		1945-11-15		P2 - Papua New Guinea	OC			0	0	1		163
R	DXCC	164		1945-11-15		C9 - Manchuria	AS			0	0	0		164
R	DXCC	165		1945-11-15		3B8 - Mauritius	AF			0	0	1		165
R	DXCC	166		1945-11-15		KH0 - Mariana Is.	OC			0	0	1		166
R	DXCC	167		1945-11-15		OH0M - Market Reef	EU			0	0	1		167
R	DXCC	168		1945-11-15		V7 - Marshall Is.	OC			0	0	1		168
R	DXCC	169		1945-11-15		FH - Mayotte	AF			0	0	1		169
R	DXCC	17		1945-11-15		YV0 - Aves I.	NA			0	0	1		17
R	DXCC	170		1945-11-15		ZL - New Zealand	OC			0	0	1		170
R	DXCC	171		1945-11-15		VK9M - Mellish Reef	OC			0	0	1		171
R	DXCC	172		1945-11-15		VP6 - Pitcairn I.	OC			0	0	1		172
R	DXCC	173		1945-11-15		V6 - Micronesia	OC			0	0	1		173
R	DXCC	174		1945-11-15		KH4 - Midway I.	OC			0	0	1		174
R	DXCC	175		1945-11-15		FO - French Polynesia	OC			0	0	1		175
R	DXCC	176		1945-11-15		3D2 - Fiji	OC			0	0	1		176
R	DXCC	177		1945-11-15		JD1 - Minami Torishima	OC			0	0	1		177
R	DXCC	178		1945-11-15		1M - Minerva Reef	OC			0	0	0		178
R	DXCC	179		1945-11-15		ER - Moldova	EU			0	0	1		179
R	DXCC	18		1945-11-15		4J - Azerbaijan	AS			0	0	1		18
R	DXCC	180		1945-11-15		SV/A - Mount Athos	EU			0	0	1		180
R	DXCC	181		1945-11-15		C9 - Mozambique	AF			0	0	1		181
R	DXCC	182		1945-11-15		KP1 - Navassa I.	NA			0	0	1		182
R	DXCC	183		1945-11-15		PK5 - Netherlands Borneo	OC			0	0	0		183
R	DXCC	184		1945-11-15		JZ0 - Netherlands New Guinea	OC			0	0	0		184
R	DXCC	185		1945-11-15		H4 - Solomon Is.	OC			0	0	1		185
R	DXCC	186		1945-11-15		VO - Newfoundland, Labrador	NA			0	0	0		186
R	DXCC	187		1945-11-15		5U - Niger	AF			0	0	1		187
R	DXCC	188		1945-11-15		E6 - Niue	OC			0	0	1		188
R	DXCC	189		1945-11-15		VK9N - Norfolk I.	OC			0	0	1		189
R	DXCC	19		1945-11-15		HK0 - Bajo Nuevo	NA			0	0	0		19
R	DXCC	190		1945-11-15		5W - Samoa	OC			0	0	1		190
R	DXCC	191		1945-11-15		E5 - North Cook Is.	OC			0	0	1		191
R	DXCC	192		1945-11-15		JD1 - Ogasawara	AS			0	0	1		192
R	DXCC	193		1945-11-15		KR6, JR6, KA6 - Okinawa (Ryukyu Is.)	AS			0	0	0		193
R	DXCC	194		1945-11-15		7J1 - Okino Tori-shima	AS			0	0	0		194
R	DXCC	195		1945-11-15		3C0 - Annobon I.	AF			0	0	1		195
R	DXCC	196		1945-11-15		E4 - Palestine	AS			0	0	0		196
R	DXCC	197		1945-11-15		KH5 - Palmyra & Jarvis Is.	OC			0	0	1		197
R	DXCC	198		1945-11-15		P2, VK9 - Papua Territory	OC			0	0	0		198
R	DXCC	199		1945-11-15		3Y - Peter 1 I.	AN			0	0	1		199
R	DXCC	2		1945-11-15		Abu Ail Is.	AS			0	0	0		2
R	DXCC	20		1945-11-15		KH1 - Baker & Howland Is.	OC			0	0	1		20
R	DXCC	200		1945-11-15		CR8 - Portuguese Timor	OC			0	0	0		200
R	DXCC	201		1945-11-15		ZS8 - Prince Edward & Marion Is.	AF			0	0	1		201
R	DXCC	202		1945-11-15		KP3, KP4 - Puerto Rico	NA			0	0	1		202
R	DXCC	203		1945-11-15		C31 - Andorra	EU			0	0	1		203
R	DXCC	204		1945-11-15		XF4 - Revillagigedo	NA			0	0	1		204
R	DXCC	205		1945-11-15		ZD8 - Ascension I.	AF			0	0	1		205
R	DXCC	206		1945-11-15		OE - Austria	EU			0	0	1		206
R	DXCC	207		1945-11-15		3B9 - Rodrigues I.	AF			0	0	1		207
R	DXCC	208		1945-11-15		9U5 - Ruanda-Urundi	AF			0	0	0		208
R	DXCC	209		1945-11-15		ON - Belgium	EU			0	0	1		209
R	DXCC	21		1945-11-15		EA6 - Balearic Is.	EU			0	0	1		21
R	DXCC	210		1945-11-15		9S4 - Saar	EU			0	0	0		210
R	DXCC	211		1945-11-15		CY0 - Sable I.	NA			0	0	1		211
R	DXCC	212		1945-11-15		LZ - Bulgaria	EU			0	0	1		212
R	DXCC	213		1945-11-15		FS - Saint Martin	NA			0	0	1		213
R	DXCC	214		1945-11-15		TK - Corsica	EU			0	0	1		214
R	DXCC	215		1945-11-15		5B - Cyprus	AS			0	0	1		215
R	DXCC	216		1945-11-15		HK0 - San Andres & Providencia	NA			0	0	1		216
R	DXCC	217		1945-11-15		CE0X - San Felix & San Ambrosio	SA			0	0	1		217
R	DXCC	218		1945-11-15		OK, OL - Czechoslovakia	EU			0	0	0		218
R	DXCC	219		1945-11-15		S9 - Sao Tome & Principe	AF			0	0	1		219
R	DXCC	22		1945-11-15		T8 - Palau	OC			0	0	1		22
R	DXCC	220		1945-11-15		VS4 - Sarawak	OC			0	0	0		220
R	DXCC	221		1945-11-15		OZ - Denmark	EU			0	0	1		221
R	DXCC	222		1945-11-15		OY - Faroe Is.	EU			0	0	1		222
R	DXCC	223		1945-11-15		G, M - England	EU			0	0	1		223
R	DXCC	224		1945-11-15		OH - Finland	EU			0	0	1		224
R	DXCC	225		1945-11-15		IS0, IM0 - Sardinia	EU			0	0	1		225
R	DXCC	226		1945-11-15		8Z4 - Saudi Arabia/Iraq Neutral Zone	AS			0	0	0		226
R	DXCC	227		1945-11-15		F - France	EU			0	0	1		227
R	DXCC	228		1945-11-15		HK0 - Serrana Bank & Roncador Cay	NA			0	0	0		228
R	DXCC	229		1945-11-15		DM, Y - German Democratic Republic	EU			0	0	0		229
R	DXCC	23		1945-11-15		Blenheim Reef	AF			0	0	0		23
R	DXCC	230		1945-11-15		DL - Federal Republic of Germany	EU			0	0	1		230
R	DXCC	231		1945-11-15		AC3 - Sikkim	AS			0	0	0		231
R	DXCC	232		1945-11-15		T5 - Somalia	AF			0	0	1		232
R	DXCC	233		1945-11-15		ZB2 - Gibraltar	EU			0	0	1		233
R	DXCC	234		1945-11-15		E5 - South Cook Is.	OC			0	0	1		234
R	DXCC	235		1945-11-15		VP8 - South Georgia I.	SA			0	0	1		235
R	DXCC	236		1945-11-15		SV - Greece	EU			0	0	1		236
R	DXCC	237		1945-11-15		OX - Greenland	NA			0	0	1		237
R	DXCC	238		1945-11-15		VP8 - South Orkney Is.	SA			0	0	1		238
R	DXCC	239		1945-11-15		HA - Hungary	EU			0	0	1		239
R	DXCC	24		1945-11-15		3Y - Bouvet	AF			0	0	1		24
R	DXCC	240		1945-11-15		VP8 - South Sandwich Is.	SA			0	0	1		240
R	DXCC	241		1945-11-15		VP8 - South Shetland Is.	SA			0	0	1		241
R	DXCC	242		1945-11-15		TF - Iceland	EU			0	0	1		242
R	DXCC	243		1945-11-15		VS9A - People's Democratic Rep. of Yemen	AS			0	0	0		243
R	DXCC	244		1945-11-15		ST - Southern Sudan	AF			0	0	0		244
R	DXCC	245		1945-11-15		EI - Ireland	EU			0	0	1		245
R	DXCC	246		1945-11-15		1A0KM - Sovereign Military Order of Malta	EU			0	0	1		246
R	DXCC	247		1945-11-15		Spratly Is.	AS			0	0	1		247
R	DXCC	248		1945-11-15		I - Italy	EU			0	0	1		248
R	DXCC	249		1945-11-15		V4 - St. Kitts & Nevis	NA			0	0	1		249
R	DXCC	25		1945-11-15		ZC5 - British North Borneo	OC			0	0	0		25
R	DXCC	250		1945-11-15		ZD7 - St. Helena	AF			0	0	1		250
R	DXCC	251		1945-11-15		HB0 - Liechtenstein	EU			0	0	1		251
R	DXCC	252		1945-11-15		CY9 - St. Paul I.	NA			0	0	1		252
R	DXCC	253		1945-11-15		PY0S - St. Peter & St. Paul Rocks	SA			0	0	1		253
R	DXCC	254		1945-11-15		LX - Luxembourg	EU			0	0	1		254
R	DXCC	255		1945-11-15		PJ7, PJ8 - St. Maarten, Saba, St. Eustatius	NA			0	0	0		255
R	DXCC	256		1945-11-15		CT3 - Madeira Is.	AF			0	0	1		256
R	DXCC	257		1945-11-15		9H - Malta	EU			0	0	1		257
R	DXCC	258		1945-11-15		PK4 - Sumatra	OC			0	0	0		258
R	DXCC	259		1945-11-15		JW - Svalbard	EU			0	0	1		259
R	DXCC	26		1945-11-15		VQ6 - British Somaliland	AF			0	0	0		26
R	DXCC	260		1945-11-15		3A - Monaco	EU			0	0	1		260
R	DXCC	261		1945-11-15		KS4 - Swan Is.	NA			0	0	0		261
R	DXCC	262		1945-11-15		EY - Tajikistan	AS			0	0	1		262
R	DXCC	263		1945-11-15		PA - Netherlands	EU			0	0	1		263
R	DXCC	264		1945-11-15		CN2 - Tangier	AF			0	0	0		264
R	DXCC	265		1945-11-15		GI - Northern Ireland	EU			0	0	1		265
R	DXCC	266		1945-11-15		LA - Norway	EU			0	0	1		266
R	DXCC	267		1945-11-15		P2, VK9 - Territory of New Guinea	OC			0	0	0		267
R	DXCC	268		1945-11-15		AC4 - Tibet	AS			0	0	0		268
R	DXCC	269		1945-11-15		SP - Poland	EU			0	0	1		269
R	DXCC	27		1945-11-15		EU - Belarus	EU			0	0	1		27
R	DXCC	270		1945-11-15		ZK3 - Tokelau Is.	OC			0	0	1		270
R	DXCC	271		1945-11-15		I1 - Trieste	EU			0	0	0		271
R	DXCC	272		1945-11-15		CT - Portugal	EU			0	0	1		272
R	DXCC	273		1945-11-15		PY0T - Trindade & Martim Vaz Is.	SA			0	0	1		273
R	DXCC	274		1945-11-15		ZD9 - Tristan da Cunha & Gough I.	AF			0	0	1		274
R	DXCC	275		1945-11-15		YO - Romania	EU			0	0	1		275
R	DXCC	276		1945-11-15		FR/T - Tromelin I.	AF			0	0	1		276
R	DXCC	277		1945-11-15		FP - St. Pierre & Miquelon	NA			0	0	1		277
R	DXCC	278		1945-11-15		T7 - San Marino	EU			0	0	1		278
R	DXCC	279		1945-11-15		GM, MM - Scotland	EU			0	0	1		279
R	DXCC	28		1945-11-15		KZ5 - Canal Zone	NA			0	0	0		28
R	DXCC	280		1945-11-15		EZ - Turkmenistan	AS			0	0	1		280
R	DXCC	281		1945-11-15		EA - Spain	EU			0	0	1		281
R	DXCC	282		1945-11-15		T2 - Tuvalu	OC			0	0	1		282
R	DXCC	283		1945-11-15		ZC4 - UK Sovereign Base Areas on Cyprus	AS			0	0	1		283
R	DXCC	284		1945-11-15		SM - Sweden	EU			0	0	1		284
R	DXCC	285		1945-11-15		KP2 - Virgin Is.	NA			0	0	1		285
R	DXCC	286		1945-11-15		5X - Uganda	AF			0	0	1		286
R	DXCC	287		1945-11-15		HB - Switzerland	EU			0	0	1		287
R	DXCC	288		1945-11-15		UT - Ukraine	EU			0	0	1		288
R	DXCC	289		1945-11-15		4U1UN - United Nations HQ	NA			0	0	1		289
R	DXCC	29		1945-11-15		EA8 - Canary Is.	AF			0	0	1		29
R	DXCC	291		1945-11-15		K, W - United States of America	NA			0	0	1		291
R	DXCC	292		1945-11-15		UJ - Uzbekistan	AS			0	0	1		292
R	DXCC	293		1945-11-15		3W, XV - Viet Nam	AS			0	0	1		293
R	DXCC	294		1945-11-15		GW, MW - Wales	EU			0	0	1		294
R	DXCC	295		1945-11-15		HV - Vatican	EU			0	0	1		295
R	DXCC	296		1945-11-15		YU - Serbia	EU			0	0	1		296
R	DXCC	297		1945-11-15		KH9 - Wake I.	OC			0	0	1		297
R	DXCC	298		1945-11-15		FW - Wallis & Futuna Is.	OC			0	0	1		298
R	DXCC	299		1945-11-15		9M2 - West Malaysia	AS			0	0	1		299
R	DXCC	3		1945-11-15		YA - Afghanistan	AS			0	0	1		3
R	DXCC	30		1945-11-15		PK6 - Celebes & Molucca Is.	OC			0	0	0		30
R	DXCC	301		1945-11-15		T30 - W. Kiribati (Gilbert Is. )	OC			0	0	1		301
R	DXCC	302		1945-11-15		S0 - Western Sahara	AF			0	0	1		302
R	DXCC	303		1945-11-15		VK9W - Willis I.	OC			0	0	1		303
R	DXCC	304		1945-11-15		A9 - Bahrain	AS			0	0	1		304
R	DXCC	305		1945-11-15		S2 - Bangladesh	AS			0	0	1		305
R	DXCC	306		1945-11-15		A5 - Bhutan	AS			0	0	1		306
R	DXCC	307		1945-11-15		VQ1 - Zanzibar	AF			0	0	0		307
R	DXCC	308		1945-11-15		TI - Costa Rica	NA			0	0	1		308
R	DXCC	309		1945-11-15		XZ - Myanmar	AS			0	0	1		309
R	DXCC	31		1945-11-15		T31 - C. Kiribati (British Phoenix Is.)	OC			0	0	1		31
R	DXCC	312		1945-11-15		XU - Cambodia	AS			0	0	1		312
R	DXCC	315		1945-11-15		4S - Sri Lanka	AS			0	0	1		315
R	DXCC	318		1945-11-15		BY - China	AS			0	0	1		318
R	DXCC	32		1945-11-15		EA9 - Ceuta & Melilla	AF			0	0	1		32
R	DXCC	321		1945-11-15		VR - Hong Kong	AS			0	0	1		321
R	DXCC	324		1945-11-15		VU - India	AS			0	0	1		324
R	DXCC	327		1945-11-15		YB - Indonesia	OC			0	0	1		327
R	DXCC	33		1945-11-15		VQ9 - Chagos Is.	AF			0	0	1		33
R	DXCC	330		1945-11-15		EP - Iran	AS			0	0	1		330
R	DXCC	333		1945-11-15		YI - Iraq	AS			0	0	1		333
R	DXCC	336		1945-11-15		4X - Israel	AS			0	0	1		336
R	DXCC	339		1945-11-15		JA - Japan	AS			0	0	1		339
R	DXCC	34		1945-11-15		ZL7 - Chatham Is.	OC			0	0	1		34
R	DXCC	342		1945-11-15		JY - Jordan	AS			0	0	1		342
R	DXCC	344		1945-11-15		P5, HM - Democratic People's Rep. of Korea	AS			0	0	1		344
R	DXCC	345		1945-11-15		V8 - Brunei Darussalam	OC			0	0	1		345
R	DXCC	348		1945-11-15		9K - Kuwait	AS			0	0	1		348
R	DXCC	35		1945-11-15		VK9X - Christmas I.	OC			0	0	1		35
R	DXCC	354		1945-11-15		OD - Lebanon	AS			0	0	1		354
R	DXCC	36		1945-11-15		FO0 - Clipperton I.	NA			0	0	1		36
R	DXCC	363		1945-11-15		JT - Mongolia	AS			0	0	1		363
R	DXCC	369		1945-11-15		9N - Nepal	AS			0	0	1		369
R	DXCC	37		1945-11-15		TI9 - Cocos I.	NA			0	0	1		37
R	DXCC	370		1945-11-15		A4 - Oman	AS			0	0	1		370
R	DXCC	372		1945-11-15		AP - Pakistan	AS			0	0	1		372
R	DXCC	375		1945-11-15		DU - Philippines	OC			0	0	1		375
R	DXCC	376		1945-11-15		A7 - Qatar	AS			0	0	1		376
R	DXCC	378		1945-11-15		HZ - Saudi Arabia	AS			0	0	1		378
R	DXCC	379		1945-11-15		S7 - Seychelles	AF			0	0	1		379
R	DXCC	38		1945-11-15		VK9C - Cocos (Keeling) Is.	OC			0	0	1		38
R	DXCC	381		1945-11-15		9V - Singapore	AS			0	0	1		381
R	DXCC	382		1945-11-15		J2 - Djibouti	AF			0	0	1		382
R	DXCC	384		1945-11-15		YK - Syria	AS			0	0	1		384
R	DXCC	386		1945-11-15		BV - Taiwan	AS			0	0	1		386
R	DXCC	387		1945-11-15		HS - Thailand	AS			0	0	1		387
R	DXCC	39		1945-11-15		D6 - Comoros	AF			0	0	0		39
R	DXCC	390		1945-11-15		TA - Turkey	EU			0	0	1		390
R	DXCC	391		1945-11-15		A6 - United Arab Emirates	AS			0	0	1		391
R	DXCC	4		1945-11-15		3B7 - Agalega & St. Brandon Is.	AF			0	0	1		4
R	DXCC	40		1945-11-15		SV9 - Crete	EU			0	0	1		40
R	DXCC	400		1945-11-15		7X - Algeria	AF			0	0	1		400
R	DXCC	401		1945-11-15		D2 - Angola	AF			0	0	1		401
R	DXCC	402		1945-11-15		A2 - Botswana	AF			0	0	1		402
R	DXCC	404		1945-11-15		9U - Burundi	AF			0	0	1		404
R	DXCC	406		1945-11-15		TJ - Cameroon	AF			0	0	1		406
R	DXCC	408		1945-11-15		TL - Central Africa	AF			0	0	1		408
R	DXCC	409		1945-11-15		D4 - Cape Verde	AF			0	0	1		409
R	DXCC	41		1945-11-15		FT5W - Crozet I.	AF			0	0	1		41
R	DXCC	410		1945-11-15		TT - Chad	AF			0	0	1		410
R	DXCC	411		1945-11-15		D6 - Comoros	AF			0	0	1		411
R	DXCC	412		1945-11-15		TN - Republic of the Congo	AF			0	0	1		412
R	DXCC	414		1945-11-15		9Q - Democratic Republic of the Congo	AF			0	0	1		414
R	DXCC	416		1945-11-15		TY - Benin	AF			0	0	1		416
R	DXCC	42		1945-11-15		CR8 - Damao, Diu	AS			0	0	0		42
R	DXCC	420		1945-11-15		TR - Gabon	AF			0	0	1		420
R	DXCC	422		1945-11-15		C5 - The Gambia	AF			0	0	1		422
R	DXCC	424		1945-11-15		9G - Ghana	AF			0	0	1		424
R	DXCC	428		1945-11-15		TU - Cote d'Ivoire	AF			0	0	1		428
R	DXCC	43		1945-11-15		KP5 - Desecheo I.	NA			0	0	1		43
R	DXCC	430		1945-11-15		5Z - Kenya	AF			0	0	1		430
R	DXCC	432		1945-11-15		7P - Lesotho	AF			0	0	1		432
R	DXCC	434		1945-11-15		EL - Liberia	AF			0	0	1		434
R	DXCC	436		1945-11-15		5A - Libya	AF			0	0	1		436
R	DXCC	438		1945-11-15		5R - Madagascar	AF			0	0	1		438
R	DXCC	44		1945-11-15		VQ9/D - Desroches	AF			0	0	0		44
R	DXCC	440		1945-11-15		7Q - Malawi	AF			0	0	1		440
R	DXCC	442		1945-11-15		TZ - Mali	AF			0	0	1		442
R	DXCC	444		1945-11-15		5T - Mauritania	AF			0	0	1		444
R	DXCC	446		1945-11-15		CN - Morocco	AF			0	0	1		446
R	DXCC	45		1945-11-15		SV5 - Dodecanese	EU			0	0	1		45
R	DXCC	450		1945-11-15		5N - Nigeria	AF			0	0	1		450
R	DXCC	452		1945-11-15		Z2 - Zimbabwe	AF			0	0	1		452
R	DXCC	453		1945-11-15		FR - Reunion I.	AF			0	0	1		453
R	DXCC	454		1945-11-15		9X - Rwanda	AF			0	0	1		454
R	DXCC	456		1945-11-15		6W - Senegal	AF			0	0	1		456
R	DXCC	458		1945-11-15		9L - Sierra Leone	AF			0	0	1		458
R	DXCC	46		1945-11-15		9M6 - East Malaysia	OC			0	0	1		46
R	DXCC	460		1945-11-15		3D2 - Rotuma I.	OC			0	0	1		460
R	DXCC	462		1945-11-15		ZS - South Africa	AF			0	0	1		462
R	DXCC	464		1945-11-15		V5 - Namibia	AF			0	0	1		464
R	DXCC	466		1945-11-15		ST - Sudan	AF			0	0	1		466
R	DXCC	468		1945-11-15		3DA - Kingdom of eSwatini	AF			0	0	1		468
R	DXCC	47		1945-11-15		CE0Y - Easter I.	SA			0	0	1		47
R	DXCC	470		1945-11-15		5H - Tanzania	AF			0	0	1		470
R	DXCC	474		1945-11-15		3V - Tunisia	AF			0	0	1		474
R	DXCC	478		1945-11-15		SU - Egypt	AF			0	0	1		478
R	DXCC	48		1945-11-15		T32 - E. Kiribati (Line Is.)	OC			0	0	1		48
R	DXCC	480		1945-11-15		XT - Burkina Faso	AF			0	0	1		480
R	DXCC	482		1945-11-15		9J - Zambia	AF			0	0	1		482
R	DXCC	483		1945-11-15		5V - Togo	AF			0	0	1		483
R	DXCC	488		1945-11-15		ZS9 - Walvis Bay	AF			0	0	0		488
R	DXCC	489		1945-11-15		3D2 - Conway Reef	OC			0	0	1		489
R	DXCC	49		1945-11-15		3C - Equatorial Guinea	AF			0	0	1		49
R	DXCC	490		1945-11-15		T33 - Banaba I. (Ocean I.)	OC			0	0	1		490
R	DXCC	492		1945-11-15		7O - Yemen	AS			0	0	1		492
R	DXCC	493		1945-11-15		ZS0 - Penguin Is.	AF			0	0	0		493
R	DXCC	497		1945-11-15		9A - Croatia	EU			0	0	1		497
R	DXCC	499		1945-11-15		S5 - Slovenia	EU			0	0	1		499
R	DXCC	5		1945-11-15		OH0 - Aland Is.	EU			0	0	1		5
R	DXCC	50		1945-11-15		XE - Mexico	NA			0	0	1		50
R	DXCC	501		1945-11-15		E7 - Bosnia-Herzegovina	EU			0	0	1		501
R	DXCC	502		1945-11-15		Z3 - North Macedonia (Republic of)	EU			0	0	1		502
R	DXCC	503		1945-11-15		OK, OL - Czech Republic	EU			0	0	1		503
R	DXCC	504		1945-11-15		OM - Slovak Republic	EU			0	0	1		504
R	DXCC	505		1945-11-15		BV9P - Pratas I.	AS			0	0	1		505
R	DXCC	506		1945-11-15		BS7H - Scarborough Reef	AS			0	0	1		506
R	DXCC	507		1945-11-15		H40 - Temotu Province	OC			0	0	1		507
R	DXCC	508		1945-11-15		FO - Austral I.	OC			0	0	1		508
R	DXCC	509		1945-11-15		FO - Marquesas Is.	OC			0	0	1		509
R	DXCC	51		1945-11-15		E3 - Eritrea	AF			0	0	1		51
R	DXCC	510		1945-11-15		E4 - Palestine	AS			0	0	1		510
R	DXCC	511		1945-11-15		4W - Timor-Leste	OC			0	0	1		511
R	DXCC	512		1945-11-15		FK/C - Chesterfield Is.	OC			0	0	1		512
R	DXCC	513		1945-11-15		VP6 - Ducie I.	OC			0	0	1		513
R	DXCC	514		1945-11-15		4O - Montenegro	EU			0	0	1		514
R	DXCC	515		1945-11-15		KH8 - Swains I.	OC			0	0	1		515
R	DXCC	516		1945-11-15		FJ - Saint Barthelemy	NA			0	0	1		516
R	DXCC	517		1945-11-15		PJ2 - Curacao	SA			0	0	1		517
R	DXCC	518		1945-11-15		PJ7 - Sint Maarten	NA			0	0	1		518
R	DXCC	519		1945-11-15		PJ5, PJ6 - Saba & St. Eustatius	NA			0	0	1		519
R	DXCC	52		1945-11-15		ES - Estonia	EU			0	0	1		52
R	DXCC	520		1945-11-15		PJ4 - Bonaire	SA			0	0	1		520
R	DXCC	521		1945-11-15		Z8 - South Sudan (Republic of)	AF			0	0	1		521
R	DXCC	522		1945-11-15		Z6 - Republic of Kosovo	EU			0	0	1		522
R	DXCC	53		1945-11-15		ET - Ethiopia	AF			0	0	1		53
R	DXCC	54		1945-11-15		UA - European Russia	EU			0	0	1		54
R	DXCC	55		1945-11-15		VQ9/F - Farquhar	AF			0	0	0		55
R	DXCC	56		1945-11-15		PY0F - Fernando de Noronha	SA			0	0	1		56
R	DXCC	57		1945-11-15		FQ8 - French Equatorial Africa	AF			0	0	0		57
R	DXCC	58		1945-11-15		FI8 - French Indo-China	AS			0	0	0		58
R	DXCC	59		1945-11-15		FF - French West Africa	AF			0	0	0		59
R	DXCC	6		1945-11-15		KL7 - Alaska	NA			0	0	1		6
R	DXCC	60		1945-11-15		C6A - Bahamas	NA			0	0	1		60
R	DXCC	61		1945-11-15		R1F - Franz Josef Land	EU			0	0	1		61
R	DXCC	62		1945-11-15		8P - Barbados	NA			0	0	1		62
R	DXCC	63		1945-11-15		FY - French Guiana	SA			0	0	1		63
R	DXCC	64		1945-11-15		VP9 - Bermuda	NA			0	0	1		64
R	DXCC	65		1945-11-15		VP2V - British Virgin Is.	NA			0	0	1		65
R	DXCC	66		1945-11-15		V3 - Belize	NA			0	0	1		66
R	DXCC	67		1945-11-15		FN8 - French India	AS			0	0	0		67
R	DXCC	68		1945-11-15		8Z5 - Kuwait/Saudi Arabia Neutral Zone	AS			0	0	0		68
R	DXCC	69		1945-11-15		ZF - Cayman Is.	NA			0	0	1		69
R	DXCC	7		1945-11-15		ZA - Albania	EU			0	0	1		7
R	DXCC	70		1945-11-15		CO - Cuba	NA			0	0	1		70
R	DXCC	71		1945-11-15		HC8 - Galapagos Is.	SA			0	0	1		71
R	DXCC	72		1945-11-15		HI - Dominican Republic	NA			0	0	1		72
R	DXCC	74		1945-11-15		YS - El Salvador	NA			0	0	1		74
R	DXCC	75		1945-11-15		4L - Georgia	AS			0	0	1		75
R	DXCC	76		1945-11-15		TG - Guatemala	NA			0	0	1		76
R	DXCC	77		1945-11-15		J3 - Grenada	NA			0	0	1		77
R	DXCC	78		1945-11-15		HH - Haiti	NA			0	0	1		78
R	DXCC	79		1945-11-15		FG - Guadeloupe	NA			0	0	1		79
R	DXCC	8		1945-11-15		VQ9/A - Aldabra	AF			0	0	0		8
R	DXCC	80		1945-11-15		HR - Honduras	NA			0	0	1		80
R	DXCC	81		1945-11-15		DL - Germany	EU			0	0	0		81
R	DXCC	82		1945-11-15		6Y - Jamaica	NA			0	0	1		82
R	DXCC	84		1945-11-15		FM - Martinique	NA			0	0	1		84
R	DXCC	85		1945-11-15		PJ2/9 - Bonaire, Curacao	SA			0	0	0		85
R	DXCC	86		1945-11-15		YN - Nicaragua	NA			0	0	1		86
R	DXCC	88		1945-11-15		HP - Panama	NA			0	0	1		88
R	DXCC	89		1945-11-15		VP5 - Turks & Caicos Is.	NA			0	0	1		89
R	DXCC	9		1945-11-15		KH8 - American Samoa	OC			0	0	1		9
R	DXCC	90		1945-11-15		9Y - Trinidad & Tobago	SA			0	0	1		90
R	DXCC	91		1945-11-15		P4 - Aruba	SA			0	0	1		91
R	DXCC	93		1945-11-15		Geyser Reef	AF			0	0	0		93
R	DXCC	94		1945-11-15		V2 - Antigua & Barbuda	NA			0	0	1		94
R	DXCC	95		1945-11-15		J7 - Dominica	NA			0	0	1		95
R	DXCC	96		1945-11-15		VP2M - Montserrat	NA			0	0	1		96
R	DXCC	97		1945-11-15		J6 - St. Lucia	NA			0	0	1		97
R	DXCC	98		1945-11-15		J8 - St. Vincent	NA			0	0	1		98
R	DXCC	99		1945-11-15		FR/G - Glorioso Is.	AF			0	0	1		99
