# Referencias del diploma FFMA. Generado; no se edita a mano.
R	FFMA	CM79		1983-01-01		CM79			CM79	0	0	1		291
R	FFMA	CM86		1983-01-01		CM86			CM86	0	0	1		291
R	FFMA	CM87		1983-01-01		CM87			CM87	0	0	1		291
R	FFMA	CM88		1983-01-01		CM88			CM88	0	0	1		291
R	FFMA	CM89		1983-01-01		CM89			CM89	0	0	1		291
R	FFMA	CM93		1983-01-01		CM93			CM93	0	0	1		291
R	FFMA	CM94		1983-01-01		CM94			CM94	0	0	1		291
R	FFMA	CM95		1983-01-01		CM95			CM95	0	0	1		291
R	FFMA	CM96		1983-01-01		CM96			CM96	0	0	1		291
R	FFMA	CM97		1983-01-01		CM97			CM97	0	0	1		291
R	FFMA	CM98		1983-01-01		CM98			CM98	0	0	1		291
R	FFMA	CM99		1983-01-01		CM99			CM99	0	0	1		291
R	FFMA	CN70		1983-01-01		CN70			CN70	0	0	1		291
R	FFMA	CN71		1983-01-01		CN71			CN71	0	0	1		291
R	FFMA	CN72		1983-01-01		CN72			CN72	0	0	1		291
R	FFMA	CN73		1983-01-01		CN73			CN73	0	0	1		291
R	FFMA	CN74		1983-01-01		CN74			CN74	0	0	1		291
R	FFMA	CN75		1983-01-01		CN75			CN75	0	0	1		291
R	FFMA	CN76		1983-01-01		CN76			CN76	0	0	1		291
R	FFMA	CN77		1983-01-01		CN77			CN77	0	0	1		291
R	FFMA	CN78		1983-01-01		CN78			CN78	0	0	1		1,291
R	FFMA	CN80		1983-01-01		CN80			CN80	0	0	1		291
R	FFMA	CN81		1983-01-01		CN81			CN81	0	0	1		291
R	FFMA	CN82		1983-01-01		CN82			CN82	0	0	1		291
R	FFMA	CN83		1983-01-01		CN83			CN83	0	0	1		291
R	FFMA	CN84		1983-01-01		CN84			CN84	0	0	1		291
R	FFMA	CN85		1983-01-01		CN85			CN85	0	0	1		291
R	FFMA	CN86		1983-01-01		CN86			CN86	0	0	1		291
R	FFMA	CN87		1983-01-01		CN87			CN87	0	0	1		291
R	FFMA	CN88		1983-01-01		CN88			CN88	0	0	1		1,291
R	FFMA	CN90		1983-01-01		CN90			CN90	0	0	1		291
R	FFMA	CN91		1983-01-01		CN91			CN91	0	0	1		291
R	FFMA	CN92		1983-01-01		CN92			CN92	0	0	1		291
R	FFMA	CN93		1983-01-01		CN93			CN93	0	0	1		291
R	FFMA	CN94		1983-01-01		CN94			CN94	0	0	1		291
R	FFMA	CN95		1983-01-01		CN95			CN95	0	0	1		291
R	FFMA	CN96		1983-01-01		CN96			CN96	0	0	1		291
R	FFMA	CN97		1983-01-01		CN97			CN97	0	0	1		291
R	FFMA	CN98		1983-01-01		CN98			CN98	0	0	1		291
R	FFMA	DL79		1983-01-01		DL79			DL79	0	0	1		291
R	FFMA	DL88		1983-01-01		DL88			DL88	0	0	1		50,291
R	FFMA	DL89		1983-01-01		DL89			DL89	0	0	1		291
R	FFMA	DL98		1983-01-01		DL98			DL98	0	0	1		50,291
R	FFMA	DL99		1983-01-01		DL99			DL99	0	0	1		291
R	FFMA	DM02		1983-01-01		DM02			DM02	0	0	1		291
R	FFMA	DM03		1983-01-01		DM03			DM03	0	0	1		291
R	FFMA	DM04		1983-01-01		DM04			DM04	0	0	1		291
R	FFMA	DM05		1983-01-01		DM05			DM05	0	0	1		291
R	FFMA	DM06		1983-01-01		DM06			DM06	0	0	1		291
R	FFMA	DM07		1983-01-01		DM07			DM07	0	0	1		291
R	FFMA	DM08		1983-01-01		DM08			DM08	0	0	1		291
R	FFMA	DM09		1983-01-01		DM09			DM09	0	0	1		291
R	FFMA	DM12		1983-01-01		DM12			DM12	0	0	1		50,291
R	FFMA	DM13		1983-01-01		DM13			DM13	0	0	1		291
R	FFMA	DM14		1983-01-01		DM14			DM14	0	0	1		291
R	FFMA	DM15		1983-01-01		DM15			DM15	0	0	1		291
R	FFMA	DM16		1983-01-01		DM16			DM16	0	0	1		291
R	FFMA	DM17		1983-01-01		DM17			DM17	0	0	1		291
R	FFMA	DM18		1983-01-01		DM18			DM18	0	0	1		291
R	FFMA	DM19		1983-01-01		DM19			DM19	0	0	1		291
R	FFMA	DM22		1983-01-01		DM22			DM22	0	0	1		50,291
R	FFMA	DM23		1983-01-01		DM23			DM23	0	0	1		291
R	FFMA	DM24		1983-01-01		DM24			DM24	0	0	1		291
R	FFMA	DM25		1983-01-01		DM25			DM25	0	0	1		291
R	FFMA	DM26		1983-01-01		DM26			DM26	0	0	1		291
R	FFMA	DM27		1983-01-01		DM27			DM27	0	0	1		291
R	FFMA	DM28		1983-01-01		DM28			DM28	0	0	1		291
R	FFMA	DM29		1983-01-01		DM29			DM29	0	0	1		291
R	FFMA	DM31		1983-01-01		DM31			DM31	0	0	1		50,291
R	FFMA	DM32		1983-01-01		DM32			DM32	0	0	1		291
R	FFMA	DM33		1983-01-01		DM33			DM33	0	0	1		291
R	FFMA	DM34		1983-01-01		DM34			DM34	0	0	1		291
R	FFMA	DM35		1983-01-01		DM35			DM35	0	0	1		291
R	FFMA	DM36		1983-01-01		DM36			DM36	0	0	1		291
R	FFMA	DM37		1983-01-01		DM37			DM37	0	0	1		291
R	FFMA	DM38		1983-01-01		DM38			DM38	0	0	1		291
R	FFMA	DM39		1983-01-01		DM39			DM39	0	0	1		291
R	FFMA	DM41		1983-01-01		DM41			DM41	0	0	1		50,291
R	FFMA	DM42		1983-01-01		DM42			DM42	0	0	1		291
R	FFMA	DM43		1983-01-01		DM43			DM43	0	0	1		291
R	FFMA	DM44		1983-01-01		DM44			DM44	0	0	1		291
R	FFMA	DM45		1983-01-01		DM45			DM45	0	0	1		291
R	FFMA	DM46		1983-01-01		DM46			DM46	0	0	1		291
R	FFMA	DM47		1983-01-01		DM47			DM47	0	0	1		291
R	FFMA	DM48		1983-01-01		DM48			DM48	0	0	1		291
R	FFMA	DM49		1983-01-01		DM49			DM49	0	0	1		291
R	FFMA	DM51		1983-01-01		DM51			DM51	0	0	1		50,291
R	FFMA	DM52		1983-01-01		DM52			DM52	0	0	1		291
R	FFMA	DM53		1983-01-01		DM53			DM53	0	0	1		291
R	FFMA	DM54		1983-01-01		DM54			DM54	0	0	1		291
R	FFMA	DM55		1983-01-01		DM55			DM55	0	0	1		291
R	FFMA	DM56		1983-01-01		DM56			DM56	0	0	1		291
R	FFMA	DM57		1983-01-01		DM57			DM57	0	0	1		291
R	FFMA	DM58		1983-01-01		DM58			DM58	0	0	1		291
R	FFMA	DM59		1983-01-01		DM59			DM59	0	0	1		291
R	FFMA	DM61		1983-01-01		DM61			DM61	0	0	1		50,291
R	FFMA	DM62		1983-01-01		DM62			DM62	0	0	1		291
R	FFMA	DM63		1983-01-01		DM63			DM63	0	0	1		291
R	FFMA	DM64		1983-01-01		DM64			DM64	0	0	1		291
R	FFMA	DM65		1983-01-01		DM65			DM65	0	0	1		291
R	FFMA	DM66		1983-01-01		DM66			DM66	0	0	1		291
R	FFMA	DM67		1983-01-01		DM67			DM67	0	0	1		291
R	FFMA	DM68		1983-01-01		DM68			DM68	0	0	1		291
R	FFMA	DM69		1983-01-01		DM69			DM69	0	0	1		291
R	FFMA	DM70		1983-01-01		DM70			DM70	0	0	1		50,291
R	FFMA	DM71		1983-01-01		DM71			DM71	0	0	1		50,291
R	FFMA	DM72		1983-01-01		DM72			DM72	0	0	1		291
R	FFMA	DM73		1983-01-01		DM73			DM73	0	0	1		291
R	FFMA	DM74		1983-01-01		DM74			DM74	0	0	1		291
R	FFMA	DM75		1983-01-01		DM75			DM75	0	0	1		291
R	FFMA	DM76		1983-01-01		DM76			DM76	0	0	1		291
R	FFMA	DM77		1983-01-01		DM77			DM77	0	0	1		291
R	FFMA	DM78		1983-01-01		DM78			DM78	0	0	1		291
R	FFMA	DM79		1983-01-01		DM79			DM79	0	0	1		50,291
R	FFMA	DM80		1983-01-01		DM80			DM80	0	0	1		291
R	FFMA	DM81		1983-01-01		DM81			DM81	0	0	1		291
R	FFMA	DM82		1983-01-01		DM82			DM82	0	0	1		291
R	FFMA	DM83		1983-01-01		DM83			DM83	0	0	1		291
R	FFMA	DM84		1983-01-01		DM84			DM84	0	0	1		291
R	FFMA	DM85		1983-01-01		DM85			DM85	0	0	1		291
R	FFMA	DM86		1983-01-01		DM86			DM86	0	0	1		291
R	FFMA	DM87		1983-01-01		DM87			DM87	0	0	1		291
R	FFMA	DM88		1983-01-01		DM88			DM88	0	0	1		291
R	FFMA	DM89		1983-01-01		DM89			DM89	0	0	1		291
R	FFMA	DM90		1983-01-01		DM90			DM90	0	0	1		291
R	FFMA	DM91		1983-01-01		DM91			DM91	0	0	1		291
R	FFMA	DM92		1983-01-01		DM92			DM92	0	0	1		291
R	FFMA	DM93		1983-01-01		DM93			DM93	0	0	1		291
R	FFMA	DM94		1983-01-01		DM94			DM94	0	0	1		291
R	FFMA	DM95		1983-01-01		DM95			DM95	0	0	1		291
R	FFMA	DM96		1983-01-01		DM96			DM96	0	0	1		291
R	FFMA	DM97		1983-01-01		DM97			DM97	0	0	1		291
R	FFMA	DM98		1983-01-01		DM98			DM98	0	0	1		291
R	FFMA	DM99		1983-01-01		DM99			DM99	0	0	1		291
R	FFMA	DN00		1983-01-01		DN00			DN00	0	0	1		291
R	FFMA	DN01		1983-01-01		DN01			DN01	0	0	1		291
R	FFMA	DN02		1983-01-01		DN02			DN02	0	0	1		291
R	FFMA	DN03		1983-01-01		DN03			DN03	0	0	1		291
R	FFMA	DN04		1983-01-01		DN04			DN04	0	0	1		291
R	FFMA	DN05		1983-01-01		DN05			DN05	0	0	1		291
R	FFMA	DN06		1983-01-01		DN06			DN06	0	0	1		291
R	FFMA	DN07		1983-01-01		DN07			DN07	0	0	1		291
R	FFMA	DN08		1983-01-01		DN08			DN08	0	0	1		291
R	FFMA	DN10		1983-01-01		DN10			DN10	0	0	1		291
R	FFMA	DN11		1983-01-01		DN11			DN11	0	0	1		291
R	FFMA	DN12		1983-01-01		DN12			DN12	0	0	1		291
R	FFMA	DN13		1983-01-01		DN13			DN13	0	0	1		291
R	FFMA	DN14		1983-01-01		DN14			DN14	0	0	1		291
R	FFMA	DN15		1983-01-01		DN15			DN15	0	0	1		291
R	FFMA	DN16		1983-01-01		DN16			DN16	0	0	1		291
R	FFMA	DN17		1983-01-01		DN17			DN17	0	0	1		291
R	FFMA	DN18		1983-01-01		DN18			DN18	0	0	1		291
R	FFMA	DN20		1983-01-01		DN20			DN20	0	0	1		291
R	FFMA	DN21		1983-01-01		DN21			DN21	0	0	1		291
R	FFMA	DN22		1983-01-01		DN22			DN22	0	0	1		291
R	FFMA	DN23		1983-01-01		DN23			DN23	0	0	1		291
R	FFMA	DN24		1983-01-01		DN24			DN24	0	0	1		291
R	FFMA	DN25		1983-01-01		DN25			DN25	0	0	1		291
R	FFMA	DN26		1983-01-01		DN26			DN26	0	0	1		291
R	FFMA	DN27		1983-01-01		DN27			DN27	0	0	1		291
R	FFMA	DN28		1983-01-01		DN28			DN28	0	0	1		291
R	FFMA	DN30		1983-01-01		DN30			DN30	0	0	1		291
R	FFMA	DN31		1983-01-01		DN31			DN31	0	0	1		291
R	FFMA	DN32		1983-01-01		DN32			DN32	0	0	1		291
R	FFMA	DN33		1983-01-01		DN33			DN33	0	0	1		291
R	FFMA	DN34		1983-01-01		DN34			DN34	0	0	1		291
R	FFMA	DN35		1983-01-01		DN35			DN35	0	0	1		291
R	FFMA	DN36		1983-01-01		DN36			DN36	0	0	1		291
R	FFMA	DN37		1983-01-01		DN37			DN37	0	0	1		291
R	FFMA	DN38		1983-01-01		DN38			DN38	0	0	1		291
R	FFMA	DN40		1983-01-01		DN40			DN40	0	0	1		291
R	FFMA	DN41		1983-01-01		DN41			DN41	0	0	1		291
R	FFMA	DN42		1983-01-01		DN42			DN42	0	0	1		291
R	FFMA	DN43		1983-01-01		DN43			DN43	0	0	1		291
R	FFMA	DN44		1983-01-01		DN44			DN44	0	0	1		291
R	FFMA	DN45		1983-01-01		DN45			DN45	0	0	1		291
R	FFMA	DN46		1983-01-01		DN46			DN46	0	0	1		291
R	FFMA	DN47		1983-01-01		DN47			DN47	0	0	1		291
R	FFMA	DN48		1983-01-01		DN48			DN48	0	0	1		291
R	FFMA	DN50		1983-01-01		DN50			DN50	0	0	1		291
R	FFMA	DN51		1983-01-01		DN51			DN51	0	0	1		291
R	FFMA	DN52		1983-01-01		DN52			DN52	0	0	1		291
R	FFMA	DN53		1983-01-01		DN53			DN53	0	0	1		291
R	FFMA	DN54		1983-01-01		DN54			DN54	0	0	1		291
R	FFMA	DN55		1983-01-01		DN55			DN55	0	0	1		291
R	FFMA	DN56		1983-01-01		DN56			DN56	0	0	1		291
R	FFMA	DN57		1983-01-01		DN57			DN57	0	0	1		291
R	FFMA	DN58		1983-01-01		DN58			DN58	0	0	1		291
R	FFMA	DN60		1983-01-01		DN60			DN60	0	0	1		291
R	FFMA	DN61		1983-01-01		DN61			DN61	0	0	1		291
R	FFMA	DN62		1983-01-01		DN62			DN62	0	0	1		291
R	FFMA	DN63		1983-01-01		DN63			DN63	0	0	1		291
R	FFMA	DN64		1983-01-01		DN64			DN64	0	0	1		291
R	FFMA	DN65		1983-01-01		DN65			DN65	0	0	1		291
R	FFMA	DN66		1983-01-01		DN66			DN66	0	0	1		291
R	FFMA	DN67		1983-01-01		DN67			DN67	0	0	1		291
R	FFMA	DN68		1983-01-01		DN68			DN68	0	0	1		291
R	FFMA	DN70		1983-01-01		DN70			DN70	0	0	1		291
R	FFMA	DN71		1983-01-01		DN71			DN71	0	0	1		291
R	FFMA	DN72		1983-01-01		DN72			DN72	0	0	1		291
R	FFMA	DN73		1983-01-01		DN73			DN73	0	0	1		291
R	FFMA	DN74		1983-01-01		DN74			DN74	0	0	1		291
R	FFMA	DN75		1983-01-01		DN75			DN75	0	0	1		291
R	FFMA	DN76		1983-01-01		DN76			DN76	0	0	1		291
R	FFMA	DN77		1983-01-01		DN77			DN77	0	0	1		291
R	FFMA	DN78		1983-01-01		DN78			DN78	0	0	1		291
R	FFMA	DN80		1983-01-01		DN80			DN80	0	0	1		291
R	FFMA	DN81		1983-01-01		DN81			DN81	0	0	1		291
R	FFMA	DN82		1983-01-01		DN82			DN82	0	0	1		291
R	FFMA	DN83		1983-01-01		DN83			DN83	0	0	1		291
R	FFMA	DN84		1983-01-01		DN84			DN84	0	0	1		291
R	FFMA	DN85		1983-01-01		DN85			DN85	0	0	1		291
R	FFMA	DN86		1983-01-01		DN86			DN86	0	0	1		291
R	FFMA	DN87		1983-01-01		DN87			DN87	0	0	1		291
R	FFMA	DN88		1983-01-01		DN88			DN88	0	0	1		291
R	FFMA	DN90		1983-01-01		DN90			DN90	0	0	1		291
R	FFMA	DN91		1983-01-01		DN91			DN91	0	0	1		291
R	FFMA	DN92		1983-01-01		DN92			DN92	0	0	1		291
R	FFMA	DN93		1983-01-01		DN93			DN93	0	0	1		291
R	FFMA	DN94		1983-01-01		DN94			DN94	0	0	1		291
R	FFMA	DN95		1983-01-01		DN95			DN95	0	0	1		291
R	FFMA	DN96		1983-01-01		DN96			DN96	0	0	1		291
R	FFMA	DN97		1983-01-01		DN97			DN97	0	0	1		291
R	FFMA	DN98		1983-01-01		DN98			DN98	0	0	1		291
R	FFMA	EL06		1983-01-01		EL06			EL06	0	0	1		50,291
R	FFMA	EL07		1983-01-01		EL07			EL07	0	0	1		50,291
R	FFMA	EL08		1983-01-01		EL08			EL08	0	0	1		291
R	FFMA	EL09		1983-01-01		EL09			EL09	0	0	1		291
R	FFMA	EL15		1983-01-01		EL15			EL15	0	0	1		50,291
R	FFMA	EL16		1983-01-01		EL16			EL16	0	0	1		50,291
R	FFMA	EL17		1983-01-01		EL17			EL17	0	0	1		291
R	FFMA	EL18		1983-01-01		EL18			EL18	0	0	1		291
R	FFMA	EL19		1983-01-01		EL19			EL19	0	0	1		291
R	FFMA	EL28		1983-01-01		EL28			EL28	0	0	1		291
R	FFMA	EL29		1983-01-01		EL29			EL29	0	0	1		291
R	FFMA	EL39		1983-01-01		EL39			EL39	0	0	1		291
R	FFMA	EL49		1983-01-01		EL49			EL49	0	0	1		291
R	FFMA	EL58		1983-01-01		EL58			EL58	0	0	1		291
R	FFMA	EL59		1983-01-01		EL59			EL59	0	0	1		291
R	FFMA	EL79		1983-01-01		EL79			EL79	0	0	1		291
R	FFMA	EL84		1983-01-01		EL84			EL84	0	0	1		291
R	FFMA	EL86		1983-01-01		EL86			EL86	0	0	1		291
R	FFMA	EL87		1983-01-01		EL87			EL87	0	0	1		291
R	FFMA	EL88		1983-01-01		EL88			EL88	0	0	1		291
R	FFMA	EL89		1983-01-01		EL89			EL89	0	0	1		291
R	FFMA	EL94		1983-01-01		EL94			EL94	0	0	1		291
R	FFMA	EL95		1983-01-01		EL95			EL95	0	0	1		291
R	FFMA	EL96		1983-01-01		EL96			EL96	0	0	1		291
R	FFMA	EL97		1983-01-01		EL97			EL97	0	0	1		291
R	FFMA	EL98		1983-01-01		EL98			EL98	0	0	1		291
R	FFMA	EL99		1983-01-01		EL99			EL99	0	0	1		291
R	FFMA	EM00		1983-01-01		EM00			EM00	0	0	1		291
R	FFMA	EM01		1983-01-01		EM01			EM01	0	0	1		291
R	FFMA	EM02		1983-01-01		EM02			EM02	0	0	1		291
R	FFMA	EM03		1983-01-01		EM03			EM03	0	0	1		291
R	FFMA	EM04		1983-01-01		EM04			EM04	0	0	1		291
R	FFMA	EM05		1983-01-01		EM05			EM05	0	0	1		291
R	FFMA	EM06		1983-01-01		EM06			EM06	0	0	1		291
R	FFMA	EM07		1983-01-01		EM07			EM07	0	0	1		291
R	FFMA	EM08		1983-01-01		EM08			EM08	0	0	1		291
R	FFMA	EM09		1983-01-01		EM09			EM09	0	0	1		291
R	FFMA	EM10		1983-01-01		EM10			EM10	0	0	1		291
R	FFMA	EM11		1983-01-01		EM11			EM11	0	0	1		291
R	FFMA	EM12		1983-01-01		EM12			EM12	0	0	1		291
R	FFMA	EM13		1983-01-01		EM13			EM13	0	0	1		291
R	FFMA	EM14		1983-01-01		EM14			EM14	0	0	1		291
R	FFMA	EM15		1983-01-01		EM15			EM15	0	0	1		291
R	FFMA	EM16		1983-01-01		EM16			EM16	0	0	1		291
R	FFMA	EM17		1983-01-01		EM17			EM17	0	0	1		291
R	FFMA	EM18		1983-01-01		EM18			EM18	0	0	1		291
R	FFMA	EM19		1983-01-01		EM19			EM19	0	0	1		291
R	FFMA	EM20		1983-01-01		EM20			EM20	0	0	1		291
R	FFMA	EM21		1983-01-01		EM21			EM21	0	0	1		291
R	FFMA	EM22		1983-01-01		EM22			EM22	0	0	1		291
R	FFMA	EM23		1983-01-01		EM23			EM23	0	0	1		291
R	FFMA	EM24		1983-01-01		EM24			EM24	0	0	1		291
R	FFMA	EM25		1983-01-01		EM25			EM25	0	0	1		291
R	FFMA	EM26		1983-01-01		EM26			EM26	0	0	1		291
R	FFMA	EM27		1983-01-01		EM27			EM27	0	0	1		291
R	FFMA	EM28		1983-01-01		EM28			EM28	0	0	1		291
R	FFMA	EM29		1983-01-01		EM29			EM29	0	0	1		291
R	FFMA	EM30		1983-01-01		EM30			EM30	0	0	1		291
R	FFMA	EM31		1983-01-01		EM31			EM31	0	0	1		291
R	FFMA	EM32		1983-01-01		EM32			EM32	0	0	1		291
R	FFMA	EM33		1983-01-01		EM33			EM33	0	0	1		291
R	FFMA	EM34		1983-01-01		EM34			EM34	0	0	1		291
R	FFMA	EM35		1983-01-01		EM35			EM35	0	0	1		291
R	FFMA	EM36		1983-01-01		EM36			EM36	0	0	1		291
R	FFMA	EM37		1983-01-01		EM37			EM37	0	0	1		291
R	FFMA	EM38		1983-01-01		EM38			EM38	0	0	1		291
R	FFMA	EM39		1983-01-01		EM39			EM39	0	0	1		291
R	FFMA	EM40		1983-01-01		EM40			EM40	0	0	1		291
R	FFMA	EM41		1983-01-01		EM41			EM41	0	0	1		291
R	FFMA	EM42		1983-01-01		EM42			EM42	0	0	1		291
R	FFMA	EM43		1983-01-01		EM43			EM43	0	0	1		291
R	FFMA	EM44		1983-01-01		EM44			EM44	0	0	1		291
R	FFMA	EM45		1983-01-01		EM45			EM45	0	0	1		291
R	FFMA	EM46		1983-01-01		EM46			EM46	0	0	1		291
R	FFMA	EM47		1983-01-01		EM47			EM47	0	0	1		291
R	FFMA	EM48		1983-01-01		EM48			EM48	0	0	1		291
R	FFMA	EM49		1983-01-01		EM49			EM49	0	0	1		291
R	FFMA	EM50		1983-01-01		EM50			EM50	0	0	1		291
R	FFMA	EM51		1983-01-01		EM51			EM51	0	0	1		291
R	FFMA	EM52		1983-01-01		EM52			EM52	0	0	1		291
R	FFMA	EM53		1983-01-01		EM53			EM53	0	0	1		291
R	FFMA	EM54		1983-01-01		EM54			EM54	0	0	1		291
R	FFMA	EM55		1983-01-01		EM55			EM55	0	0	1		291
R	FFMA	EM56		1983-01-01		EM56			EM56	0	0	1		291
R	FFMA	EM57		1983-01-01		EM57			EM57	0	0	1		291
R	FFMA	EM58		1983-01-01		EM58			EM58	0	0	1		291
R	FFMA	EM59		1983-01-01		EM59			EM59	0	0	1		291
R	FFMA	EM60		1983-01-01		EM60			EM60	0	0	1		291
R	FFMA	EM61		1983-01-01		EM61			EM61	0	0	1		291
R	FFMA	EM62		1983-01-01		EM62			EM62	0	0	1		291
R	FFMA	EM63		1983-01-01		EM63			EM63	0	0	1		291
R	FFMA	EM64		1983-01-01		EM64			EM64	0	0	1		291
R	FFMA	EM65		1983-01-01		EM65			EM65	0	0	1		291
R	FFMA	EM66		1983-01-01		EM66			EM66	0	0	1		291
R	FFMA	EM67		1983-01-01		EM67			EM67	0	0	1		291
R	FFMA	EM68		1983-01-01		EM68			EM68	0	0	1		291
R	FFMA	EM69		1983-01-01		EM69			EM69	0	0	1		291
R	FFMA	EM70		1983-01-01		EM70			EM70	0	0	1		291
R	FFMA	EM71		1983-01-01		EM71			EM71	0	0	1		291
R	FFMA	EM72		1983-01-01		EM72			EM72	0	0	1		291
R	FFMA	EM73		1983-01-01		EM73			EM73	0	0	1		291
R	FFMA	EM74		1983-01-01		EM74			EM74	0	0	1		291
R	FFMA	EM75		1983-01-01		EM75			EM75	0	0	1		291
R	FFMA	EM76		1983-01-01		EM76			EM76	0	0	1		291
R	FFMA	EM77		1983-01-01		EM77			EM77	0	0	1		291
R	FFMA	EM78		1983-01-01		EM78			EM78	0	0	1		291
R	FFMA	EM79		1983-01-01		EM79			EM79	0	0	1		291
R	FFMA	EM80		1983-01-01		EM80			EM80	0	0	1		291
R	FFMA	EM81		1983-01-01		EM81			EM81	0	0	1		291
R	FFMA	EM82		1983-01-01		EM82			EM82	0	0	1		291
R	FFMA	EM83		1983-01-01		EM83			EM83	0	0	1		291
R	FFMA	EM84		1983-01-01		EM84			EM84	0	0	1		291
R	FFMA	EM85		1983-01-01		EM85			EM85	0	0	1		291
R	FFMA	EM86		1983-01-01		EM86			EM86	0	0	1		291
R	FFMA	EM87		1983-01-01		EM87			EM87	0	0	1		291
R	FFMA	EM88		1983-01-01		EM88			EM88	0	0	1		291
R	FFMA	EM89		1983-01-01		EM89			EM89	0	0	1		291
R	FFMA	EM90		1983-01-01		EM90			EM90	0	0	1		291
R	FFMA	EM91		1983-01-01		EM91			EM91	0	0	1		291
R	FFMA	EM92		1983-01-01		EM92			EM92	0	0	1		291
R	FFMA	EM93		1983-01-01		EM93			EM93	0	0	1		291
R	FFMA	EM94		1983-01-01		EM94			EM94	0	0	1		291
R	FFMA	EM95		1983-01-01		EM95			EM95	0	0	1		291
R	FFMA	EM96		1983-01-01		EM96			EM96	0	0	1		291
R	FFMA	EM97		1983-01-01		EM97			EM97	0	0	1		291
R	FFMA	EM98		1983-01-01		EM98			EM98	0	0	1		291
R	FFMA	EM99		1983-01-01		EM99			EM99	0	0	1		291
R	FFMA	EN00		1983-01-01		EN00			EN00	0	0	1		291
R	FFMA	EN01		1983-01-01		EN01			EN01	0	0	1		291
R	FFMA	EN02		1983-01-01		EN02			EN02	0	0	1		291
R	FFMA	EN03		1983-01-01		EN03			EN03	0	0	1		291
R	FFMA	EN04		1983-01-01		EN04			EN04	0	0	1		291
R	FFMA	EN05		1983-01-01		EN05			EN05	0	0	1		291
R	FFMA	EN06		1983-01-01		EN06			EN06	0	0	1		291
R	FFMA	EN07		1983-01-01		EN07			EN07	0	0	1		291
R	FFMA	EN08		1983-01-01		EN08			EN08	0	0	1		291
R	FFMA	EN10		1983-01-01		EN10			EN10	0	0	1		291
R	FFMA	EN11		1983-01-01		EN11			EN11	0	0	1		291
R	FFMA	EN12		1983-01-01		EN12			EN12	0	0	1		291
R	FFMA	EN13		1983-01-01		EN13			EN13	0	0	1		291
R	FFMA	EN14		1983-01-01		EN14			EN14	0	0	1		291
R	FFMA	EN15		1983-01-01		EN15			EN15	0	0	1		291
R	FFMA	EN16		1983-01-01		EN16			EN16	0	0	1		291
R	FFMA	EN17		1983-01-01		EN17			EN17	0	0	1		291
R	FFMA	EN18		1983-01-01		EN18			EN18	0	0	1		291
R	FFMA	EN20		1983-01-01		EN20			EN20	0	0	1		291
R	FFMA	EN21		1983-01-01		EN21			EN21	0	0	1		291
R	FFMA	EN22		1983-01-01		EN22			EN22	0	0	1		291
R	FFMA	EN23		1983-01-01		EN23			EN23	0	0	1		291
R	FFMA	EN24		1983-01-01		EN24			EN24	0	0	1		291
R	FFMA	EN25		1983-01-01		EN25			EN25	0	0	1		291
R	FFMA	EN26		1983-01-01		EN26			EN26	0	0	1		291
R	FFMA	EN27		1983-01-01		EN27			EN27	0	0	1		291
R	FFMA	EN28		1983-01-01		EN28			EN28	0	0	1		1,291
R	FFMA	EN29		1983-01-01		EN29			EN29	0	0	1		1,291
R	FFMA	EN30		1983-01-01		EN30			EN30	0	0	1		291
R	FFMA	EN31		1983-01-01		EN31			EN31	0	0	1		291
R	FFMA	EN32		1983-01-01		EN32			EN32	0	0	1		291
R	FFMA	EN33		1983-01-01		EN33			EN33	0	0	1		291
R	FFMA	EN34		1983-01-01		EN34			EN34	0	0	1		291
R	FFMA	EN35		1983-01-01		EN35			EN35	0	0	1		291
R	FFMA	EN36		1983-01-01		EN36			EN36	0	0	1		291
R	FFMA	EN37		1983-01-01		EN37			EN37	0	0	1		291
R	FFMA	EN38		1983-01-01		EN38			EN38	0	0	1		1,291
R	FFMA	EN40		1983-01-01		EN40			EN40	0	0	1		291
R	FFMA	EN41		1983-01-01		EN41			EN41	0	0	1		291
R	FFMA	EN42		1983-01-01		EN42			EN42	0	0	1		291
R	FFMA	EN43		1983-01-01		EN43			EN43	0	0	1		291
R	FFMA	EN44		1983-01-01		EN44			EN44	0	0	1		291
R	FFMA	EN45		1983-01-01		EN45			EN45	0	0	1		291
R	FFMA	EN46		1983-01-01		EN46			EN46	0	0	1		291
R	FFMA	EN47		1983-01-01		EN47			EN47	0	0	1		291
R	FFMA	EN48		1983-01-01		EN48			EN48	0	0	1		1,291
R	FFMA	EN50		1983-01-01		EN50			EN50	0	0	1		291
R	FFMA	EN51		1983-01-01		EN51			EN51	0	0	1		291
R	FFMA	EN52		1983-01-01		EN52			EN52	0	0	1		291
R	FFMA	EN53		1983-01-01		EN53			EN53	0	0	1		291
R	FFMA	EN54		1983-01-01		EN54			EN54	0	0	1		291
R	FFMA	EN55		1983-01-01		EN55			EN55	0	0	1		291
R	FFMA	EN56		1983-01-01		EN56			EN56	0	0	1		291
R	FFMA	EN57		1983-01-01		EN57			EN57	0	0	1		291
R	FFMA	EN58		1983-01-01		EN58			EN58	0	0	1		1,291
R	FFMA	EN60		1983-01-01		EN60			EN60	0	0	1		291
R	FFMA	EN61		1983-01-01		EN61			EN61	0	0	1		291
R	FFMA	EN62		1983-01-01		EN62			EN62	0	0	1		291
R	FFMA	EN63		1983-01-01		EN63			EN63	0	0	1		291
R	FFMA	EN64		1983-01-01		EN64			EN64	0	0	1		291
R	FFMA	EN65		1983-01-01		EN65			EN65	0	0	1		291
R	FFMA	EN66		1983-01-01		EN66			EN66	0	0	1		291
R	FFMA	EN67		1983-01-01		EN67			EN67	0	0	1		1,291
R	FFMA	EN70		1983-01-01		EN70			EN70	0	0	1		291
R	FFMA	EN71		1983-01-01		EN71			EN71	0	0	1		291
R	FFMA	EN72		1983-01-01		EN72			EN72	0	0	1		291
R	FFMA	EN73		1983-01-01		EN73			EN73	0	0	1		291
R	FFMA	EN74		1983-01-01		EN74			EN74	0	0	1		291
R	FFMA	EN75		1983-01-01		EN75			EN75	0	0	1		291
R	FFMA	EN76		1983-01-01		EN76			EN76	0	0	1		1,291
R	FFMA	EN80		1983-01-01		EN80			EN80	0	0	1		291
R	FFMA	EN81		1983-01-01		EN81			EN81	0	0	1		291
R	FFMA	EN82		1983-01-01		EN82			EN82	0	0	1		291
R	FFMA	EN83		1983-01-01		EN83			EN83	0	0	1		1,291
R	FFMA	EN84		1983-01-01		EN84			EN84	0	0	1		1,291
R	FFMA	EN85		1983-01-01		EN85			EN85	0	0	1		1,291
R	FFMA	EN86		1983-01-01		EN86			EN86	0	0	1		1,291
R	FFMA	EN90		1983-01-01		EN90			EN90	0	0	1		291
R	FFMA	EN91		1983-01-01		EN91			EN91	0	0	1		291
R	FFMA	EN92		1983-01-01		EN92			EN92	0	0	1		1,291
R	FFMA	FM02		1983-01-01		FM02			FM02	0	0	1		291
R	FFMA	FM03		1983-01-01		FM03			FM03	0	0	1		291
R	FFMA	FM04		1983-01-01		FM04			FM04	0	0	1		291
R	FFMA	FM05		1983-01-01		FM05			FM05	0	0	1		291
R	FFMA	FM06		1983-01-01		FM06			FM06	0	0	1		291
R	FFMA	FM07		1983-01-01		FM07			FM07	0	0	1		291
R	FFMA	FM08		1983-01-01		FM08			FM08	0	0	1		291
R	FFMA	FM09		1983-01-01		FM09			FM09	0	0	1		291
R	FFMA	FM13		1983-01-01		FM13			FM13	0	0	1		291
R	FFMA	FM14		1983-01-01		FM14			FM14	0	0	1		291
R	FFMA	FM15		1983-01-01		FM15			FM15	0	0	1		291
R	FFMA	FM16		1983-01-01		FM16			FM16	0	0	1		291
R	FFMA	FM17		1983-01-01		FM17			FM17	0	0	1		291
R	FFMA	FM18		1983-01-01		FM18			FM18	0	0	1		291
R	FFMA	FM19		1983-01-01		FM19			FM19	0	0	1		291
R	FFMA	FM25		1983-01-01		FM25			FM25	0	0	1		291
R	FFMA	FM26		1983-01-01		FM26			FM26	0	0	1		291
R	FFMA	FM27		1983-01-01		FM27			FM27	0	0	1		291
R	FFMA	FM28		1983-01-01		FM28			FM28	0	0	1		291
R	FFMA	FM29		1983-01-01		FM29			FM29	0	0	1		291
R	FFMA	FN00		1983-01-01		FN00			FN00	0	0	1		291
R	FFMA	FN01		1983-01-01		FN01			FN01	0	0	1		291
R	FFMA	FN02		1983-01-01		FN02			FN02	0	0	1		291
R	FFMA	FN03		1983-01-01		FN03			FN03	0	0	1		1,291
R	FFMA	FN10		1983-01-01		FN10			FN10	0	0	1		291
R	FFMA	FN11		1983-01-01		FN11			FN11	0	0	1		291
R	FFMA	FN12		1983-01-01		FN12			FN12	0	0	1		291
R	FFMA	FN13		1983-01-01		FN13			FN13	0	0	1		1,291
R	FFMA	FN14		1983-01-01		FN14			FN14	0	0	1		1,291
R	FFMA	FN20		1983-01-01		FN20			FN20	0	0	1		291
R	FFMA	FN21		1983-01-01		FN21			FN21	0	0	1		291
R	FFMA	FN22		1983-01-01		FN22			FN22	0	0	1		291
R	FFMA	FN23		1983-01-01		FN23			FN23	0	0	1		291
R	FFMA	FN24		1983-01-01		FN24			FN24	0	0	1		291
R	FFMA	FN25		1983-01-01		FN25			FN25	0	0	1		1,291
R	FFMA	FN30		1983-01-01		FN30			FN30	0	0	1		291
R	FFMA	FN31		1983-01-01		FN31			FN31	0	0	1		291
R	FFMA	FN32		1983-01-01		FN32			FN32	0	0	1		291
R	FFMA	FN33		1983-01-01		FN33			FN33	0	0	1		291
R	FFMA	FN34		1983-01-01		FN34			FN34	0	0	1		291
R	FFMA	FN35		1983-01-01		FN35			FN35	0	0	1		1,291
R	FFMA	FN41		1983-01-01		FN41			FN41	0	0	1		291
R	FFMA	FN42		1983-01-01		FN42			FN42	0	0	1		291
R	FFMA	FN43		1983-01-01		FN43			FN43	0	0	1		291
R	FFMA	FN44		1983-01-01		FN44			FN44	0	0	1		291
R	FFMA	FN45		1983-01-01		FN45			FN45	0	0	1		1,291
R	FFMA	FN46		1983-01-01		FN46			FN46	0	0	1		1,291
R	FFMA	FN51		1983-01-01		FN51			FN51	0	0	1		291
R	FFMA	FN53		1983-01-01		FN53			FN53	0	0	1		291
R	FFMA	FN54		1983-01-01		FN54			FN54	0	0	1		291
R	FFMA	FN55		1983-01-01		FN55			FN55	0	0	1		291
R	FFMA	FN56		1983-01-01		FN56			FN56	0	0	1		291
R	FFMA	FN57		1983-01-01		FN57			FN57	0	0	1		1,291
R	FFMA	FN64		1983-01-01		FN64			FN64	0	0	1		1,291
R	FFMA	FN65		1983-01-01		FN65			FN65	0	0	1		1,291
R	FFMA	FN66		1983-01-01		FN66			FN66	0	0	1		1,291
R	FFMA	FN67		1983-01-01		FN67			FN67	0	0	1		1,291
