# Referencias del diploma GIOTA. Generado; no se edita a mano.
R	GIOTA	DKS-001		1958-01-01		Strogyli	NONE			0	0	1		45
R	GIOTA	DKS-002		1958-01-01		Kastellorizon aka Megisti	EU-001			0	0	1		45
R	GIOTA	DKS-003		1958-01-01		Ro	EU-001			0	0	1		45
R	GIOTA	DKS-004		1958-01-01		Khina				0	0	1		45
R	GIOTA	DKS-005		1958-01-01		Praso				0	0	1		45
R	GIOTA	DKS-006		1958-01-01		Rodos aka Rhodes	EU-001			0	0	1		45
R	GIOTA	DKS-007		1958-01-01		Paximada				0	0	1		45
R	GIOTA	DKS-008		1958-01-01		Eksonisi				0	0	1		45
R	GIOTA	DKS-009		1958-01-01		Alimia	EU-001			0	0	1		45
R	GIOTA	DKS-010		1958-01-01		Khtenies				0	0	1		45
R	GIOTA	DKS-011		1958-01-01		Karavolas				0	0	1		45
R	GIOTA	DKS-012		1958-01-01		Khalki	EU-001			0	0	1		45
R	GIOTA	DKS-013		1958-01-01		Kasos	EU-001			0	0	1		45
R	GIOTA	DKS-014		1958-01-01		Plati				0	0	1		45
R	GIOTA	DKS-015		1958-01-01		Kasonisia				0	0	1		45
R	GIOTA	DKS-016		1958-01-01		Karpathos	EU-001			0	0	1		45
R	GIOTA	DKS-017		1958-01-01		Saria	EU-001			0	0	1		45
R	GIOTA	DKS-018		1958-01-01		Ounonisia				0	0	1		45
R	GIOTA	DKS-019		1958-01-01		Kamilonisi				0	0	1		45
R	GIOTA	DKS-020		1958-01-01		Astakida				0	0	1		45
R	GIOTA	DKS-021		1958-01-01		Avgonisi				0	0	1		45
R	GIOTA	DKS-022		1958-01-01		Karavia				0	0	1		45
R	GIOTA	DKS-023		1958-01-01		Sofrana				0	0	1		45
R	GIOTA	DKS-024		1958-01-01		Trionisia				0	0	1		45
R	GIOTA	DKS-025		1958-01-01		Syrna	EU-001			0	0	1		45
R	GIOTA	DKS-026		1958-01-01		Adelfia				0	0	1		45
R	GIOTA	DKS-027		1958-01-01		Antitilos				0	0	1		45
R	GIOTA	DKS-028		1958-01-01		Tilos	EU-001			0	0	1		45
R	GIOTA	DKS-029		1958-01-01		Kandeliousa				0	0	1		45
R	GIOTA	DKS-030		1958-01-01		Kouloundros				0	0	1		45
R	GIOTA	DKS-031		1958-01-01		Seskli				0	0	1		45
R	GIOTA	DKS-032		1958-01-01		Simi	EU-001			0	0	1		45
R	GIOTA	DKS-033		1958-01-01		Nimos				0	0	1		45
R	GIOTA	DKS-034		1958-01-01		Marmaras				0	0	1		45
R	GIOTA	DKS-035		1958-01-01		Gaidaros				0	0	1		45
R	GIOTA	DKS-036		1958-01-01		Nisiros	EU-001			0	0	1		45
R	GIOTA	DKS-037		1958-01-01		Strogili				0	0	1		45
R	GIOTA	DKS-038		1958-01-01		Gyali	EU-001			0	0	1		45
R	GIOTA	DKS-039		1958-01-01		Pergousa				0	0	1		45
R	GIOTA	DKS-040		1958-01-01		Kounoupoi				0	0	1		45
R	GIOTA	DKS-041		1958-01-01		Astypalaia	EU-001			0	0	1		45
R	GIOTA	DKS-042		1958-01-01		Ofidousa	EU-001			0	0	1		45
R	GIOTA	DKS-043		1958-01-01		Kos	EU-001			0	0	1		45
R	GIOTA	DKS-044		1958-01-01		Pserimos	EU-001			0	0	1		45
R	GIOTA	DKS-045		1958-01-01		Safonidi				0	0	1		45
R	GIOTA	DKS-046		1958-01-01		Kalymnos	EU-001			0	0	1		45
R	GIOTA	DKS-047		1958-01-01		Imia				0	0	1		45
R	GIOTA	DKS-048		1958-01-01		Kalolimnos	EU-001			0	0	1		45
R	GIOTA	DKS-049		1958-01-01		Telendos				0	0	1		45
R	GIOTA	DKS-050		1958-01-01		Levitha	EU-001			0	0	1		45
R	GIOTA	DKS-051		1958-01-01		Kinaros	EU-001			0	0	1		45
R	GIOTA	DKS-052		1958-01-01		Leros	EU-001			0	0	1		45
R	GIOTA	DKS-053		1958-01-01		Agia Kyriaki				0	0	1		45
R	GIOTA	DKS-054		1958-01-01		Saraki				0	0	1		45
R	GIOTA	DKS-055		1958-01-01		Kalapodia				0	0	1		45
R	GIOTA	DKS-056		1958-01-01		Leipsoi	EU-001			0	0	1		45
R	GIOTA	DKS-057		1958-01-01		Farmakonisi	EU-001			0	0	1		45
R	GIOTA	DKS-058		1958-01-01		Arkoi	EU-001			0	0	1		45
R	GIOTA	DKS-059		1958-01-01		Patmos	EU-001			0	0	1		45
R	GIOTA	DKS-060		1958-01-01		Anidro				0	0	1		45
R	GIOTA	DKS-061		1958-01-01		Petrokaravo				0	0	1		45
R	GIOTA	DKS-062		1958-01-01		Kouneli				0	0	1		45
R	GIOTA	DKS-063		1958-01-01		Agathonision	EU-001			0	0	1		45
R	GIOTA	INS-001		1958-01-01		Antikithira	EU-113			0	0	1		236
R	GIOTA	INS-002		1958-01-01		Avgo	EU-113			0	0	1		236
R	GIOTA	INS-003		1958-01-01		Koufonissia	EU-113			0	0	1		236
R	GIOTA	INS-004		1958-01-01		Kithira	EU-113			0	0	1		236
R	GIOTA	INS-005		1958-01-01		Lindo				0	0	1		236
R	GIOTA	INS-006		1958-01-01		Antidragonera				0	0	1		236
R	GIOTA	INS-007		1958-01-01		Elafonisos				0	0	1		236
R	GIOTA	INS-008		1958-01-01		Karavi	EU-113			0	0	1		236
R	GIOTA	INS-009		1958-01-01		Venetiko	EU-158			0	0	1		236
R	GIOTA	INS-010		1958-01-01		Shiza	EU-158			0	0	1		236
R	GIOTA	INS-011		1958-01-01		Sapientza	EU-158			0	0	1		236
R	GIOTA	INS-012		1958-01-01		Sfaktiria				0	0	1		236
R	GIOTA	INS-013		1958-01-01		Proti	EU-158			0	0	1		236
R	GIOTA	INS-014		1958-01-01		Strofades	EU-052			0	0	1		236
R	GIOTA	INS-015		1958-01-01		Zakynthos aka Zante	EU-052			0	0	1		236
R	GIOTA	INS-016		1958-01-01		Kafkalida	EU-052			0	0	1		236
R	GIOTA	INS-017		1958-01-01		Alkionides	EU-052			0	0	1		236
R	GIOTA	INS-018		1958-01-01		Kala Nissia				0	0	1		236
R	GIOTA	INS-019		1958-01-01		Vroma				0	0	1		236
R	GIOTA	INS-020		1958-01-01		Ampelos				0	0	1		236
R	GIOTA	INS-021		1958-01-01		Tsarouchi				0	0	1		236
R	GIOTA	INS-022		1958-01-01		Trizonia				0	0	1		236
R	GIOTA	INS-023		1958-01-01		Agios Sostis				0	0	1		236
R	GIOTA	INS-024		1958-01-01		Oxia	EU-052			0	0	1		236
R	GIOTA	INS-025		1958-01-01		Vromonas	EU-052			0	0	1		236
R	GIOTA	INS-026		1958-01-01		Kefallonia	EU-052			0	0	1		236
R	GIOTA	INS-027		1958-01-01		Vardianoi				0	0	1		236
R	GIOTA	INS-028		1958-01-01		Ithaki	EU-052			0	0	1		236
R	GIOTA	INS-029		1958-01-01		Dragonera	EU-052			0	0	1		236
R	GIOTA	INS-030		1958-01-01		Atokos	EU-052			0	0	1		236
R	GIOTA	INS-031		1958-01-01		Kastos	EU-052			0	0	1		236
R	GIOTA	INS-032		1958-01-01		Arkoudi	EU-052			0	0	1		236
R	GIOTA	INS-033		1958-01-01		Kalamos	EU-052			0	0	1		236
R	GIOTA	INS-034		1958-01-01		Meganissi	EU-052			0	0	1		236
R	GIOTA	INS-035		1958-01-01		Lefkas				0	0	1		236
R	GIOTA	INS-036		1958-01-01		Sesoula				0	0	1		236
R	GIOTA	INS-037		1958-01-01		Sparti				0	0	1		236
R	GIOTA	INS-038		1958-01-01		Antipaxoi	EU-052			0	0	1		236
R	GIOTA	INS-039		1958-01-01		Paxoi	EU-052			0	0	1		236
R	GIOTA	INS-040		1958-01-01		Panagia				0	0	1		236
R	GIOTA	INS-041		1958-01-01		Lagoudia				0	0	1		236
R	GIOTA	INS-042		1958-01-01		Kerkira (aka Corfu)	EU-052			0	0	1		236
R	GIOTA	INS-043		1958-01-01		Mathraki	EU-052			0	0	1		236
R	GIOTA	INS-044		1958-01-01		Diaplo				0	0	1		236
R	GIOTA	INS-045		1958-01-01		Othonoi	EU-052			0	0	1		236
R	GIOTA	INS-046		1958-01-01		Erikoussa	EU-052			0	0	1		236
R	GIOTA	INS-047		1958-01-01		Little Turtle (Messina)				0	0	1		236
R	GIOTA	INS-048		1958-01-01		Agia Mariani (Messina)				0	0	1		236
R	GIOTA	KRS-001		1958-01-01		Megalonisi				0	0	1		40
R	GIOTA	KRS-002		1958-01-01		Gaidouronisi				0	0	1		40
R	GIOTA	KRS-003		1958-01-01		Koufonisi	EU-187			0	0	1		40
R	GIOTA	KRS-004		1958-01-01		Kavalloi				0	0	1		40
R	GIOTA	KRS-005		1958-01-01		Kriti (Crete)	EU-015			0	0	1		40
R	GIOTA	KRS-006		1958-01-01		Grandes				0	0	1		40
R	GIOTA	KRS-007		1958-01-01		Elasa	EU-187			0	0	1		40
R	GIOTA	KRS-008		1958-01-01		Ganysades				0	0	1		40
R	GIOTA	KRS-009		1958-01-01		Paximada	EU-187			0	0	1		40
R	GIOTA	KRS-010		1958-01-01		Pseira	EU-187			0	0	1		40
R	GIOTA	KRS-011		1958-01-01		Agioi Pandes				0	0	1		40
R	GIOTA	KRS-012		1958-01-01		Kalidon aka Spinalonga				0	0	1		40
R	GIOTA	KRS-013		1958-01-01		Kolokithas				0	0	1		40
R	GIOTA	KRS-014		1958-01-01		Avgo	EU-187			0	0	1		40
R	GIOTA	KRS-015		1958-01-01		Dia	EU-187			0	0	1		40
R	GIOTA	KRS-016		1958-01-01		Agioi Theodoroi	EU-187			0	0	1		40
R	GIOTA	KRS-017		1958-01-01		Agria Gramvousa	EU-187			0	0	1		40
R	GIOTA	KRS-018		1958-01-01		Elafonisos				0	0	1		40
R	GIOTA	KRS-019		1958-01-01		Skhisto				0	0	1		40
R	GIOTA	KRS-020		1958-01-01		Gavdopoula	EU-187			0	0	1		40
R	GIOTA	KRS-021		1958-01-01		Gavdos	EU-187			0	0	1		40
R	GIOTA	KRS-022		1958-01-01		Paximadia	EU-187			0	0	1		40
R	GIOTA	NAS-001		1958-01-01		Venetiko				0	0	1		236
R	GIOTA	NAS-002		1958-01-01		Khios	EU-049			0	0	1		236
R	GIOTA	NAS-003		1958-01-01		Panagia				0	0	1		236
R	GIOTA	NAS-004		1958-01-01		Paspargo				0	0	1		236
R	GIOTA	NAS-005		1958-01-01		Passa				0	0	1		236
R	GIOTA	NAS-006		1958-01-01		Oinouses				0	0	1		236
R	GIOTA	NAS-007		1958-01-01		Gertis				0	0	1		236
R	GIOTA	NAS-008		1958-01-01		Kalogeroi				0	0	1		236
R	GIOTA	NAS-009		1958-01-01		Katonissi				0	0	1		236
R	GIOTA	NAS-010		1958-01-01		Antipsara	EU-049			0	0	1		236
R	GIOTA	NAS-011		1958-01-01		Psara	EU-049			0	0	1		236
R	GIOTA	NAS-012		1958-01-01		Mastogiorgi				0	0	1		236
R	GIOTA	NAS-013		1958-01-01		Profilaki				0	0	1		236
R	GIOTA	NAS-014		1958-01-01		Lersvos aka Mitilini	EU-049			0	0	1		236
R	GIOTA	NAS-015		1958-01-01		Panfillon				0	0	1		236
R	GIOTA	NAS-016		1958-01-01		Thermi				0	0	1		236
R	GIOTA	NAS-017		1958-01-01		Tomaria				0	0	1		236
R	GIOTA	NAS-018		1958-01-01		Eleos				0	0	1		236
R	GIOTA	NAS-019		1958-01-01		Petra				0	0	1		236
R	GIOTA	NAS-020		1958-01-01		Agios Ioannis				0	0	1		236
R	GIOTA	NAS-021		1958-01-01		Sigri				0	0	1		236
R	GIOTA	NAS-022		1958-01-01		Sedoussa				0	0	1		236
R	GIOTA	NAS-023		1958-01-01		Kalloni				0	0	1		236
R	GIOTA	NAS-024		1958-01-01		Agios Efstratios	EU-049			0	0	1		236
R	GIOTA	NAS-025		1958-01-01		Roumpos				0	0	1		236
R	GIOTA	NAS-026		1958-01-01		Limnos				0	0	1		236
R	GIOTA	NAS-027		1958-01-01		Keros				0	0	1		236
R	GIOTA	NAS-028		1958-01-01		Sergitsi	EU-049			0	0	1		236
R	GIOTA	NAS-029		1958-01-01		Diavates				0	0	1		236
R	GIOTA	NAS-030		1958-01-01		Prasso				0	0	1		236
R	GIOTA	NAS-031		1958-01-01		Kombi				0	0	1		236
R	GIOTA	NAS-032		1958-01-01		Samothraki	EU-174			0	0	1		236
R	GIOTA	NAS-033		1958-01-01		Zourafa				0	0	1		236
R	GIOTA	NAS-034		1958-01-01		Mermigia				0	0	1		236
R	GIOTA	NAS-035		1958-01-01		Khrisoforo				0	0	1		236
R	GIOTA	NAS-036		1958-01-01		Thasopoula	EU-174			0	0	1		236
R	GIOTA	NAS-037		1958-01-01		Thasos	EU-174			0	0	1		236
R	GIOTA	NAS-038		1958-01-01		Gramvousa				0	0	1		236
R	GIOTA	NAS-039		1958-01-01		Koinyra	EU-174			0	0	1		236
R	GIOTA	NAS-040		1958-01-01		Panagia	EU-174			0	0	1		236
R	GIOTA	NAS-041		1958-01-01		Xeronissi				0	0	1		236
R	GIOTA	NAS-042		1958-01-01		Kafkanas				0	0	1		236
R	GIOTA	NAS-043		1958-01-01		Eleftheronissos	EU-174			0	0	1		236
R	GIOTA	NAS-044		1958-01-01		Styliaria				0	0	1		236
R	GIOTA	NAS-045		1958-01-01		Drenia				0	0	1		236
R	GIOTA	NAS-046		1958-01-01		Amoliani	EU-174			0	0	1		236
R	GIOTA	NAS-047		1958-01-01		Diaporos	EU-174			0	0	1		236
R	GIOTA	NAS-048		1958-01-01		Skepes				0	0	1		236
R	GIOTA	NAS-049		1958-01-01		Peristeri				0	0	1		236
R	GIOTA	NAS-050		1958-01-01		Spalathronissia				0	0	1		236
R	GIOTA	NAS-051		1958-01-01		Kelyfos	EU-174			0	0	1		236
R	GIOTA	NAS-052		1958-01-01		Kavoura				0	0	1		236
R	GIOTA	NAS-053		1958-01-01		Athanata				0	0	1		236
R	GIOTA	NAS-054		1958-01-01		Bourboulithra				0	0	1		236
R	GIOTA	NAS-055		1958-01-01		Agios Ioannis				0	0	1		236
R	GIOTA	NAS-056		1958-01-01		Monopetron				0	0	1		236
R	GIOTA	NAS-057		1958-01-01		Psathoura	EU-072			0	0	1		236
R	GIOTA	NAS-058		1958-01-01		Psathouropoula				0	0	1		236
R	GIOTA	NAS-059		1958-01-01		Gioura	EU-072			0	0	1		236
R	GIOTA	NAS-060		1958-01-01		Piperi	EU-072			0	0	1		236
R	GIOTA	NAS-061		1958-01-01		Prasso	EU-072			0	0	1		236
R	GIOTA	NAS-062		1958-01-01		Pelagonisi	EU-072			0	0	1		236
R	GIOTA	NAS-063		1958-01-01		Melissa				0	0	1		236
R	GIOTA	NAS-064		1958-01-01		Moro				0	0	1		236
R	GIOTA	NAS-065		1958-01-01		Alonnisos	EU-072			0	0	1		236
R	GIOTA	NAS-066		1958-01-01		Manolas				0	0	1		236
R	GIOTA	NAS-067		1958-01-01		Likoremma				0	0	1		236
R	GIOTA	NAS-068		1958-01-01		Peristera	EU-072			0	0	1		236
R	GIOTA	NAS-069		1958-01-01		Barketta				0	0	1		236
R	GIOTA	NAS-070		1958-01-01		Adelfopoulo				0	0	1		236
R	GIOTA	NAS-071		1958-01-01		Adelfi	EU-072			0	0	1		236
R	GIOTA	NAS-072		1958-01-01		Gaidouronisia				0	0	1		236
R	GIOTA	NAS-073		1958-01-01		Skantzoura				0	0	1		236
R	GIOTA	NAS-074		1958-01-01		Skantili				0	0	1		236
R	GIOTA	NAS-075		1958-01-01		Korakas				0	0	1		236
R	GIOTA	NAS-076		1958-01-01		Skopelos	EU-072			0	0	1		236
R	GIOTA	NAS-077		1958-01-01		Dessa				0	0	1		236
R	GIOTA	NAS-078		1958-01-01		Kastronisia				0	0	1		236
R	GIOTA	NAS-079		1958-01-01		Skiathos	EU-072			0	0	1		236
R	GIOTA	NAS-080		1958-01-01		Repi				0	0	1		236
R	GIOTA	NAS-081		1958-01-01		Tsouggria				0	0	1		236
R	GIOTA	NAS-082		1958-01-01		Zogriaki				0	0	1		236
R	GIOTA	NAS-083		1958-01-01		Lefteris				0	0	1		236
R	GIOTA	NAS-084		1958-01-01		Palaio Trikeri	EU-072			0	0	1		236
R	GIOTA	NAS-085		1958-01-01		Pithou	EU-060			0	0	1		236
R	GIOTA	NAS-086		1958-01-01		Argironisos				0	0	1		236
R	GIOTA	NAS-087		1958-01-01		Pontikonisso	EU-060			0	0	1		236
R	GIOTA	NAS-088		1958-01-01		Euvoia				0	0	1		236
R	GIOTA	NAS-089		1958-01-01		Prasso				0	0	1		236
R	GIOTA	NAS-090		1958-01-01		Mirmikonissia				0	0	1		236
R	GIOTA	NAS-091		1958-01-01		Lefkonissia				0	0	1		236
R	GIOTA	NAS-092		1958-01-01		Tria Nissia				0	0	1		236
R	GIOTA	NAS-093		1958-01-01		Koili				0	0	1		236
R	GIOTA	NAS-094		1958-01-01		Platia				0	0	1		236
R	GIOTA	NAS-095		1958-01-01		Prasoudi	EU-060			0	0	1		236
R	GIOTA	NAS-096		1958-01-01		Lithari				0	0	1		236
R	GIOTA	NAS-097		1958-01-01		Podia				0	0	1		236
R	GIOTA	NAS-098		1958-01-01		Skyros	EU-060			0	0	1		236
R	GIOTA	NAS-099		1958-01-01		Vrikolakonissia				0	0	1		236
R	GIOTA	NAS-100		1958-01-01		Sarakino	EU-060			0	0	1		236
R	GIOTA	NAS-101		1958-01-01		Valaxa	EU-060			0	0	1		236
R	GIOTA	NAS-102		1958-01-01		Skyropoula	EU-060			0	0	1		236
R	GIOTA	NAS-103		1958-01-01		Karravonissi				0	0	1		236
R	GIOTA	NAS-104		1958-01-01		Ntoros				0	0	1		236
R	GIOTA	NAS-105		1958-01-01		Andros				0	0	1		236
R	GIOTA	NAS-106		1958-01-01		Gavronissia				0	0	1		236
R	GIOTA	NAS-107		1958-01-01		Mandili	EU-060			0	0	1		236
R	GIOTA	NAS-108		1958-01-01		Paximadi				0	0	1		236
R	GIOTA	NAS-109		1958-01-01		Petalioi	EU-060			0	0	1		236
R	GIOTA	NAS-110		1958-01-01		Foundi				0	0	1		236
R	GIOTA	NAS-111		1958-01-01		Akio	EU-060			0	0	1		236
R	GIOTA	NAS-112		1958-01-01		Dipsa				0	0	1		236
R	GIOTA	NAS-113		1958-01-01		Stira				0	0	1		236
R	GIOTA	NAS-114		1958-01-01		Kavaliani	EU-060			0	0	1		236
R	GIOTA	NAS-115		1958-01-01		Lixades				0	0	1		236
R	GIOTA	NAS-116		1958-01-01		Stroggili				0	0	1		236
R	GIOTA	NAS-117		1958-01-01		Atalandi				0	0	1		236
R	GIOTA	NAS-118		1958-01-01		Gatza				0	0	1		236
R	GIOTA	NAS-119		1958-01-01		Gaidaros				0	0	1		236
R	GIOTA	NAS-120		1958-01-01		Kokkinonissia				0	0	1		236
R	GIOTA	NAS-121		1958-01-01		Perati				0	0	1		236
R	GIOTA	NAS-122		1958-01-01		Psittalia				0	0	1		236
R	GIOTA	NAS-123		1958-01-01		Salamis				0	0	1		236
R	GIOTA	NAS-124		1958-01-01		Paxi				0	0	1		236
R	GIOTA	NAS-125		1958-01-01		Revithoussa				0	0	1		236
R	GIOTA	NAS-126		1958-01-01		Kanakia				0	0	1		236
R	GIOTA	NAS-127		1958-01-01		Platia				0	0	1		236
R	GIOTA	NAS-128		1958-01-01		Evraios				0	0	1		236
R	GIOTA	SAS-001		1958-01-01		Anthropofagoi				0	0	1		236
R	GIOTA	SAS-002		1958-01-01		Alatzonisi				0	0	1		236
R	GIOTA	SAS-003		1958-01-01		Thymaina				0	0	1		236
R	GIOTA	SAS-004		1958-01-01		Korsaioi aka Fournoi	EU-049			0	0	1		236
R	GIOTA	SAS-005		1958-01-01		Samiopoula	EU-049			0	0	1		236
R	GIOTA	SAS-006		1958-01-01		Samos	EU-049			0	0	1		236
R	GIOTA	SAS-007		1958-01-01		Petrokaravo				0	0	1		236
R	GIOTA	SAS-008		1958-01-01		Vareloudi				0	0	1		236
R	GIOTA	SAS-009		1958-01-01		Kasonisi				0	0	1		236
R	GIOTA	SAS-010		1958-01-01		Makroniso				0	0	1		236
R	GIOTA	SAS-011		1958-01-01		Stroggylo				0	0	1		236
R	GIOTA	SAS-012		1958-01-01		Diaporti				0	0	1		236
R	GIOTA	SAS-013		1958-01-01		Agios Nikolaos				0	0	1		236
R	GIOTA	SAS-014		1958-01-01		Prasonisi				0	0	1		236
R	GIOTA	SAS-015		1958-01-01		Zaga petra				0	0	1		236
R	GIOTA	SAS-016		1958-01-01		Katergo				0	0	1		236
R	GIOTA	SAS-017		1958-01-01		Dritsari				0	0	1		236
R	GIOTA	SAS-018		1958-01-01		Lithari				0	0	1		236
R	GIOTA	SAS-019		1958-01-01		Parathoura				0	0	1		236
R	GIOTA	SAS-020		1958-01-01		Nisakia				0	0	1		236
R	GIOTA	SAS-021		1958-01-01		Ikaria	EU-049			0	0	1		236
R	GIOTA	SAS-022		1958-01-01		Khtapodia				0	0	1		236
R	GIOTA	SAS-023		1958-01-01		Tragonisi				0	0	1		236
R	GIOTA	SAS-024		1958-01-01		Mikonos	EU-067			0	0	1		236
R	GIOTA	SAS-025		1958-01-01		Dilos	EU-067			0	0	1		236
R	GIOTA	SAS-026		1958-01-01		Renia	EU-067			0	0	1		236
R	GIOTA	SAS-027		1958-01-01		Nata				0	0	1		236
R	GIOTA	SAS-028		1958-01-01		Aspro				0	0	1		236
R	GIOTA	SAS-029		1958-01-01		Syros	EU-067			0	0	1		236
R	GIOTA	SAS-030		1958-01-01		Tinos	EU-067			0	0	1		236
R	GIOTA	SAS-031		1958-01-01		Disvato				0	0	1		236
R	GIOTA	SAS-032		1958-01-01		Andros	EU-067			0	0	1		236
R	GIOTA	SAS-033		1958-01-01		Gavrionisia				0	0	1		236
R	GIOTA	SAS-034		1958-01-01		Gyaros	EU-067			0	0	1		236
R	GIOTA	SAS-035		1958-01-01		Glaronisi				0	0	1		236
R	GIOTA	SAS-036		1958-01-01		Kea	EU-067			0	0	1		236
R	GIOTA	SAS-037		1958-01-01		Makronisos	EU-067			0	0	1		236
R	GIOTA	SAS-038		1958-01-01		Gaidouroniso				0	0	1		236
R	GIOTA	SAS-039		1958-01-01		Fleves				0	0	1		236
R	GIOTA	SAS-040		1958-01-01		Salamina	EU-075			0	0	1		236
R	GIOTA	SAS-041		1958-01-01		Evraios				0	0	1		236
R	GIOTA	SAS-042		1958-01-01		Diaporioi				0	0	1		236
R	GIOTA	SAS-043		1958-01-01		Ypsili	EU-075			0	0	1		236
R	GIOTA	SAS-044		1958-01-01		Lagouses				0	0	1		236
R	GIOTA	SAS-045		1958-01-01		Aigina	EU-075			0	0	1		236
R	GIOTA	SAS-046		1958-01-01		Kyra	EU-075			0	0	1		236
R	GIOTA	SAS-047		1958-01-01		Agistri	EU-075			0	0	1		236
R	GIOTA	SAS-048		1958-01-01		Moni	EU-075			0	0	1		236
R	GIOTA	SAS-049		1958-01-01		Petrokaravo				0	0	1		236
R	GIOTA	SAS-050		1958-01-01		Poros				0	0	1		236
R	GIOTA	SAS-051		1958-01-01		Agios Georgios	EU-075			0	0	1		236
R	GIOTA	SAS-052		1958-01-01		Kythnos	EU-067			0	0	1		236
R	GIOTA	SAS-053		1958-01-01		Piperi				0	0	1		236
R	GIOTA	SAS-054		1958-01-01		Serfopoula	EU-067			0	0	1		236
R	GIOTA	SAS-055		1958-01-01		Tselevenia				0	0	1		236
R	GIOTA	SAS-056		1958-01-01		Ydra aka Hydra	EU-075			0	0	1		236
R	GIOTA	SAS-057		1958-01-01		Dokos	EU-075			0	0	1		236
R	GIOTA	SAS-058		1958-01-01		Stavros	EU-075			0	0	1		236
R	GIOTA	SAS-059		1958-01-01		Plateia	EU-075			0	0	1		236
R	GIOTA	SAS-060		1958-01-01		Ypsili	EU-075			0	0	1		236
R	GIOTA	SAS-061		1958-01-01		Tolo	EU-075			0	0	1		236
R	GIOTA	SAS-062		1958-01-01		Spetses	EU-075			0	0	1		236
R	GIOTA	SAS-063		1958-01-01		Spetsopoula	EU-075			0	0	1		236
R	GIOTA	SAS-064		1958-01-01		Monemvasia				0	0	1		236
R	GIOTA	SAS-065		1958-01-01		Serifos	EU-067			0	0	1		236
R	GIOTA	SAS-066		1958-01-01		Vous				0	0	1		236
R	GIOTA	SAS-067		1958-01-01		Mermigas				0	0	1		236
R	GIOTA	SAS-068		1958-01-01		Bouvais				0	0	1		236
R	GIOTA	SAS-069		1958-01-01		Donousa	EU-067			0	0	1		236
R	GIOTA	SAS-070		1958-01-01		Makares				0	0	1		236
R	GIOTA	SAS-071		1958-01-01		Kopria				0	0	1		236
R	GIOTA	SAS-072		1958-01-01		Koufonisia	EU-067			0	0	1		236
R	GIOTA	SAS-073		1958-01-01		Keros				0	0	1		236
R	GIOTA	SAS-074		1958-01-01		Shoinousa	EU-067			0	0	1		236
R	GIOTA	SAS-075		1958-01-01		Irakleia	EU-067			0	0	1		236
R	GIOTA	SAS-076		1958-01-01		Gramvousa				0	0	1		236
R	GIOTA	SAS-077		1958-01-01		Naxos	EU-067			0	0	1		236
R	GIOTA	SAS-078		1958-01-01		Amarides				0	0	1		236
R	GIOTA	SAS-079		1958-01-01		Paros	EU-067			0	0	1		236
R	GIOTA	SAS-080		1958-01-01		Antiparos	EU-067			0	0	1		236
R	GIOTA	SAS-081		1958-01-01		Despotiko	EU-067			0	0	1		236
R	GIOTA	SAS-082		1958-01-01		Strogilo	EU-067			0	0	1		236
R	GIOTA	SAS-083		1958-01-01		Sifnos	EU-067			0	0	1		236
R	GIOTA	SAS-084		1958-01-01		Kitriani				0	0	1		236
R	GIOTA	SAS-085		1958-01-01		Parapola				0	0	1		236
R	GIOTA	SAS-086		1958-01-01		Falkonera				0	0	1		236
R	GIOTA	SAS-087		1958-01-01		Antimilos	EU-067			0	0	1		236
R	GIOTA	SAS-088		1958-01-01		Arkadia				0	0	1		236
R	GIOTA	SAS-089		1958-01-01		Milos	EU-067			0	0	1		236
R	GIOTA	SAS-090		1958-01-01		Kimolos	EU-067			0	0	1		236
R	GIOTA	SAS-091		1958-01-01		Polyaigos	EU-067			0	0	1		236
R	GIOTA	SAS-092		1958-01-01		Paximadi				0	0	1		236
R	GIOTA	SAS-093		1958-01-01		Ananes	EU-067			0	0	1		236
R	GIOTA	SAS-094		1958-01-01		Folegandros	EU-067			0	0	1		236
R	GIOTA	SAS-095		1958-01-01		Kardiotissa	EU-067			0	0	1		236
R	GIOTA	SAS-096		1958-01-01		Sikinos	EU-067			0	0	1		236
R	GIOTA	SAS-097		1958-01-01		Ios	EU-067			0	0	1		236
R	GIOTA	SAS-098		1958-01-01		Nikouria				0	0	1		236
R	GIOTA	SAS-099		1958-01-01		Amorgos	EU-067			0	0	1		236
R	GIOTA	SAS-100		1958-01-01		Liadi				0	0	1		236
R	GIOTA	SAS-101		1958-01-01		Anydros	EU-067			0	0	1		236
R	GIOTA	SAS-102		1958-01-01		Thira aka Santorini	EU-067			0	0	1		236
R	GIOTA	SAS-103		1958-01-01		Thirasia	EU-067			0	0	1		236
R	GIOTA	SAS-104		1958-01-01		Christiana				0	0	1		236
R	GIOTA	SAS-105		1958-01-01		Anafi	EU-067			0	0	1		236
R	GIOTA	SAS-106		1958-01-01		Flini				0	0	1		236
R	GIOTA	SAS-107		1958-01-01		Pachia	EU-067			0	0	1		236
R	GIOTA	SAS-108		1958-01-01		Makra	EU-067			0	0	1		236
