# Referencias del diploma H26. Generado; no se edita a mano.
R	H26	AG		1900-01-01		Aargau				0	0	1		287
R	H26	AI		1900-01-01		Appenzell Innerrhoden				0	0	1		287
R	H26	AR		1900-01-01		Appenzell Ausserrhoden				0	0	1		287
R	H26	BE		1900-01-01		Bern				0	0	1		287
R	H26	BL		1900-01-01		Basel Landschaft				0	0	1		287
R	H26	BS		1900-01-01		Basel Stadt				0	0	1		287
R	H26	FR		1900-01-01		Freiburg / Fribourg				0	0	1		287
R	H26	GE		1900-01-01		Genf / Genève				0	0	1		287
R	H26	GL		1900-01-01		Glarus				0	0	1		287
R	H26	GR		1900-01-01		Graubünden / Grisons				0	0	1		287
R	H26	JU		1900-01-01		Jura				0	0	1		287
R	H26	LU		1900-01-01		Luzern				0	0	1		287
R	H26	NE		1900-01-01		Neuenburg / Neuchatel				0	0	1		287
R	H26	NW		1900-01-01		Nidwalden				0	0	1		287
R	H26	OW		1900-01-01		Obwalden				0	0	1		287
R	H26	SG		1900-01-01		St. Gallen				0	0	1		287
R	H26	SH		1900-01-01		Schaffhausen				0	0	1		287
R	H26	SO		1900-01-01		Solothurn				0	0	1		287
R	H26	SZ		1900-01-01		Schwyz				0	0	1		287
R	H26	TG		1900-01-01		Thurgau				0	0	1		287
R	H26	TI		1900-01-01		Tessin / Ticino				0	0	1		287
R	H26	UR		1900-01-01		Uri				0	0	1		287
R	H26	VD		1900-01-01		Waadt / Vaud				0	0	1		287
R	H26	VS		1900-01-01		Wallis / Valais				0	0	1		287
R	H26	ZG		1900-01-01		Zug				0	0	1		287
R	H26	ZH		1900-01-01		Zürich				0	0	1		287
