# Referencias del diploma HOLYLAND. Generado; no se edita a mano.
R	HOLYLAND	A21AZ		1992-01-01		Azza	AZ			0	0	1		336
R	HOLYLAND	A22AZ		1992-01-01		Azza	AZ			0	0	1		336
R	HOLYLAND	A22BS		1992-01-01		Beer Sheva	BS			0	0	1		336
R	HOLYLAND	A23AZ		1992-01-01		Azza	AZ			0	0	1		336
R	HOLYLAND	A23BS		1992-01-01		Beer Sheva	BS			0	0	1		336
R	HOLYLAND	A24BS		1992-01-01		Beer Sheva	BS			0	0	1		336
R	HOLYLAND	A25BS		1992-01-01		Beer Sheva	BS			0	0	1		336
R	HOLYLAND	A26BS		1992-01-01		Beer Sheva	BS			0	0	1		336
R	HOLYLAND	A27BS		1992-01-01		Beer Sheva	BS			0	0	1		336
R	HOLYLAND	B20AZ		1992-01-01		Azza	AZ			0	0	1		336
R	HOLYLAND	B21AS		1992-01-01		Ashqelon	AS			0	0	1		336
R	HOLYLAND	B21AZ		1992-01-01		Azza	AZ			0	0	1		336
R	HOLYLAND	B21BS		1992-01-01		Beer Sheva	BS			0	0	1		336
R	HOLYLAND	B22AZ		1992-01-01		Azza	AZ			0	0	1		336
R	HOLYLAND	B22BS		1992-01-01		Beer Sheva	BS			0	0	1		336
R	HOLYLAND	B23AZ		1992-01-01		Azza	AZ			0	0	1		336
R	HOLYLAND	B23BS		1992-01-01		Beer Sheva	BS			0	0	1		336
R	HOLYLAND	B24BS		1992-01-01		Beer Sheva	BS			0	0	1		336
R	HOLYLAND	B25BS		1992-01-01		Beer Sheva	BS			0	0	1		336
R	HOLYLAND	B26BS		1992-01-01		Beer Sheva	BS			0	0	1		336
R	HOLYLAND	B27BS		1992-01-01		Beer Sheva	BS			0	0	1		336
R	HOLYLAND	B28BS		1992-01-01		Beer Sheva	BS			0	0	1		336
R	HOLYLAND	B29BS		1992-01-01		Beer Sheva	BS			0	0	1		336
R	HOLYLAND	C18AS		1992-01-01		Ashqelon	AS			0	0	1		336
R	HOLYLAND	C19AS		1992-01-01		Ashqelon	AS			0	0	1		336
R	HOLYLAND	C19AZ		1992-01-01		Azza	AZ			0	0	1		336
R	HOLYLAND	C20AS		1992-01-01		Ashqelon	AS			0	0	1		336
R	HOLYLAND	C20AZ		1992-01-01		Azza	AZ			0	0	1		336
R	HOLYLAND	C21AS		1992-01-01		Ashqelon	AS			0	0	1		336
R	HOLYLAND	C21AZ		1992-01-01		Azza	AZ			0	0	1		336
R	HOLYLAND	C21BS		1992-01-01		Beer Sheva	BS			0	0	1		336
R	HOLYLAND	C22BS		1992-01-01		Beer Sheva	BS			0	0	1		336
R	HOLYLAND	C23BS		1992-01-01		Beer Sheva	BS			0	0	1		336
R	HOLYLAND	C24BS		1992-01-01		Beer Sheva	BS			0	0	1		336
R	HOLYLAND	C25BS		1992-01-01		Beer Sheva	BS			0	0	1		336
R	HOLYLAND	C26BS		1992-01-01		Beer Sheva	BS			0	0	1		336
R	HOLYLAND	C27BS		1992-01-01		Beer Sheva	BS			0	0	1		336
R	HOLYLAND	C28BS		1992-01-01		Beer Sheva	BS			0	0	1		336
R	HOLYLAND	C29BS		1992-01-01		Beer Sheva	BS			0	0	1		336
R	HOLYLAND	C30BS		1992-01-01		Beer Sheva	BS			0	0	1		336
R	HOLYLAND	C31BS		1992-01-01		Beer Sheva	BS			0	0	1		336
R	HOLYLAND	C32BS		1992-01-01		Beer Sheva	BS			0	0	1		336
R	HOLYLAND	C33BS		1992-01-01		Beer Sheva	BS			0	0	1		336
R	HOLYLAND	D16AS		1992-01-01		Ashqelon	AS			0	0	1		336
R	HOLYLAND	D16RH		1992-01-01		Rechovot	RH			0	0	1		336
R	HOLYLAND	D17AS		1992-01-01		Ashqelon	AS			0	0	1		336
R	HOLYLAND	D17RH		1992-01-01		Rechovot	RH			0	0	1		336
R	HOLYLAND	D18AS		1992-01-01		Ashqelon	AS			0	0	1		336
R	HOLYLAND	D19AS		1992-01-01		Ashqelon	AS			0	0	1		336
R	HOLYLAND	D20AS		1992-01-01		Ashqelon	AS			0	0	1		336
R	HOLYLAND	D20BS		1992-01-01		Beer Sheva	BS			0	0	1		336
R	HOLYLAND	D21AS		1992-01-01		Ashqelon	AS			0	0	1		336
R	HOLYLAND	D21BS		1992-01-01		Beer Sheva	BS			0	0	1		336
R	HOLYLAND	D22BS		1992-01-01		Beer Sheva	BS			0	0	1		336
R	HOLYLAND	D23BS		1992-01-01		Beer Sheva	BS			0	0	1		336
R	HOLYLAND	D24BS		1992-01-01		Beer Sheva	BS			0	0	1		336
R	HOLYLAND	D25BS		1992-01-01		Beer Sheva	BS			0	0	1		336
R	HOLYLAND	D26BS		1992-01-01		Beer Sheva	BS			0	0	1		336
R	HOLYLAND	D27BS		1992-01-01		Beer Sheva	BS			0	0	1		336
R	HOLYLAND	D28BS		1992-01-01		Beer Sheva	BS			0	0	1		336
R	HOLYLAND	D29BS		1992-01-01		Beer Sheva	BS			0	0	1		336
R	HOLYLAND	D30BS		1992-01-01		Beer Sheva	BS			0	0	1		336
R	HOLYLAND	D31BS		1992-01-01		Beer Sheva	BS			0	0	1		336
R	HOLYLAND	D32BS		1992-01-01		Beer Sheva	BS			0	0	1		336
R	HOLYLAND	D33BS		1992-01-01		Beer Sheva	BS			0	0	1		336
R	HOLYLAND	D34BS		1992-01-01		Beer Sheva	BS			0	0	1		336
R	HOLYLAND	D35BS		1992-01-01		Beer Sheva	BS			0	0	1		336
R	HOLYLAND	E13TA		1992-01-01		Tel Aviv	TA			0	0	1		336
R	HOLYLAND	E14TA		1992-01-01		Tel Aviv	TA			0	0	1		336
R	HOLYLAND	E15RH		1992-01-01		Rechovot	RH			0	0	1		336
R	HOLYLAND	E15TA		1992-01-01		Tel Aviv	TA			0	0	1		336
R	HOLYLAND	E16AS		1992-01-01		Ashqelon	AS			0	0	1		336
R	HOLYLAND	E16RH		1992-01-01		Rechovot	RH			0	0	1		336
R	HOLYLAND	E17AS		1992-01-01		Ashqelon	AS			0	0	1		336
R	HOLYLAND	E17RH		1992-01-01		Rechovot	RH			0	0	1		336
R	HOLYLAND	E18AS		1992-01-01		Ashqelon	AS			0	0	1		336
R	HOLYLAND	E18RH		1992-01-01		Rechovot	RH			0	0	1		336
R	HOLYLAND	E19AS		1992-01-01		Ashqelon	AS			0	0	1		336
R	HOLYLAND	E20AS		1992-01-01		Ashqelon	AS			0	0	1		336
R	HOLYLAND	E21AS		1992-01-01		Ashqelon	AS			0	0	1		336
R	HOLYLAND	E21BS		1992-01-01		Beer Sheva	BS			0	0	1		336
R	HOLYLAND	E22BS		1992-01-01		Beer Sheva	BS			0	0	1		336
R	HOLYLAND	E23BS		1992-01-01		Beer Sheva	BS			0	0	1		336
R	HOLYLAND	E24BS		1992-01-01		Beer Sheva	BS			0	0	1		336
R	HOLYLAND	E25BS		1992-01-01		Beer Sheva	BS			0	0	1		336
R	HOLYLAND	E26BS		1992-01-01		Beer Sheva	BS			0	0	1		336
R	HOLYLAND	E27BS		1992-01-01		Beer Sheva	BS			0	0	1		336
R	HOLYLAND	E28BS		1992-01-01		Beer Sheva	BS			0	0	1		336
R	HOLYLAND	E29BS		1992-01-01		Beer Sheva	BS			0	0	1		336
R	HOLYLAND	E30BS		1992-01-01		Beer Sheva	BS			0	0	1		336
R	HOLYLAND	E31BS		1992-01-01		Beer Sheva	BS			0	0	1		336
R	HOLYLAND	E32BS		1992-01-01		Beer Sheva	BS			0	0	1		336
R	HOLYLAND	E33BS		1992-01-01		Beer Sheva	BS			0	0	1		336
R	HOLYLAND	E34BS		1992-01-01		Beer Sheva	BS			0	0	1		336
R	HOLYLAND	E35BS		1992-01-01		Beer Sheva	BS			0	0	1		336
R	HOLYLAND	E36BS		1992-01-01		Beer Sheva	BS			0	0	1		336
R	HOLYLAND	E37BS		1992-01-01		Beer Sheva	BS			0	0	1		336
R	HOLYLAND	E38BS		1992-01-01		Beer Sheva	BS			0	0	1		336
R	HOLYLAND	F09HD		1992-01-01		Hadera	HD			0	0	1		336
R	HOLYLAND	F10HD		1992-01-01		Hadera	HD			0	0	1		336
R	HOLYLAND	F10HS		1992-01-01		Hasharon	HS			0	0	1		336
R	HOLYLAND	F11HS		1992-01-01		Hasharon	HS			0	0	1		336
R	HOLYLAND	F12HS		1992-01-01		Hasharon	HS			0	0	1		336
R	HOLYLAND	F12PT		1992-01-01		Petah Tiqwa	PT			0	0	1		336
R	HOLYLAND	F13HS		1992-01-01		Hasharon	HS			0	0	1		336
R	HOLYLAND	F13PT		1992-01-01		Petah Tiqwa	PT			0	0	1		336
R	HOLYLAND	F13TA		1992-01-01		Tel Aviv	TA			0	0	1		336
R	HOLYLAND	F14PT		1992-01-01		Petah Tiqwa	PT			0	0	1		336
R	HOLYLAND	F14TA		1992-01-01		Tel Aviv	TA			0	0	1		336
R	HOLYLAND	F15PT		1992-01-01		Petah Tiqwa	PT			0	0	1		336
R	HOLYLAND	F15RH		1992-01-01		Rechovot	RH			0	0	1		336
R	HOLYLAND	F15RM		1992-01-01		Ramla	RM			0	0	1		336
R	HOLYLAND	F15TA		1992-01-01		Tel Aviv	TA			0	0	1		336
R	HOLYLAND	F16RH		1992-01-01		Rechovot	RH			0	0	1		336
R	HOLYLAND	F16RM		1992-01-01		Ramla	RM			0	0	1		336
R	HOLYLAND	F17AS		1992-01-01		Ashqelon	AS			0	0	1		336
R	HOLYLAND	F17JS		1992-01-01		Jerusalem	JS			0	0	1		336
R	HOLYLAND	F17RH		1992-01-01		Rechovot	RH			0	0	1		336
R	HOLYLAND	F17RM		1992-01-01		Ramla	RM			0	0	1		336
R	HOLYLAND	F18AS		1992-01-01		Ashqelon	AS			0	0	1		336
R	HOLYLAND	F18JS		1992-01-01		Jerusalem	JS			0	0	1		336
R	HOLYLAND	F18RH		1992-01-01		Rechovot	RH			0	0	1		336
R	HOLYLAND	F19AS		1992-01-01		Ashqelon	AS			0	0	1		336
R	HOLYLAND	F19JS		1992-01-01		Jerusalem	JS			0	0	1		336
R	HOLYLAND	F20AS		1992-01-01		Ashqelon	AS			0	0	1		336
R	HOLYLAND	F21AS		1992-01-01		Ashqelon	AS			0	0	1		336
R	HOLYLAND	F21BS		1992-01-01		Beer Sheva	BS			0	0	1		336
R	HOLYLAND	F21HB		1992-01-01		Hebron	HB			0	0	1		336
R	HOLYLAND	F22BS		1992-01-01		Beer Sheva	BS			0	0	1		336
R	HOLYLAND	F22HB		1992-01-01		Hebron	HB			0	0	1		336
R	HOLYLAND	F23BS		1992-01-01		Beer Sheva	BS			0	0	1		336
R	HOLYLAND	F24BS		1992-01-01		Beer Sheva	BS			0	0	1		336
R	HOLYLAND	F25BS		1992-01-01		Beer Sheva	BS			0	0	1		336
R	HOLYLAND	F26BS		1992-01-01		Beer Sheva	BS			0	0	1		336
R	HOLYLAND	F27BS		1992-01-01		Beer Sheva	BS			0	0	1		336
R	HOLYLAND	F28BS		1992-01-01		Beer Sheva	BS			0	0	1		336
R	HOLYLAND	F29BS		1992-01-01		Beer Sheva	BS			0	0	1		336
R	HOLYLAND	F30BS		1992-01-01		Beer Sheva	BS			0	0	1		336
R	HOLYLAND	F31BS		1992-01-01		Beer Sheva	BS			0	0	1		336
R	HOLYLAND	F32BS		1992-01-01		Beer Sheva	BS			0	0	1		336
R	HOLYLAND	F33BS		1992-01-01		Beer Sheva	BS			0	0	1		336
R	HOLYLAND	F34BS		1992-01-01		Beer Sheva	BS			0	0	1		336
R	HOLYLAND	F35BS		1992-01-01		Beer Sheva	BS			0	0	1		336
R	HOLYLAND	F36BS		1992-01-01		Beer Sheva	BS			0	0	1		336
R	HOLYLAND	F37BS		1992-01-01		Beer Sheva	BS			0	0	1		336
R	HOLYLAND	F38BS		1992-01-01		Beer Sheva	BS			0	0	1		336
R	HOLYLAND	F39BS		1992-01-01		Beer Sheva	BS			0	0	1		336
R	HOLYLAND	F40BS		1992-01-01		Beer Sheva	BS			0	0	1		336
R	HOLYLAND	F41BS		1992-01-01		Beer Sheva	BS			0	0	1		336
R	HOLYLAND	F42BS		1992-01-01		Beer Sheva	BS			0	0	1		336
R	HOLYLAND	F43BS		1992-01-01		Beer Sheva	BS			0	0	1		336
R	HOLYLAND	G06HD		1992-01-01		Hadera	HD			0	0	1		336
R	HOLYLAND	G06HF		1992-01-01		Haifa	HF			0	0	1		336
R	HOLYLAND	G07HD		1992-01-01		Hadera	HD			0	0	1		336
R	HOLYLAND	G07HF		1992-01-01		Haifa	HF			0	0	1		336
R	HOLYLAND	G08HD		1992-01-01		Hadera	HD			0	0	1		336
R	HOLYLAND	G09HD		1992-01-01		Hadera	HD			0	0	1		336
R	HOLYLAND	G10HD		1992-01-01		Hadera	HD			0	0	1		336
R	HOLYLAND	G10HS		1992-01-01		Hasharon	HS			0	0	1		336
R	HOLYLAND	G11HS		1992-01-01		Hasharon	HS			0	0	1		336
R	HOLYLAND	G12HS		1992-01-01		Hasharon	HS			0	0	1		336
R	HOLYLAND	G12PT		1992-01-01		Petah Tiqwa	PT			0	0	1		336
R	HOLYLAND	G12TK		1992-01-01		Tulkarm	TK			0	0	1		336
R	HOLYLAND	G13PT		1992-01-01		Petah Tiqwa	PT			0	0	1		336
R	HOLYLAND	G13TK		1992-01-01		Tulkarm	TK			0	0	1		336
R	HOLYLAND	G14PT		1992-01-01		Petah Tiqwa	PT			0	0	1		336
R	HOLYLAND	G14TK		1992-01-01		Tulkarm	TK			0	0	1		336
R	HOLYLAND	G15PT		1992-01-01		Petah Tiqwa	PT			0	0	1		336
R	HOLYLAND	G15RA		1992-01-01		Ramallah	RA			0	0	1		336
R	HOLYLAND	G15RM		1992-01-01		Ramla	RM			0	0	1		336
R	HOLYLAND	G16JS		1992-01-01		Jerusalem	JS			0	0	1		336
R	HOLYLAND	G16RA		1992-01-01		Ramallah	RA			0	0	1		336
R	HOLYLAND	G16RM		1992-01-01		Ramla	RM			0	0	1		336
R	HOLYLAND	G17JS		1992-01-01		Jerusalem	JS			0	0	1		336
R	HOLYLAND	G17RA		1992-01-01		Ramallah	RA			0	0	1		336
R	HOLYLAND	G17RM		1992-01-01		Ramla	RM			0	0	1		336
R	HOLYLAND	G18JS		1992-01-01		Jerusalem	JS			0	0	1		336
R	HOLYLAND	G19AS		1992-01-01		Ashqelon	AS			0	0	1		336
R	HOLYLAND	G19HB		1992-01-01		Hebron	HB			0	0	1		336
R	HOLYLAND	G19JS		1992-01-01		Jerusalem	JS			0	0	1		336
R	HOLYLAND	G20AS		1992-01-01		Ashqelon	AS			0	0	1		336
R	HOLYLAND	G20HB		1992-01-01		Hebron	HB			0	0	1		336
R	HOLYLAND	G21AS		1992-01-01		Ashqelon	AS			0	0	1		336
R	HOLYLAND	G21HB		1992-01-01		Hebron	HB			0	0	1		336
R	HOLYLAND	G22BS		1992-01-01		Beer Sheva	BS			0	0	1		336
R	HOLYLAND	G22HB		1992-01-01		Hebron	HB			0	0	1		336
R	HOLYLAND	G23BS		1992-01-01		Beer Sheva	BS			0	0	1		336
R	HOLYLAND	G24BS		1992-01-01		Beer Sheva	BS			0	0	1		336
R	HOLYLAND	G25BS		1992-01-01		Beer Sheva	BS			0	0	1		336
R	HOLYLAND	G26BS		1992-01-01		Beer Sheva	BS			0	0	1		336
R	HOLYLAND	G27BS		1992-01-01		Beer Sheva	BS			0	0	1		336
R	HOLYLAND	G28BS		1992-01-01		Beer Sheva	BS			0	0	1		336
R	HOLYLAND	G29BS		1992-01-01		Beer Sheva	BS			0	0	1		336
R	HOLYLAND	G30BS		1992-01-01		Beer Sheva	BS			0	0	1		336
R	HOLYLAND	G31BS		1992-01-01		Beer Sheva	BS			0	0	1		336
R	HOLYLAND	G32BS		1992-01-01		Beer Sheva	BS			0	0	1		336
R	HOLYLAND	G33BS		1992-01-01		Beer Sheva	BS			0	0	1		336
R	HOLYLAND	G34BS		1992-01-01		Beer Sheva	BS			0	0	1		336
R	HOLYLAND	G35BS		1992-01-01		Beer Sheva	BS			0	0	1		336
R	HOLYLAND	G36BS		1992-01-01		Beer Sheva	BS			0	0	1		336
R	HOLYLAND	G37BS		1992-01-01		Beer Sheva	BS			0	0	1		336
R	HOLYLAND	G38BS		1992-01-01		Beer Sheva	BS			0	0	1		336
R	HOLYLAND	G39BS		1992-01-01		Beer Sheva	BS			0	0	1		336
R	HOLYLAND	G40BS		1992-01-01		Beer Sheva	BS			0	0	1		336
R	HOLYLAND	G41BS		1992-01-01		Beer Sheva	BS			0	0	1		336
R	HOLYLAND	G42BS		1992-01-01		Beer Sheva	BS			0	0	1		336
R	HOLYLAND	G43BS		1992-01-01		Beer Sheva	BS			0	0	1		336
R	HOLYLAND	H03AK		1992-01-01		Akko	AK			0	0	1		336
R	HOLYLAND	H04AK		1992-01-01		Akko	AK			0	0	1		336
R	HOLYLAND	H05AK		1992-01-01		Akko	AK			0	0	1		336
R	HOLYLAND	H05HF		1992-01-01		Haifa	HF			0	0	1		336
R	HOLYLAND	H06AK		1992-01-01		Akko	AK			0	0	1		336
R	HOLYLAND	H06HF		1992-01-01		Haifa	HF			0	0	1		336
R	HOLYLAND	H07HD		1992-01-01		Hadera	HD			0	0	1		336
R	HOLYLAND	H07HF		1992-01-01		Haifa	HF			0	0	1		336
R	HOLYLAND	H07YZ		1992-01-01		Yizreel	YZ			0	0	1		336
R	HOLYLAND	H08HD		1992-01-01		Hadera	HD			0	0	1		336
R	HOLYLAND	H08HF		1992-01-01		Haifa	HF			0	0	1		336
R	HOLYLAND	H08YZ		1992-01-01		Yizreel	YZ			0	0	1		336
R	HOLYLAND	H09HD		1992-01-01		Hadera	HD			0	0	1		336
R	HOLYLAND	H09YZ		1992-01-01		Yizreel	YZ			0	0	1		336
R	HOLYLAND	H10HD		1992-01-01		Hadera	HD			0	0	1		336
R	HOLYLAND	H10JN		1992-01-01		Jenin	JN			0	0	1		336
R	HOLYLAND	H10TK		1992-01-01		Tulkarm	TK			0	0	1		336
R	HOLYLAND	H11HD		1992-01-01		Hadera	HD			0	0	1		336
R	HOLYLAND	H11HS		1992-01-01		Hasharon	HS			0	0	1		336
R	HOLYLAND	H11TK		1992-01-01		Tulkarm	TK			0	0	1		336
R	HOLYLAND	H12HS		1992-01-01		Hasharon	HS			0	0	1		336
R	HOLYLAND	H12PT		1992-01-01		Petah Tiqwa	PT			0	0	1		336
R	HOLYLAND	H12TK		1992-01-01		Tulkarm	TK			0	0	1		336
R	HOLYLAND	H13TK		1992-01-01		Tulkarm	TK			0	0	1		336
R	HOLYLAND	H14PT		1992-01-01		Petah Tiqwa	PT			0	0	1		336
R	HOLYLAND	H14RA		1992-01-01		Ramallah	RA			0	0	1		336
R	HOLYLAND	H14TK		1992-01-01		Tulkarm	TK			0	0	1		336
R	HOLYLAND	H15PT		1992-01-01		Petah Tiqwa	PT			0	0	1		336
R	HOLYLAND	H15RA		1992-01-01		Ramallah	RA			0	0	1		336
R	HOLYLAND	H15RM		1992-01-01		Ramla	RM			0	0	1		336
R	HOLYLAND	H16JS		1992-01-01		Jerusalem	JS			0	0	1		336
R	HOLYLAND	H16RA		1992-01-01		Ramallah	RA			0	0	1		336
R	HOLYLAND	H16RM		1992-01-01		Ramla	RM			0	0	1		336
R	HOLYLAND	H17JS		1992-01-01		Jerusalem	JS			0	0	1		336
R	HOLYLAND	H17RA		1992-01-01		Ramallah	RA			0	0	1		336
R	HOLYLAND	H18BL		1992-01-01		Bethlehem	BL			0	0	1		336
R	HOLYLAND	H18HB		1992-01-01		Hebron	HB			0	0	1		336
R	HOLYLAND	H18JS		1992-01-01		Jerusalem	JS			0	0	1		336
R	HOLYLAND	H19BL		1992-01-01		Bethlehem	BL			0	0	1		336
R	HOLYLAND	H19HB		1992-01-01		Hebron	HB			0	0	1		336
R	HOLYLAND	H19JS		1992-01-01		Jerusalem	JS			0	0	1		336
R	HOLYLAND	H20HB		1992-01-01		Hebron	HB			0	0	1		336
R	HOLYLAND	H21HB		1992-01-01		Hebron	HB			0	0	1		336
R	HOLYLAND	H22BS		1992-01-01		Beer Sheva	BS			0	0	1		336
R	HOLYLAND	H22HB		1992-01-01		Hebron	HB			0	0	1		336
R	HOLYLAND	H23BS		1992-01-01		Beer Sheva	BS			0	0	1		336
R	HOLYLAND	H24BS		1992-01-01		Beer Sheva	BS			0	0	1		336
R	HOLYLAND	H25BS		1992-01-01		Beer Sheva	BS			0	0	1		336
R	HOLYLAND	H26BS		1992-01-01		Beer Sheva	BS			0	0	1		336
R	HOLYLAND	H27BS		1992-01-01		Beer Sheva	BS			0	0	1		336
R	HOLYLAND	H28BS		1992-01-01		Beer Sheva	BS			0	0	1		336
R	HOLYLAND	H29BS		1992-01-01		Beer Sheva	BS			0	0	1		336
R	HOLYLAND	H30BS		1992-01-01		Beer Sheva	BS			0	0	1		336
R	HOLYLAND	H31BS		1992-01-01		Beer Sheva	BS			0	0	1		336
R	HOLYLAND	H32BS		1992-01-01		Beer Sheva	BS			0	0	1		336
R	HOLYLAND	H33BS		1992-01-01		Beer Sheva	BS			0	0	1		336
R	HOLYLAND	H34BS		1992-01-01		Beer Sheva	BS			0	0	1		336
R	HOLYLAND	H35BS		1992-01-01		Beer Sheva	BS			0	0	1		336
R	HOLYLAND	H36BS		1992-01-01		Beer Sheva	BS			0	0	1		336
R	HOLYLAND	H37BS		1992-01-01		Beer Sheva	BS			0	0	1		336
R	HOLYLAND	H38BS		1992-01-01		Beer Sheva	BS			0	0	1		336
R	HOLYLAND	H39BS		1992-01-01		Beer Sheva	BS			0	0	1		336
R	HOLYLAND	H40BS		1992-01-01		Beer Sheva	BS			0	0	1		336
R	HOLYLAND	H41BS		1992-01-01		Beer Sheva	BS			0	0	1		336
R	HOLYLAND	J03AK		1992-01-01		Akko	AK			0	0	1		336
R	HOLYLAND	J04AK		1992-01-01		Akko	AK			0	0	1		336
R	HOLYLAND	J05AK		1992-01-01		Akko	AK			0	0	1		336
R	HOLYLAND	J05HF		1992-01-01		Haifa	HF			0	0	1		336
R	HOLYLAND	J06AK		1992-01-01		Akko	AK			0	0	1		336
R	HOLYLAND	J06HF		1992-01-01		Haifa	HF			0	0	1		336
R	HOLYLAND	J06YZ		1992-01-01		Yizreel	YZ			0	0	1		336
R	HOLYLAND	J07AK		1992-01-01		Akko	AK			0	0	1		336
R	HOLYLAND	J07HF		1992-01-01		Haifa	HF			0	0	1		336
R	HOLYLAND	J07YZ		1992-01-01		Yizreel	YZ			0	0	1		336
R	HOLYLAND	J08YZ		1992-01-01		Yizreel	YZ			0	0	1		336
R	HOLYLAND	J09HD		1992-01-01		Hadera	HD			0	0	1		336
R	HOLYLAND	J09JN		1992-01-01		Jenin	JN			0	0	1		336
R	HOLYLAND	J09YZ		1992-01-01		Yizreel	YZ			0	0	1		336
R	HOLYLAND	J10HD		1992-01-01		Hadera	HD			0	0	1		336
R	HOLYLAND	J10JN		1992-01-01		Jenin	JN			0	0	1		336
R	HOLYLAND	J10TK		1992-01-01		Tulkarm	TK			0	0	1		336
R	HOLYLAND	J11JN		1992-01-01		Jenin	JN			0	0	1		336
R	HOLYLAND	J11SM		1992-01-01		Shekhem	SM			0	0	1		336
R	HOLYLAND	J11TK		1992-01-01		Tulkarm	TK			0	0	1		336
R	HOLYLAND	J12SM		1992-01-01		Shekhem	SM			0	0	1		336
R	HOLYLAND	J12TK		1992-01-01		Tulkarm	TK			0	0	1		336
R	HOLYLAND	J13SM		1992-01-01		Shekhem	SM			0	0	1		336
R	HOLYLAND	J13TK		1992-01-01		Tulkarm	TK			0	0	1		336
R	HOLYLAND	J14RA		1992-01-01		Ramallah	RA			0	0	1		336
R	HOLYLAND	J14TK		1992-01-01		Tulkarm	TK			0	0	1		336
R	HOLYLAND	J15RA		1992-01-01		Ramallah	RA			0	0	1		336
R	HOLYLAND	J16JS		1992-01-01		Jerusalem	JS			0	0	1		336
R	HOLYLAND	J16RA		1992-01-01		Ramallah	RA			0	0	1		336
R	HOLYLAND	J17JS		1992-01-01		Jerusalem	JS			0	0	1		336
R	HOLYLAND	J17RA		1992-01-01		Ramallah	RA			0	0	1		336
R	HOLYLAND	J18BL		1992-01-01		Bethlehem	BL			0	0	1		336
R	HOLYLAND	J18JS		1992-01-01		Jerusalem	JS			0	0	1		336
R	HOLYLAND	J19BL		1992-01-01		Bethlehem	BL			0	0	1		336
R	HOLYLAND	J19HB		1992-01-01		Hebron	HB			0	0	1		336
R	HOLYLAND	J20HB		1992-01-01		Hebron	HB			0	0	1		336
R	HOLYLAND	J21HB		1992-01-01		Hebron	HB			0	0	1		336
R	HOLYLAND	J22BS		1992-01-01		Beer Sheva	BS			0	0	1		336
R	HOLYLAND	J22HB		1992-01-01		Hebron	HB			0	0	1		336
R	HOLYLAND	J23BS		1992-01-01		Beer Sheva	BS			0	0	1		336
R	HOLYLAND	J24BS		1992-01-01		Beer Sheva	BS			0	0	1		336
R	HOLYLAND	J25BS		1992-01-01		Beer Sheva	BS			0	0	1		336
R	HOLYLAND	J26BS		1992-01-01		Beer Sheva	BS			0	0	1		336
R	HOLYLAND	J27BS		1992-01-01		Beer Sheva	BS			0	0	1		336
R	HOLYLAND	J28BS		1992-01-01		Beer Sheva	BS			0	0	1		336
R	HOLYLAND	J29BS		1992-01-01		Beer Sheva	BS			0	0	1		336
R	HOLYLAND	J30BS		1992-01-01		Beer Sheva	BS			0	0	1		336
R	HOLYLAND	J31BS		1992-01-01		Beer Sheva	BS			0	0	1		336
R	HOLYLAND	J32BS		1992-01-01		Beer Sheva	BS			0	0	1		336
R	HOLYLAND	J33BS		1992-01-01		Beer Sheva	BS			0	0	1		336
R	HOLYLAND	J34BS		1992-01-01		Beer Sheva	BS			0	0	1		336
R	HOLYLAND	J35BS		1992-01-01		Beer Sheva	BS			0	0	1		336
R	HOLYLAND	J36BS		1992-01-01		Beer Sheva	BS			0	0	1		336
R	HOLYLAND	J37BS		1992-01-01		Beer Sheva	BS			0	0	1		336
R	HOLYLAND	K03AK		1992-01-01		Akko	AK			0	0	1		336
R	HOLYLAND	K04AK		1992-01-01		Akko	AK			0	0	1		336
R	HOLYLAND	K05AK		1992-01-01		Akko	AK			0	0	1		336
R	HOLYLAND	K06AK		1992-01-01		Akko	AK			0	0	1		336
R	HOLYLAND	K06YZ		1992-01-01		Yizreel	YZ			0	0	1		336
R	HOLYLAND	K07YZ		1992-01-01		Yizreel	YZ			0	0	1		336
R	HOLYLAND	K08YZ		1992-01-01		Yizreel	YZ			0	0	1		336
R	HOLYLAND	K09JN		1992-01-01		Jenin	JN			0	0	1		336
R	HOLYLAND	K09YZ		1992-01-01		Yizreel	YZ			0	0	1		336
R	HOLYLAND	K10JN		1992-01-01		Jenin	JN			0	0	1		336
R	HOLYLAND	K11JN		1992-01-01		Jenin	JN			0	0	1		336
R	HOLYLAND	K11SM		1992-01-01		Shekhem	SM			0	0	1		336
R	HOLYLAND	K12SM		1992-01-01		Shekhem	SM			0	0	1		336
R	HOLYLAND	K13SM		1992-01-01		Shekhem	SM			0	0	1		336
R	HOLYLAND	K13TK		1992-01-01		Tulkarm	TK			0	0	1		336
R	HOLYLAND	K14RA		1992-01-01		Ramallah	RA			0	0	1		336
R	HOLYLAND	K14SM		1992-01-01		Shekhem	SM			0	0	1		336
R	HOLYLAND	K14TK		1992-01-01		Tulkarm	TK			0	0	1		336
R	HOLYLAND	K15RA		1992-01-01		Ramallah	RA			0	0	1		336
R	HOLYLAND	K16JS		1992-01-01		Jerusalem	JS			0	0	1		336
R	HOLYLAND	K16RA		1992-01-01		Ramallah	RA			0	0	1		336
R	HOLYLAND	K17BL		1992-01-01		Bethlehem	BL			0	0	1		336
R	HOLYLAND	K17JS		1992-01-01		Jerusalem	JS			0	0	1		336
R	HOLYLAND	K17RA		1992-01-01		Ramallah	RA			0	0	1		336
R	HOLYLAND	K18BL		1992-01-01		Bethlehem	BL			0	0	1		336
R	HOLYLAND	K18JS		1992-01-01		Jerusalem	JS			0	0	1		336
R	HOLYLAND	K19BL		1992-01-01		Bethlehem	BL			0	0	1		336
R	HOLYLAND	K19HB		1992-01-01		Hebron	HB			0	0	1		336
R	HOLYLAND	K20BL		1992-01-01		Bethlehem	BL			0	0	1		336
R	HOLYLAND	K20HB		1992-01-01		Hebron	HB			0	0	1		336
R	HOLYLAND	K21BL		1992-01-01		Bethlehem	BL			0	0	1		336
R	HOLYLAND	K21BS		1992-01-01		Beer Sheva	BS			0	0	1		336
R	HOLYLAND	K21HB		1992-01-01		Hebron	HB			0	0	1		336
R	HOLYLAND	K22BS		1992-01-01		Beer Sheva	BS			0	0	1		336
R	HOLYLAND	K22HB		1992-01-01		Hebron	HB			0	0	1		336
R	HOLYLAND	K23BS		1992-01-01		Beer Sheva	BS			0	0	1		336
R	HOLYLAND	K24BS		1992-01-01		Beer Sheva	BS			0	0	1		336
R	HOLYLAND	K25BS		1992-01-01		Beer Sheva	BS			0	0	1		336
R	HOLYLAND	K26BS		1992-01-01		Beer Sheva	BS			0	0	1		336
R	HOLYLAND	K27BS		1992-01-01		Beer Sheva	BS			0	0	1		336
R	HOLYLAND	K28BS		1992-01-01		Beer Sheva	BS			0	0	1		336
R	HOLYLAND	K29BS		1992-01-01		Beer Sheva	BS			0	0	1		336
R	HOLYLAND	K30BS		1992-01-01		Beer Sheva	BS			0	0	1		336
R	HOLYLAND	L03AK		1992-01-01		Akko	AK			0	0	1		336
R	HOLYLAND	L03ZF		1992-01-01		Zefat	ZF			0	0	1		336
R	HOLYLAND	L04AK		1992-01-01		Akko	AK			0	0	1		336
R	HOLYLAND	L04ZF		1992-01-01		Zefat	ZF			0	0	1		336
R	HOLYLAND	L05AK		1992-01-01		Akko	AK			0	0	1		336
R	HOLYLAND	L05KT		1992-01-01		Kinneret	KT			0	0	1		336
R	HOLYLAND	L05ZF		1992-01-01		Zefat	ZF			0	0	1		336
R	HOLYLAND	L06AK		1992-01-01		Akko	AK			0	0	1		336
R	HOLYLAND	L06KT		1992-01-01		Kinneret	KT			0	0	1		336
R	HOLYLAND	L06YZ		1992-01-01		Yizreel	YZ			0	0	1		336
R	HOLYLAND	L07KT		1992-01-01		Kinneret	KT			0	0	1		336
R	HOLYLAND	L07YZ		1992-01-01		Yizreel	YZ			0	0	1		336
R	HOLYLAND	L08YZ		1992-01-01		Yizreel	YZ			0	0	1		336
R	HOLYLAND	L09JN		1992-01-01		Jenin	JN			0	0	1		336
R	HOLYLAND	L09YZ		1992-01-01		Yizreel	YZ			0	0	1		336
R	HOLYLAND	L10JN		1992-01-01		Jenin	JN			0	0	1		336
R	HOLYLAND	L10YZ		1992-01-01		Yizreel	YZ			0	0	1		336
R	HOLYLAND	L11JN		1992-01-01		Jenin	JN			0	0	1		336
R	HOLYLAND	L11YN		1992-01-01		Yarden	YN			0	0	1		336
R	HOLYLAND	L12JN		1992-01-01		Jenin	JN			0	0	1		336
R	HOLYLAND	L12SM		1992-01-01		Shekhem	SM			0	0	1		336
R	HOLYLAND	L12YN		1992-01-01		Yarden	YN			0	0	1		336
R	HOLYLAND	L13SM		1992-01-01		Shekhem	SM			0	0	1		336
R	HOLYLAND	L13YN		1992-01-01		Yarden	YN			0	0	1		336
R	HOLYLAND	L14RA		1992-01-01		Ramallah	RA			0	0	1		336
R	HOLYLAND	L14SM		1992-01-01		Shekhem	SM			0	0	1		336
R	HOLYLAND	L14YN		1992-01-01		Yarden	YN			0	0	1		336
R	HOLYLAND	L15RA		1992-01-01		Ramallah	RA			0	0	1		336
R	HOLYLAND	L15YN		1992-01-01		Yarden	YN			0	0	1		336
R	HOLYLAND	L16RA		1992-01-01		Ramallah	RA			0	0	1		336
R	HOLYLAND	L16YN		1992-01-01		Yarden	YN			0	0	1		336
R	HOLYLAND	L17BL		1992-01-01		Bethlehem	BL			0	0	1		336
R	HOLYLAND	L17RA		1992-01-01		Ramallah	RA			0	0	1		336
R	HOLYLAND	L17YN		1992-01-01		Yarden	YN			0	0	1		336
R	HOLYLAND	L18BL		1992-01-01		Bethlehem	BL			0	0	1		336
R	HOLYLAND	L19BL		1992-01-01		Bethlehem	BL			0	0	1		336
R	HOLYLAND	L19YN		1992-01-01		Yarden	YN			0	0	1		336
R	HOLYLAND	L20BL		1992-01-01		Bethlehem	BL			0	0	1		336
R	HOLYLAND	L20BS		1992-01-01		Beer Sheva	BS			0	0	1		336
R	HOLYLAND	L20YN		1992-01-01		Yarden	YN			0	0	1		336
R	HOLYLAND	L21BL		1992-01-01		Bethlehem	BL			0	0	1		336
R	HOLYLAND	L21BS		1992-01-01		Beer Sheva	BS			0	0	1		336
R	HOLYLAND	L21HB		1992-01-01		Hebron	HB			0	0	1		336
R	HOLYLAND	L21YN		1992-01-01		Yarden	YN			0	0	1		336
R	HOLYLAND	L22BS		1992-01-01		Beer Sheva	BS			0	0	1		336
R	HOLYLAND	L23BS		1992-01-01		Beer Sheva	BS			0	0	1		336
R	HOLYLAND	L24BS		1992-01-01		Beer Sheva	BS			0	0	1		336
R	HOLYLAND	L25BS		1992-01-01		Beer Sheva	BS			0	0	1		336
R	HOLYLAND	L26BS		1992-01-01		Beer Sheva	BS			0	0	1		336
R	HOLYLAND	L27BS		1992-01-01		Beer Sheva	BS			0	0	1		336
R	HOLYLAND	L28BS		1992-01-01		Beer Sheva	BS			0	0	1		336
R	HOLYLAND	M02ZF		1992-01-01		Zefat	ZF			0	0	1		336
R	HOLYLAND	M03ZF		1992-01-01		Zefat	ZF			0	0	1		336
R	HOLYLAND	M04AK		1992-01-01		Akko	AK			0	0	1		336
R	HOLYLAND	M04ZF		1992-01-01		Zefat	ZF			0	0	1		336
R	HOLYLAND	M05KT		1992-01-01		Kinneret	KT			0	0	1		336
R	HOLYLAND	M05ZF		1992-01-01		Zefat	ZF			0	0	1		336
R	HOLYLAND	M06KT		1992-01-01		Kinneret	KT			0	0	1		336
R	HOLYLAND	M07KT		1992-01-01		Kinneret	KT			0	0	1		336
R	HOLYLAND	M08KT		1992-01-01		Kinneret	KT			0	0	1		336
R	HOLYLAND	M08YZ		1992-01-01		Yizreel	YZ			0	0	1		336
R	HOLYLAND	M09YZ		1992-01-01		Yizreel	YZ			0	0	1		336
R	HOLYLAND	M10JN		1992-01-01		Jenin	JN			0	0	1		336
R	HOLYLAND	M10YN		1992-01-01		Yarden	YN			0	0	1		336
R	HOLYLAND	M10YZ		1992-01-01		Yizreel	YZ			0	0	1		336
R	HOLYLAND	M11JN		1992-01-01		Jenin	JN			0	0	1		336
R	HOLYLAND	M11YN		1992-01-01		Yarden	YN			0	0	1		336
R	HOLYLAND	M11YZ		1992-01-01		Yizreel	YZ			0	0	1		336
R	HOLYLAND	M12JN		1992-01-01		Jenin	JN			0	0	1		336
R	HOLYLAND	M12YN		1992-01-01		Yarden	YN			0	0	1		336
R	HOLYLAND	M13YN		1992-01-01		Yarden	YN			0	0	1		336
R	HOLYLAND	M14YN		1992-01-01		Yarden	YN			0	0	1		336
R	HOLYLAND	M15YN		1992-01-01		Yarden	YN			0	0	1		336
R	HOLYLAND	M16YN		1992-01-01		Yarden	YN			0	0	1		336
R	HOLYLAND	M17BL		1992-01-01		Bethlehem	BL			0	0	1		336
R	HOLYLAND	M17YN		1992-01-01		Yarden	YN			0	0	1		336
R	HOLYLAND	M18BL		1992-01-01		Bethlehem	BL			0	0	1		336
R	HOLYLAND	M18YN		1992-01-01		Yarden	YN			0	0	1		336
R	HOLYLAND	M19YN		1992-01-01		Yarden	YN			0	0	1		336
R	HOLYLAND	M25BS		1992-01-01		Beer Sheva	BS			0	0	1		336
R	HOLYLAND	M26BS		1992-01-01		Beer Sheva	BS			0	0	1		336
R	HOLYLAND	N01HG		1992-01-01		Hagolan	HG			0	0	1		336
R	HOLYLAND	N01ZF		1992-01-01		Zefat	ZF			0	0	1		336
R	HOLYLAND	N02ZF		1992-01-01		Zefat	ZF			0	0	1		336
R	HOLYLAND	N03HG		1992-01-01		Hagolan	HG			0	0	1		336
R	HOLYLAND	N03ZF		1992-01-01		Zefat	ZF			0	0	1		336
R	HOLYLAND	N04HG		1992-01-01		Hagolan	HG			0	0	1		336
R	HOLYLAND	N04KT		1992-01-01		Kinneret	KT			0	0	1		336
R	HOLYLAND	N04ZF		1992-01-01		Zefat	ZF			0	0	1		336
R	HOLYLAND	N05HG		1992-01-01		Hagolan	HG			0	0	1		336
R	HOLYLAND	N05KT		1992-01-01		Kinneret	KT			0	0	1		336
R	HOLYLAND	N05ZF		1992-01-01		Zefat	ZF			0	0	1		336
R	HOLYLAND	N06KT		1992-01-01		Kinneret	KT			0	0	1		336
R	HOLYLAND	N07KT		1992-01-01		Kinneret	KT			0	0	1		336
R	HOLYLAND	N08KT		1992-01-01		Kinneret	KT			0	0	1		336
R	HOLYLAND	N08YZ		1992-01-01		Yizreel	YZ			0	0	1		336
R	HOLYLAND	N09YZ		1992-01-01		Yizreel	YZ			0	0	1		336
R	HOLYLAND	N10YZ		1992-01-01		Yizreel	YZ			0	0	1		336
R	HOLYLAND	N11YN		1992-01-01		Yarden	YN			0	0	1		336
R	HOLYLAND	N11YZ		1992-01-01		Yizreel	YZ			0	0	1		336
R	HOLYLAND	N12YN		1992-01-01		Yarden	YN			0	0	1		336
R	HOLYLAND	N13YN		1992-01-01		Yarden	YN			0	0	1		336
R	HOLYLAND	N14YN		1992-01-01		Yarden	YN			0	0	1		336
R	HOLYLAND	N15YN		1992-01-01		Yarden	YN			0	0	1		336
R	HOLYLAND	N16YN		1992-01-01		Yarden	YN			0	0	1		336
R	HOLYLAND	N17YN		1992-01-01		Yarden	YN			0	0	1		336
R	HOLYLAND	N18YN		1992-01-01		Yarden	YN			0	0	1		336
R	HOLYLAND	O00HG		1992-01-01		Hagolan	HG			0	0	1		336
R	HOLYLAND	O01HG		1992-01-01		Hagolan	HG			0	0	1		336
R	HOLYLAND	O01ZF		1992-01-01		Zefat	ZF			0	0	1		336
R	HOLYLAND	O02HG		1992-01-01		Hagolan	HG			0	0	1		336
R	HOLYLAND	O02ZF		1992-01-01		Zefat	ZF			0	0	1		336
R	HOLYLAND	O03HG		1992-01-01		Hagolan	HG			0	0	1		336
R	HOLYLAND	O03ZF		1992-01-01		Zefat	ZF			0	0	1		336
R	HOLYLAND	O04HG		1992-01-01		Hagolan	HG			0	0	1		336
R	HOLYLAND	O05HG		1992-01-01		Hagolan	HG			0	0	1		336
R	HOLYLAND	O05KT		1992-01-01		Kinneret	KT			0	0	1		336
R	HOLYLAND	O06HG		1992-01-01		Hagolan	HG			0	0	1		336
R	HOLYLAND	O06KT		1992-01-01		Kinneret	KT			0	0	1		336
R	HOLYLAND	O07HG		1992-01-01		Hagolan	HG			0	0	1		336
R	HOLYLAND	O07KT		1992-01-01		Kinneret	KT			0	0	1		336
R	HOLYLAND	P00HG		1992-01-01		Hagolan	HG			0	0	1		336
R	HOLYLAND	P01HG		1992-01-01		Hagolan	HG			0	0	1		336
R	HOLYLAND	P02HG		1992-01-01		Hagolan	HG			0	0	1		336
R	HOLYLAND	P03HG		1992-01-01		Hagolan	HG			0	0	1		336
R	HOLYLAND	P04HG		1992-01-01		Hagolan	HG			0	0	1		336
R	HOLYLAND	P05HG		1992-01-01		Hagolan	HG			0	0	1		336
R	HOLYLAND	P06HG		1992-01-01		Hagolan	HG			0	0	1		336
R	HOLYLAND	P07HG		1992-01-01		Hagolan	HG			0	0	1		336
R	HOLYLAND	Q03HG		1992-01-01		Hagolan	HG			0	0	1		336
R	HOLYLAND	Q04HG		1992-01-01		Hagolan	HG			0	0	1		336
R	HOLYLAND	Q05HG		1992-01-01		Hagolan	HG			0	0	1		336
R	HOLYLAND	Z22AZ		1992-01-01		Azza	AZ			0	0	1		336
R	HOLYLAND	Z23AZ		1992-01-01		Azza	AZ			0	0	1		336
