# Referencias del diploma IOCA. Generado; no se edita a mano.
R	IOCA	CI-0001		1991-01-26		Aba V.	EU-170	near Kornat island (northwest)		0	0	1		497
R	IOCA	CI-0002		1991-01-26		Arkandel	EU-016	northwest of Drvenik Mali island		0	0	1		497
R	IOCA	CI-0003		1991-01-26		Arta M.	EU-170	near Arta Vela island		0	0	1		497
R	IOCA	CI-0004		1991-01-26		Arta V.	EU-170	east of Vrgada island		0	0	1		497
R	IOCA	CI-0005		1991-01-26		Babac	EU-170	between Pašman isl. and mainland		0	0	1		497
R	IOCA	CI-0006		1991-01-26		Badija	EU-016	east of Korcula island		0	0	1		497
R	IOCA	CI-0007		1991-01-26		Biševo	EU-016	southwest of Vis island		0	0	1		497
R	IOCA	CI-0008		1991-01-26		Bodulaš		Medulin gulf		0	0	1		497
R	IOCA	CI-0009		1991-01-26		Borovnik	EU-170	southwest of Kornat island		0	0	1		497
R	IOCA	CI-0010		1991-01-26		Brac	EU-016	south Adriatic		0	0	1		497
R	IOCA	CI-0011		1991-01-26		Ceja		Medulin gulf		0	0	1		497
R	IOCA	CI-0012		1991-01-26		Cres	EU-136	north Adriatic		0	0	1		497
R	IOCA	CI-0013		1991-01-26		Ciovo		near Split (mainland)		0	0	1		497
R	IOCA	CI-0014		1991-01-26		Dolfin	EU-170	northwest of Pag island		0	0	1		497
R	IOCA	CI-0015		1991-01-26		Dolin	EU-136	near Rab island		0	0	1		497
R	IOCA	CI-0016		1991-01-26		Drvenik M.	EU-016	south Adriatic		0	0	1		497
R	IOCA	CI-0017		1991-01-26		Drvenik V.	EU-016	south Adriatic		0	0	1		497
R	IOCA	CI-0018		1991-01-26		Dugi Otok	EU-170	middle Adriatic		0	0	1		497
R	IOCA	CI-0019		1991-01-26		Fenera	EU-110	Medulin gulf		0	0	1		497
R	IOCA	CI-0020		1991-01-26		Galijola	EU-136	northwest of Unije island		0	0	1		497
R	IOCA	CI-0021		1991-01-26		Galun	EU-136	south of Krk island		0	0	1		497
R	IOCA	CI-0022		1991-01-26		Gangarol	EU-170	btw Žut & Pašman isl.		0	0	1		497
R	IOCA	CI-0023		1991-01-26		Glamoc	EU-170	northwest of Žut island		0	0	1		497
R	IOCA	CI-0024		1991-01-26		Goli	EU-136	northeast of Rab island		0	0	1		497
R	IOCA	CI-0025		1991-01-26		Greben Zapadni	EU-170	(west isl.) south of Silba island		0	0	1		497
R	IOCA	CI-0026		1991-01-26		Grujica	EU-136	Kvarnericka vrata		0	0	1		497
R	IOCA	CI-0027		1991-01-26		Gustac	EU-170	near Lavsa island		0	0	1		497
R	IOCA	CI-0028		1991-01-26		Hvar	EU-016	south Adriatic		0	0	1		497
R	IOCA	CI-0029		1991-01-26		Ilovik	EU-136	south of Lošinj island		0	0	1		497
R	IOCA	CI-0030		1991-01-26		Ist	EU-170	between Škarda and Molat isl.		0	0	1		497
R	IOCA	CI-0031		1991-01-26		Iž	EU-170	between Dugi o. and Ugljan isl.		0	0	1		497
R	IOCA	CI-0032		1991-01-26		Jabuka	EU-016	south Adriatic		0	0	1		497
R	IOCA	CI-0033		1991-01-26		Jakljan	EU-016	near Šipan island		0	0	1		497
R	IOCA	CI-0034		1991-01-26		Kakan	EU-170	between Kaprije and Žirje isl.		0	0	1		497
R	IOCA	CI-0035		1991-01-26		Kaprije	EU-170	north of Žirje island		0	0	1		497
R	IOCA	CI-0036		1991-01-26		Kasela	EU-170	near Kornat island (south)		0	0	1		497
R	IOCA	CI-0037		1991-01-26		Katina	EU-170	between Dugi o. and Kornat isl.		0	0	1		497
R	IOCA	CI-0038		1991-01-26		Kolocep	EU-016	near Dubrovnik (mainland)		0	0	1		497
R	IOCA	CI-0039		1991-01-26		Koludarc	EU-136	near Lošinj island		0	0	1		497
R	IOCA	CI-0040		1991-01-26		Kopište	EU-016	west of Lastovo island		0	0	1		497
R	IOCA	CI-0041		1991-01-26		Korcula	EU-016	south Adriatic		0	0	1		497
R	IOCA	CI-0042		1991-01-26		Kornat	EU-170	middle Adriatic		0	0	1		497
R	IOCA	CI-0043		1991-01-26		Košara	EU-170	near Pašman island (south)		0	0	1		497
R	IOCA	CI-0044		1991-01-26		Krapanj		between Zlarin isl. and mainland		0	0	1		497
R	IOCA	CI-0045		1991-01-26		Krasnica	EU-110	Brijuni group		0	0	1		497
R	IOCA	CI-0046		1991-01-26		Krk	EU-136	north Adriatic		0	0	1		497
R	IOCA	CI-0047		1991-01-26		Kurba M.	EU-170	between Lavdara and Sit isl.		0	0	1		497
R	IOCA	CI-0048		1991-01-26		Kurba Vela	EU-170	between Kornat and Žirje isl.		0	0	1		497
R	IOCA	CI-0049		1991-01-26		Veli Laganj	EU-170	northwest of Pag island		0	0	1		497
R	IOCA	CI-0050		1991-01-26		Lastovnjaci group	EU-016	deleted (1 May; 2001)		0	0	1		497
R	IOCA	CI-0051		1991-01-26		Lastovo	EU-016	south Adriatic		0	0	1		497
R	IOCA	CI-0052		1991-01-26		Lavdara	EU-170	near Dugi otok (south)		0	0	1		497
R	IOCA	CI-0053		1991-01-26		Lavsa	EU-170	near Kornat island (south)		0	0	1		497
R	IOCA	CI-0054		1991-01-26		Levrnaka	EU-170	near Kornat island (north)		0	0	1		497
R	IOCA	CI-0055		1991-01-26		Logorun		north of Tijat island		0	0	1		497
R	IOCA	CI-0056		1991-01-26		Lokrum	EU-016	near Dubrovnik (mainland)		0	0	1		497
R	IOCA	CI-0057		1991-01-26		Lopud	EU-016	southeast of Šipan island		0	0	1		497
R	IOCA	CI-0058		1991-01-26		Lošinj	EU-136	north Adriatic		0	0	1		497
R	IOCA	CI-0059		1991-01-26		Lunga	EU-110	near Vrsar (mainland)		0	0	1		497
R	IOCA	CI-0060		1991-01-26		Lunga	EU-170	near Kornat island (south)		0	0	1		497
R	IOCA	CI-0061		1991-01-26		Male Orjule	EU-136	near Lošinj island		0	0	1		497
R	IOCA	CI-0062		1991-01-26		Male Srakane	EU-136	near Lošinj island		0	0	1		497
R	IOCA	CI-0063		1991-01-26		M. Brijun	EU-110	Brijuni islands		0	0	1		497
R	IOCA	CI-0064		1991-01-26		Mana	EU-170	near Kornat island		0	0	1		497
R	IOCA	CI-0065		1991-01-26		Maun	EU-170	near Pag island		0	0	1		497
R	IOCA	CI-0066		1991-01-26		Mišjak		near Zecevo island		0	0	1		497
R	IOCA	CI-0067		1991-01-26		Mišnjak V.	EU-170	near Kaprije island		0	0	1		497
R	IOCA	CI-0068		1991-01-26		Mljet	EU-016	south Adriatic		0	0	1		497
R	IOCA	CI-0069		1991-01-26		Molat	EU-170	middle Adriatic		0	0	1		497
R	IOCA	CI-0070		1991-01-26		Morovnik	EU-170	northwest of Olib island		0	0	1		497
R	IOCA	CI-0071		1991-01-26		Mrcara	EU-016	west of Lastovo island		0	0	1		497
R	IOCA	CI-0072		1991-01-26		Mrkan	EU-016	near Cavtat (mainland)		0	0	1		497
R	IOCA	CI-0073		1991-01-26		Murtar	EU-136	near Lošinj island		0	0	1		497
R	IOCA	CI-0074		1991-01-26		Murter		near Pirovac (mainland)		0	0	1		497
R	IOCA	CI-0075		1991-01-26		Murvenjak	EU-170	near Vrgada island		0	0	1		497
R	IOCA	CI-0076		1991-01-26		Obonjan	EU-170	near Zmajan island		0	0	1		497
R	IOCA	CI-0077		1991-01-26		Okljuc	EU-170	near Kurba Vela island		0	0	1		497
R	IOCA	CI-0078		1991-01-26		Olib	EU-170	middle Adriatic		0	0	1		497
R	IOCA	CI-0079		1991-01-26		Olipa		near Jakljan island		0	0	1		497
R	IOCA	CI-0080		1991-01-26		Oruda	EU-136	near Lošinj island (northeast)		0	0	1		497
R	IOCA	CI-0081		1991-01-26		Ošljak	EU-170	near Ugljan island		0	0	1		497
R	IOCA	CI-0082		1991-01-26		Pag	EU-170	midle Adriatic		0	0	1		497
R	IOCA	CI-0083		1991-01-26		Pakleni Otoci	EU-016	deleted (1 May; 2001)		0	0	1		497
R	IOCA	CI-0084		1991-01-26		Vela Palagruža	EU-090	--> Palagruža		0	0	1		497
R	IOCA	CI-0085		1991-01-26		Pašman	EU-170	middle Adriatic		0	0	1		497
R	IOCA	CI-0086		1991-01-26		Piškera	EU-170	near Kornat island		0	0	1		497
R	IOCA	CI-0087		1991-01-26		Planik	EU-170	near Olib island		0	0	1		497
R	IOCA	CI-0088		1991-01-26		Plavnik	EU-136	btw Cres and Krk isl.		0	0	1		497
R	IOCA	CI-0089		1991-01-26		Plocica	EU-016	btw Korcula and Hvar isl.		0	0	1		497
R	IOCA	CI-0090		1991-01-26		Porer	EU-110	southeast of Pula (mainland)		0	0	1		497
R	IOCA	CI-0091		1991-01-26		Premuda	EU-170	middle Adriatic		0	0	1		497
R	IOCA	CI-0092		1991-01-26		Prežba	EU-016	near Lastovo island		0	0	1		497
R	IOCA	CI-0093		1991-01-26		Proizd	EU-016	near Korcula island (west)		0	0	1		497
R	IOCA	CI-0094		1991-01-26		Prvic	EU-170	near Vodice (mainland)		0	0	1		497
R	IOCA	CI-0095		1991-01-26		Prvic	EU-136	southeast of Krk island		0	0	1		497
R	IOCA	CI-0096		1991-01-26		Rab	EU-136	north Adriatic		0	0	1		497
R	IOCA	CI-0097		1991-01-26		Radelj	EU-170	btw Arta V. and Murter isl.		0	0	1		497
R	IOCA	CI-0098		1991-01-26		Rašip Veli	EU-170	near Kornat island		0	0	1		497
R	IOCA	CI-0099		1991-01-26		Rava	EU-170	btw Dugi otok and Iž isl.		0	0	1		497
R	IOCA	CI-0100		1991-01-26		Ravni Žakan	EU-170	near Kornat island (south)		0	0	1		497
R	IOCA	CI-0101		1991-01-26		Ražanac Veli		Velebit channel		0	0	1		497
R	IOCA	CI-0102		1991-01-26		Rivanj	EU-170	btw Sestrunj and Ugljan isl.		0	0	1		497
R	IOCA	CI-0103		1991-01-26		Sestrica Vela	EU-170	near Kornat island (west)		0	0	1		497
R	IOCA	CI-0104		1991-01-26		Sestrunj	EU-170	north of Dugi otok island		0	0	1		497
R	IOCA	CI-0105		1991-01-26		Silba	EU-170	middle Adriatic		0	0	1		497
R	IOCA	CI-0106		1991-01-26		Sit	EU-170	near Pašman island		0	0	1		497
R	IOCA	CI-0107		1991-01-26		Smokvica V.	EU-170	near Kornat island (south)		0	0	1		497
R	IOCA	CI-0108		1991-01-26		Susak	EU-136	near Lošinj island		0	0	1		497
R	IOCA	CI-0109		1991-01-26		Sušac	EU-016	near Lastovo island		0	0	1		497
R	IOCA	CI-0110		1991-01-26		Sv. Andrija	EU-110	south of Rovinj (mainland)		0	0	1		497
R	IOCA	CI-0111		1991-01-26		Sv. Grgur	EU-136	near Rab island		0	0	1		497
R	IOCA	CI-0112		1991-01-26		Sv. Ivan	EU-110	near Rovinj (mainland)		0	0	1		497
R	IOCA	CI-0113		1991-01-26		Sv. Ivan na Pucini	EU-110	near Rovinj (mainland)		0	0	1		497
R	IOCA	CI-0114		1991-01-26		Sv. Jerolim	EU-110	Brijuni group		0	0	1		497
R	IOCA	CI-0115		1991-01-26		Sv. Juraj		near Vrsar (mainland)		0	0	1		497
R	IOCA	CI-0116		1991-01-26		Sv. Katarina		near Rovinj (mainland)		0	0	1		497
R	IOCA	CI-0117		1991-01-26		Sv. Marko	EU-136	near Krk island		0	0	1		497
R	IOCA	CI-0118		1991-01-26		Sv. Nikola	EU-110	near Porec (mainland)		0	0	1		497
R	IOCA	CI-0119		1991-01-26		Sv. Petar	EU-136	near Lošinj island		0	0	1		497
R	IOCA	CI-0120		1991-01-26		Svetac	EU-016	near Vis island		0	0	1		497
R	IOCA	CI-0121		1991-01-26		Šilo V.	EU-170	Kornati group (nortwest)		0	0	1		497
R	IOCA	CI-0122		1991-01-26		Šipan	EU-016	south Adriatic		0	0	1		497
R	IOCA	CI-0123		1991-01-26		Škarda	EU-170	between Premuda and Ist isl.		0	0	1		497
R	IOCA	CI-0124		1991-01-26		Škrda	EU-170	near Pag island		0	0	1		497
R	IOCA	CI-0125		1991-01-26		Škulj	EU-170	near Kornat island (south)		0	0	1		497
R	IOCA	CI-0126		1991-01-26		Šolta	EU-016	south Adriatic		0	0	1		497
R	IOCA	CI-0127		1991-01-26		Šcedro	EU-016	near Hvar island		0	0	1		497
R	IOCA	CI-0128		1991-01-26		Tetovišnjak V.	EU-170	northwest of Kakan island		0	0	1		497
R	IOCA	CI-0129		1991-01-26		Tijat	EU-170	Šibenik area		0	0	1		497
R	IOCA	CI-0130		1991-01-26		Tramerka	EU-170	near Molat island		0	0	1		497
R	IOCA	CI-0131		1991-01-26		Tri Sestrice	EU-170	(north isl.) near Sestrunj island		0	0	1		497
R	IOCA	CI-0132		1991-01-26		Trstenik	EU-136	southeast of Cres island		0	0	1		497
R	IOCA	CI-0133		1991-01-26		Tun V.	EU-170	southeast of Molat island		0	0	1		497
R	IOCA	CI-0134		1991-01-26		Ugljan	EU-170	middle Adriatic		0	0	1		497
R	IOCA	CI-0135		1991-01-26		Unije	EU-136	near Lošinj island		0	0	1		497
R	IOCA	CI-0136		1991-01-26		V. Sikavac	EU-170	near Pag island (south)		0	0	1		497
R	IOCA	CI-0137		1991-01-26		Vele Orjule	EU-136	near Lošinj island		0	0	1		497
R	IOCA	CI-0138		1991-01-26		Vele Srakane	EU-136	near Lošinj island		0	0	1		497
R	IOCA	CI-0139		1991-01-26		V. Brijun	EU-110	Brijuni islands		0	0	1		497
R	IOCA	CI-0140		1991-01-26		Veruda		south of Pula (mainland)		0	0	1		497
R	IOCA	CI-0141		1991-01-26		Vir	EU-170	middle Adriatic		0	0	1		497
R	IOCA	CI-0142		1991-01-26		Vis	EU-016	south Adriatic		0	0	1		497
R	IOCA	CI-0143		1991-01-26		Vrgada	EU-170	middle Adriatic		0	0	1		497
R	IOCA	CI-0144		1991-01-26		Vrhovnjaci group	EU-016	deleted (31 December; 2002)		0	0	1		497
R	IOCA	CI-0145		1991-01-26		Zabodaski	EU-136	near Lošinj island		0	0	1		497
R	IOCA	CI-0146		1991-01-26		Zeca	EU-136	west of Cres island		0	0	1		497
R	IOCA	CI-0147		1991-01-26		Zecevo		south of Pag island		0	0	1		497
R	IOCA	CI-0148		1991-01-26		Zlarin	EU-170	near Šibenik (mainland)		0	0	1		497
R	IOCA	CI-0149		1991-01-26		Zmajan	EU-170	middle Adriatic		0	0	1		497
R	IOCA	CI-0150		1991-01-26		Zverinac	EU-170	near Dugi otok island (north)		0	0	1		497
R	IOCA	CI-0151		1991-01-26		Žirje	EU-170	middle Adriatic		0	0	1		497
R	IOCA	CI-0152		1991-01-26		Žižanj	EU-170	south of Pašman island		0	0	1		497
R	IOCA	CI-0153		1991-01-26		Žminjak	EU-170	between Murter isl. and mainland		0	0	1		497
R	IOCA	CI-0154		1991-01-26		Žut	EU-170	near Kornat island		0	0	1		497
R	IOCA	CI-0155		1991-01-26		Balkun	EU-016	west of Šolta island		0	0	1		497
R	IOCA	CI-0156		1991-01-26		Blitvenica	EU-170	southwest of Žirje island		0	0	1		497
R	IOCA	CI-0157		1991-01-26		Bobara	EU-016	west of Cavtat (mainland)		0	0	1		497
R	IOCA	CI-0158		1991-01-26		Bratin	EU-016	near Lastovo island		0	0	1		497
R	IOCA	CI-0159		1991-01-26		Brusnik	EU-016	between Svetac and Vis isl.		0	0	1		497
R	IOCA	CI-0160		1991-01-26		Veli Brušnjak	EU-170	near Maun island		0	0	1		497
R	IOCA	CI-0161		1991-01-26		Budikovac V.	EU-016	near Vis island		0	0	1		497
R	IOCA	CI-0162		1991-01-26		Cešvinica	EU-016	Lastovnjaci isls		0	0	1		497
R	IOCA	CI-0163		1991-01-26		Crkvina	EU-016	near Jakljan island		0	0	1		497
R	IOCA	CI-0164		1991-01-26		Cutin V.	EU-136	close to Cres island		0	0	1		497
R	IOCA	CI-0165		1991-01-26		Daksa	EU-016	west of Dubrovnik (mainland)		0	0	1		497
R	IOCA	CI-0166		1991-01-26		Dobri	EU-016	Pakleni otoci		0	0	1		497
R	IOCA	CI-0167		1991-01-26		Drvenik	EU-170	near Zlarin island		0	0	1		497
R	IOCA	CI-0168		1991-01-26		Fenoliga	EU-110	between Porer isl. and Premantura		0	0	1		497
R	IOCA	CI-0169		1991-01-26		Figarola		near Rovinj (mainland)		0	0	1		497
R	IOCA	CI-0170		1991-01-26		Fržital	EU-110	southwest of Porec (mainland)		0	0	1		497
R	IOCA	CI-0171		1991-01-26		Grbavac	EU-016	west of Primošten (mainland)		0	0	1		497
R	IOCA	CI-0172		1991-01-26		Greben	EU-016	near Vis island		0	0	1		497
R	IOCA	CI-0173		1991-01-26		Grebeni	EU-016	west of Dubrovnik (mainland)		0	0	1		497
R	IOCA	CI-0174		1991-01-26		Host	EU-016	near Vis island		0	0	1		497
R	IOCA	CI-0175		1991-01-26		Jerolim	EU-016	Pakleni otoci		0	0	1		497
R	IOCA	CI-0176		1991-01-26		Kameni Žakan	EU-170	Kornati islands		0	0	1		497
R	IOCA	CI-0177		1991-01-26		Kluda	EU-016	Trogir gulf		0	0	1		497
R	IOCA	CI-0178		1991-01-26		Kormati	EU-136	near Plavnik island		0	0	1		497
R	IOCA	CI-0179		1991-01-26		Kosmac V.	EU-016	near Arkandel island		0	0	1		497
R	IOCA	CI-0180		1991-01-26		Kosmec	EU-016	near Jakljan island		0	0	1		497
R	IOCA	CI-0181		1991-01-26		Kozada		(aka Kotež); east of Brijuni group		0	0	1		497
R	IOCA	CI-0182		1991-01-26		Kozjak	EU-136	between Lošinj and Ilovik isl.		0	0	1		497
R	IOCA	CI-0183		1991-01-26		Kraljevac	EU-016	west of Ciovo island		0	0	1		497
R	IOCA	CI-0184		1991-01-26		Vela Krbela		southeast of Zlarin island		0	0	1		497
R	IOCA	CI-0185		1991-01-26		Krucica	EU-016	Lastovnjaci isls		0	0	1		497
R	IOCA	CI-0186		1991-01-26		Levan	EU-110	Medulin gulf		0	0	1		497
R	IOCA	CI-0187		1991-01-26		Lukovnjak	EU-016	west of Primosten (mainland)		0	0	1		497
R	IOCA	CI-0188		1991-01-26		Lukvenjak		west of Rogoznica (mainland)		0	0	1		497
R	IOCA	CI-0189		1991-01-26		Lutrošnjak	EU-170	north of Premuda island		0	0	1		497
R	IOCA	CI-0190		1991-01-26		Majsan	EU-016	between Korcula isl. and Pelješac		0	0	1		497
R	IOCA	CI-0191		1991-01-26		Mali Plavnik	EU-136	near Plavnik island		0	0	1		497
R	IOCA	CI-0192		1991-01-26		Marinkovac	EU-016	Pakleni otoci		0	0	1		497
R	IOCA	CI-0193		1991-01-26		Maslinovik	EU-016	southwest of Primošten (mainland)		0	0	1		497
R	IOCA	CI-0194		1991-01-26		Lirica		close to Pelješac		0	0	1		497
R	IOCA	CI-0195		1991-01-26		Mrtovnjak	EU-170	near Kurba Vela island (northeast)		0	0	1		497
R	IOCA	CI-0196		1991-01-26		Muljica	EU-016	near Arkandel island		0	0	1		497
R	IOCA	CI-0197		1991-01-26		Oblik	EU-170	near Zlarin island (southeast)		0	0	1		497
R	IOCA	CI-0198		1991-01-26		Orud	EU-016	south of Drvenik Veli island		0	0	1		497
R	IOCA	CI-0199		1991-01-26		V. Paržan	EU-016	near Vis island		0	0	1		497
R	IOCA	CI-0200		1991-01-26		Petrovac	EU-016	Lastovnjaci isls		0	0	1		497
R	IOCA	CI-0201		1991-01-26		Pijavica	EU-016	Trogir gulf		0	0	1		497
R	IOCA	CI-0202		1991-01-26		Pišcena V.	EU-016	Trogir gulf		0	0	1		497
R	IOCA	CI-0203		1991-01-26		Pohlib	EU-170	btw Planik and Maun isl.		0	0	1		497
R	IOCA	CI-0204		1991-01-26		Pokonji dol	EU-016	Pakleni otoci		0	0	1		497
R	IOCA	CI-0205		1991-01-26		Pulari		south of Rovinj (mainland)		0	0	1		497
R	IOCA	CI-0206		1991-01-26		Radula	EU-016	close to Šolta island (west)		0	0	1		497
R	IOCA	CI-0207		1991-01-26		Ravnik	EU-016	near Vis island		0	0	1		497
R	IOCA	CI-0208		1991-01-26		Ruda	EU-016	btw Šipan and Lopud isl.		0	0	1		497
R	IOCA	CI-0209		1991-01-26		Saplun	EU-016	Lastovnjaci isls		0	0	1		497
R	IOCA	CI-0210		1991-01-26		Šekovac		Medulin gulf		0	0	1		497
R	IOCA	CI-0211		1991-01-26		Sestrica V.	EU-110	south of Rovinj (mainland)		0	0	1		497
R	IOCA	CI-0212		1991-01-26		Smokvica V.	EU-016	west of Rogoznica (mainland)		0	0	1		497
R	IOCA	CI-0213		1991-01-26		Stipanska	EU-016	near Šolta island		0	0	1		497
R	IOCA	CI-0214		1991-01-26		Štomorina	EU-016	Lastovnjaci isls		0	0	1		497
R	IOCA	CI-0215		1991-01-26		Sturag	EU-110	south of Rovinj (mainland)		0	0	1		497
R	IOCA	CI-0216		1991-01-26		Sv. Andrija	EU-016	south of Lopud island		0	0	1		497
R	IOCA	CI-0217		1991-01-26		Sv. Fumija	EU-016	west of Ciovo island		0	0	1		497
R	IOCA	CI-0218		1991-01-26		Sv. Klement	EU-016	Pakleni otoci		0	0	1		497
R	IOCA	CI-0219		1991-01-26		Svilan	EU-016	west of Rogoznica (mainland)		0	0	1		497
R	IOCA	CI-0220		1991-01-26		Tajan Velji	EU-016	Lastovnjaci isls		0	0	1		497
R	IOCA	CI-0221		1991-01-26		Tajan	EU-016	near Jakljan island		0	0	1		497
R	IOCA	CI-0222		1991-01-26		Tmara	EU-170	southeast of Zlarin island		0	0	1		497
R	IOCA	CI-0223		1991-01-26		Tramercica	EU-170	between Tramerka and Molat isl.		0	0	1		497
R	IOCA	CI-0224		1991-01-26		Školj V.	EU-170	south of Ugljan island		0	0	1		497
R	IOCA	CI-0225		1991-01-26		Visoki	EU-136	between Zeca and Cres isl.		0	0	1		497
R	IOCA	CI-0226		1991-01-26		Vlašnik	EU-016	near Lastovo island		0	0	1		497
R	IOCA	CI-0227		1991-01-26		Vodenjak	EU-170	between Škarda and Ist isl.		0	0	1		497
R	IOCA	CI-0228		1991-01-26		Vodnjak V.	EU-016	Pakleni otoci		0	0	1		497
R	IOCA	CI-0229		1991-01-26		Zaglav	EU-136	west of Cres island		0	0	1		497
R	IOCA	CI-0230		1991-01-26		Zecevo	EU-136	near Krk island		0	0	1		497
R	IOCA	CI-0231		1991-01-26		Kukuljar	EU-170	Kukuljari isls		0	0	1		497
R	IOCA	CI-0232		1991-01-26		Mrduja	EU-016	near Brac island (west)		0	0	1		497
R	IOCA	CI-0233		1991-01-26		Planjak	EU-016	near Badija island (east)		0	0	1		497
R	IOCA	CI-0234		1991-01-26		Vrnik	EU-016	near Korcula island (east)		0	0	1		497
R	IOCA	CI-0235		1991-01-26		Sutvara	EU-016	near Korcula island (east)		0	0	1		497
R	IOCA	CI-0236		1991-01-26		Kneža V.	EU-016	near Korcula island (north)		0	0	1		497
R	IOCA	CI-0237		1991-01-26		Sestrice	EU-016	near Majsan island (east)		0	0	1		497
R	IOCA	CI-0238		1991-01-26		Gojak	EU-016	near Majsan island		0	0	1		497
R	IOCA	CI-0239		1991-01-26		Bisace	EU-016	near Korcula island (east)		0	0	1		497
R	IOCA	CI-0240		1991-01-26		Gubavac	EU-016	near Korcula island (east)		0	0	1		497
R	IOCA	CI-0241		1991-01-26		Mrtovnjak	EU-170	between Dugi o. and Rava islands		0	0	1		497
R	IOCA	CI-0242		1991-01-26		Mrtonjak	EU-170	between Dugi and Lavdara isl.		0	0	1		497
R	IOCA	CI-0243		1991-01-26		Tukošcak	EU-170	between Dugi otok and Lavdara isl.		0	0	1		497
R	IOCA	CI-0244		1991-01-26		Obun	EU-170	near Vrgada island (west)		0	0	1		497
R	IOCA	CI-0245		1991-01-26		Kozina	EU-170	near Vrgada island		0	0	1		497
R	IOCA	CI-0246		1991-01-26		Bavljenac	EU-170	near Zmajan island		0	0	1		497
R	IOCA	CI-0247		1991-01-26		Maslinjak	EU-170	near Pašman island (south)		0	0	1		497
R	IOCA	CI-0248		1991-01-26		Samograd	EU-170	btw Kurba Vela and Žirje isl.		0	0	1		497
R	IOCA	CI-0249		1991-01-26		Sedlo	EU-170	btw Kurba Vela and Žirje isl.		0	0	1		497
R	IOCA	CI-0250		1991-01-26		Skala Vela	EU-170	near Žut island (nortwest)		0	0	1		497
R	IOCA	CI-0251		1991-01-26		Maslinjak	EU-170	near Kornat island (middle)		0	0	1		497
R	IOCA	CI-0252		1991-01-26		M. Brušnjak	EU-170	near Maun island		0	0	1		497
R	IOCA	CI-0253		1991-01-26		Golac	EU-170	near Dugi o. island (north)		0	0	1		497
R	IOCA	CI-0254		1991-01-26		Borovnik		between Murter isl. and mainland		0	0	1		497
R	IOCA	CI-0255		1991-01-26		Ljutac		between Murter isl. and mainland		0	0	1		497
R	IOCA	CI-0256		1991-01-26		Maslinjak	EU-170	near Radelj island (southwest)		0	0	1		497
R	IOCA	CI-0257		1991-01-26		Dužac V.	EU-170	near Pašman island		0	0	1		497
R	IOCA	CI-0258		1991-01-26		Galešnjak	EU-170	near Pašman island		0	0	1		497
R	IOCA	CI-0259		1991-01-26		Muntan	EU-170	near Pašman island		0	0	1		497
R	IOCA	CI-0260		1991-01-26		Planac	EU-170	Pašman channel		0	0	1		497
R	IOCA	CI-0261		1991-01-26		Sv. Katarina	EU-170	Pašman channel		0	0	1		497
R	IOCA	CI-0262		1991-01-26		Dubovac		between Pelješac and mainland		0	0	1		497
R	IOCA	CI-0263		1991-01-26		Galicak		between Pelješac and mainland		0	0	1		497
R	IOCA	CI-0264		1991-01-26		Maslinovac		between Pelješac and mainland		0	0	1		497
R	IOCA	CI-0265		1991-01-26		Pucenjak		btw Pelješac and mainland		0	0	1		497
R	IOCA	CI-0266		1991-01-26		Tajan		between Pelješac and mainland		0	0	1		497
R	IOCA	CI-0267		1991-01-26		Gustac	EU-170	near Kornat island (middle)		0	0	1		497
R	IOCA	CI-0268		1991-01-26		V. Školj	EU-110	near Funtana (mainland)		0	0	1		497
R	IOCA	CI-0269		1991-01-26		Greben Južni	EU-170	(south isl.) south of Silba island		0	0	1		497
R	IOCA	CI-0270		1991-01-26		Greben Srednji	EU-170	(middle isl.) south of Silba island		0	0	1		497
R	IOCA	CI-0271		1991-01-26		Sestrice	EU-170	near Ist island		0	0	1		497
R	IOCA	CI-0272		1991-01-26		Mišnjak	EU-170	between Ugljan and Pašman isl.		0	0	1		497
R	IOCA	CI-0273		1991-01-26		Jidula	EU-170	near Ugljan island (north)		0	0	1		497
R	IOCA	CI-0274		1991-01-26		Dajna V.	EU-170	near Žut island (south)		0	0	1		497
R	IOCA	CI-0275		1991-01-26		Dajnice V.	EU-170	south-east of Dajna Vela island		0	0	1		497
R	IOCA	CI-0276		1991-01-26		V. Babuljaši	EU-170	norteast of Žut island		0	0	1		497
R	IOCA	CI-0277		1991-01-26		Galijolica	EU-170	near Žut island (northeast)		0	0	1		497
R	IOCA	CI-0278		1991-01-26		Galija	EU-110	Brijuni group		0	0	1		497
R	IOCA	CI-0279		1991-01-26		Gaz	EU-110	Brijuni group		0	0	1		497
R	IOCA	CI-0280		1991-01-26		Grunj	EU-110	Brijuni group		0	0	1		497
R	IOCA	CI-0281		1991-01-26		Obljak	EU-110	Brijuni group		0	0	1		497
R	IOCA	CI-0282		1991-01-26		Pusti	EU-110	Brijuni group		0	0	1		497
R	IOCA	CI-0283		1991-01-26		Vrsar	EU-110	Brijuni islands		0	0	1		497
R	IOCA	CI-0284		1991-01-26		Palacol	EU-136	near Oruda island		0	0	1		497
R	IOCA	CI-0285		1991-01-26		Mag	EU-136	near Rab island (east)		0	0	1		497
R	IOCA	CI-0286		1991-01-26		Dužac	EU-170	near Tetovišnjak island		0	0	1		497
R	IOCA	CI-0287		1991-01-26		Školjic	EU-170	near Vir island (east)		0	0	1		497
R	IOCA	CI-0288		1991-01-26		Arženjak V.	EU-016	Lastovnjaci isls		0	0	1		497
R	IOCA	CI-0289		1991-01-26		Golubnjak V.	EU-016	Lastovnjaci isls		0	0	1		497
R	IOCA	CI-0290		1991-01-26		Lukovci	EU-016	Lastovnjaci group		0	0	1		497
R	IOCA	CI-0291		1991-01-26		Trumbuja		Medulin gulf		0	0	1		497
R	IOCA	CI-0292		1991-01-26		Panitula M.	EU-170	near Piškera island		0	0	1		497
R	IOCA	CI-0293		1991-01-26		Merara		north of Arkandel island		0	0	1		497
R	IOCA	CI-0294		1991-01-26		Artica V.	EU-170	near Arta Vela island		0	0	1		497
R	IOCA	CI-0295		1991-01-26		Galera	EU-016	northeast of Drvenik V. island		0	0	1		497
R	IOCA	CI-0296		1991-01-26		Krknjaš V.	EU-016	near Drvenik Veli island		0	0	1		497
R	IOCA	CI-0297		1991-01-26		Krknata	EU-170	near Dugi island		0	0	1		497
R	IOCA	CI-0298		1991-01-26		Utra	EU-170	near Dugi island		0	0	1		497
R	IOCA	CI-0299		1991-01-26		Bršcak	EU-170	near Dugi island (north)		0	0	1		497
R	IOCA	CI-0300		1991-01-26		G. Aba	EU-170	near Kornat island (northwest)		0	0	1		497
R	IOCA	CI-0301		1991-01-26		Garmenjak M.	EU-170	near Dugi island (south)		0	0	1		497
R	IOCA	CI-0302		1991-01-26		Garmenjak V.	EU-170	near Dugi island (south)		0	0	1		497
R	IOCA	CI-0303		1991-01-26		Krava	EU-170	near Krknata island		0	0	1		497
R	IOCA	CI-0304		1991-01-26		Luški	EU-170	near Dugi island (middle)		0	0	1		497
R	IOCA	CI-0305		1991-01-26		Magarcic	EU-170	near Dugi island (north)		0	0	1		497
R	IOCA	CI-0306		1991-01-26		Maslinovac	EU-170	near Rava island		0	0	1		497
R	IOCA	CI-0307		1991-01-26		Mežanj	EU-170	near Dugi island		0	0	1		497
R	IOCA	CI-0308		1991-01-26		Planatak V.	EU-170	near Dugi island (north)		0	0	1		497
R	IOCA	CI-0309		1991-01-26		Kotula V.	EU-170	near Gangaro island		0	0	1		497
R	IOCA	CI-0310		1991-01-26		Benušic	EU-170	near Ist island		0	0	1		497
R	IOCA	CI-0311		1991-01-26		Križica	EU-170	near Ist island		0	0	1		497
R	IOCA	CI-0312		1991-01-26		Maslinjak	EU-170	near Ist island		0	0	1		497
R	IOCA	CI-0313		1991-01-26		Beli	EU-170	near Iž island		0	0	1		497
R	IOCA	CI-0314		1991-01-26		Fulija	EU-170	near Iž island		0	0	1		497
R	IOCA	CI-0315		1991-01-26		Glurovic	EU-170	near Iž island		0	0	1		497
R	IOCA	CI-0316		1991-01-26		Knežak	EU-170	near Iž island		0	0	1		497
R	IOCA	CI-0317		1991-01-26		Kudica	EU-170	near Iž island		0	0	1		497
R	IOCA	CI-0318		1991-01-26		Mrtovnjak	EU-170	near Iž island		0	0	1		497
R	IOCA	CI-0319		1991-01-26		Rutnjak	EU-170	near Iž island		0	0	1		497
R	IOCA	CI-0320		1991-01-26		Dužac	EU-170	near Ist island		0	0	1		497
R	IOCA	CI-0321		1991-01-26		Sridnji	EU-170	near Iž island		0	0	1		497
R	IOCA	CI-0322		1991-01-26		Temešnjak	EU-170	near Iž island		0	0	1		497
R	IOCA	CI-0323		1991-01-26		Borovnjak M.	EU-170	near Kakan island		0	0	1		497
R	IOCA	CI-0324		1991-01-26		Borovnjak V.	EU-170	near Kakan island		0	0	1		497
R	IOCA	CI-0325		1991-01-26		Kamešnjak M.	EU-170	near Kakan island		0	0	1		497
R	IOCA	CI-0326		1991-01-26		Kamešnjak V.	EU-170	near Kakan island		0	0	1		497
R	IOCA	CI-0327		1991-01-26		Dupinici V.	EU-170	near Kaprije island		0	0	1		497
R	IOCA	CI-0328		1991-01-26		Kraljak	EU-170	near Kaprije island		0	0	1		497
R	IOCA	CI-0329		1991-01-26		Prcevac	EU-170	near Kaprije island		0	0	1		497
R	IOCA	CI-0330		1991-01-26		Mišnjak M.	EU-170	near Kaprije island		0	0	1		497
R	IOCA	CI-0331		1991-01-26		Crklica	EU-016	near Korcula island (south)		0	0	1		497
R	IOCA	CI-0332		1991-01-26		Kosor	EU-016	near Korcula island (south)		0	0	1		497
R	IOCA	CI-0333		1991-01-26		Sridnjak	EU-016	near Korcula island (south)		0	0	1		497
R	IOCA	CI-0334		1991-01-26		Vrhovnjak	EU-016	near Korcula island (south)		0	0	1		497
R	IOCA	CI-0335		1991-01-26		Lukovac	EU-016	near Korcula island (southwest)		0	0	1		497
R	IOCA	CI-0336		1991-01-26		Stupa	EU-016	near Korcula island (south)		0	0	1		497
R	IOCA	CI-0337		1991-01-26		Pržnjak V.	EU-016	near Korcula island (southwest)		0	0	1		497
R	IOCA	CI-0338		1991-01-26		Kamenjak	EU-016	near Korcula island (west)		0	0	1		497
R	IOCA	CI-0339		1991-01-26		Ošjak	EU-016	near Korcula island (west)		0	0	1		497
R	IOCA	CI-0340		1991-01-26		Trstenik	EU-016	near Korcula island (southwest)		0	0	1		497
R	IOCA	CI-0341		1991-01-26		Zvirinovik	EU-016	close to Korcula island		0	0	1		497
R	IOCA	CI-0342		1991-01-26		Aba M.	EU-170	near Kornat island (northwest)		0	0	1		497
R	IOCA	CI-0343		1991-01-26		Ravna Sika	EU-170	near Kornat island (south)		0	0	1		497
R	IOCA	CI-0344		1991-01-26		Prišnjak V.	EU-170	Kornati group (near Kasela island)		0	0	1		497
R	IOCA	CI-0345		1991-01-26		Koritnjak	EU-170	close to Kornat island (middle)		0	0	1		497
R	IOCA	CI-0346		1991-01-26		Rašip M.	EU-170	near Kornat island		0	0	1		497
R	IOCA	CI-0347		1991-01-26		Tovarnjak	EU-170	near Kornat island		0	0	1		497
R	IOCA	CI-0348		1991-01-26		Buc V.	EU-170	close to Kornat island (north)		0	0	1		497
R	IOCA	CI-0349		1991-01-26		Obrucan V.	EU-170	near Kornat island (west)		0	0	1		497
R	IOCA	CI-0350		1991-01-26		Svršata V.	EU-170	near Kornat island (north)		0	0	1		497
R	IOCA	CI-0351		1991-01-26		Garmenjak M.	EU-170	near Kurba Vela		0	0	1		497
R	IOCA	CI-0352		1991-01-26		Garmenjak V.	EU-170	near Kurba Vela		0	0	1		497
R	IOCA	CI-0353		1991-01-26		Gominjak	EU-170	near Kornat island (south)		0	0	1		497
R	IOCA	CI-0354		1991-01-26		Vodenjak	EU-170	near Kornat island (south)		0	0	1		497
R	IOCA	CI-0355		1991-01-26		Skrižanj V.	EU-170	Kornati group (east of Kurba Vela island)		0	0	1		497
R	IOCA	CI-0356		1991-01-26		Lavdara M.	EU-170	near Lavdara island		0	0	1		497
R	IOCA	CI-0357		1991-01-26		Mrtovac	EU-170	near Levrnaka island		0	0	1		497
R	IOCA	CI-0358		1991-01-26		Veli Osir	EU-136	close to Lošinj island		0	0	1		497
R	IOCA	CI-0359		1991-01-26		Šilo	EU-136	near Male Srakane island		0	0	1		497
R	IOCA	CI-0360		1991-01-26		M. Sikavac	EU-170	near Pag island (south)		0	0	1		497
R	IOCA	CI-0361		1991-01-26		Borovac	EU-016	near Mljet island (east)		0	0	1		497
R	IOCA	CI-0362		1991-01-26		Glavat	EU-016	near Mljet island (west)		0	0	1		497
R	IOCA	CI-0363		1991-01-26		Kobrava	EU-016	near Mljet island (west)		0	0	1		497
R	IOCA	CI-0364		1991-01-26		Lukovac	EU-016	near Mljet island (south)		0	0	1		497
R	IOCA	CI-0365		1991-01-26		Moracnik	EU-016	near Mljet island (west)		0	0	1		497
R	IOCA	CI-0366		1991-01-26		Planjak	EU-016	close to Mljet island		0	0	1		497
R	IOCA	CI-0367		1991-01-26		Pomeštak	EU-016	near Mljet island (west)		0	0	1		497
R	IOCA	CI-0368		1991-01-26		Prec	EU-016	near Mljet island (south)		0	0	1		497
R	IOCA	CI-0369		1991-01-26		Tajnik	EU-016	near Mljet island (west)		0	0	1		497
R	IOCA	CI-0370		1991-01-26		Brguljski	EU-170	close to Molat island		0	0	1		497
R	IOCA	CI-0371		1991-01-26		Obljak	EU-170	near Molat island		0	0	1		497
R	IOCA	CI-0372		1991-01-26		Tovarnjak	EU-170	near Molat island		0	0	1		497
R	IOCA	CI-0373		1991-01-26		V. Školj		near Molunat (mainland)		0	0	1		497
R	IOCA	CI-0374		1991-01-26		Prišnjak		close to Murter island		0	0	1		497
R	IOCA	CI-0375		1991-01-26		Vinik V.		near Murter island		0	0	1		497
R	IOCA	CI-0376		1991-01-26		Gira	EU-170	near Murvenjak island		0	0	1		497
R	IOCA	CI-0377		1991-01-26		Sestrica V.	EU-170	near Obonjan island		0	0	1		497
R	IOCA	CI-0378		1991-01-26		Sestrica M.	EU-170	near Obonjan island		0	0	1		497
R	IOCA	CI-0379		1991-01-26		Lucmarnjak	EU-170	near Okljuc island		0	0	1		497
R	IOCA	CI-0380		1991-01-26		Kurjak	EU-170	near Olib island		0	0	1		497
R	IOCA	CI-0381		1991-01-26		Šip	EU-170	near Olib island		0	0	1		497
R	IOCA	CI-0382		1991-01-26		Planicic	EU-170	near Planik island		0	0	1		497
R	IOCA	CI-0383		1991-01-26		Kamenjak	EU-170	near Premuda island		0	0	1		497
R	IOCA	CI-0384		1991-01-26		Masarine	EU-170	near Premuda island		0	0	1		497
R	IOCA	CI-0385		1991-01-26		Lupac	EU-170	near Prvic island		0	0	1		497
R	IOCA	CI-0386		1991-01-26		Paranak V.	EU-170	near Sestrunj island		0	0	1		497
R	IOCA	CI-0387		1991-01-26		Tri Sestrice	EU-170	(middle island) near Sestrunj island		0	0	1		497
R	IOCA	CI-0388		1991-01-26		Tri Sestrice	EU-170	(south island) near Sestrunj island		0	0	1		497
R	IOCA	CI-0389		1991-01-26		Balabra M.	EU-170	near Sit island		0	0	1		497
R	IOCA	CI-0390		1991-01-26		Balabra V.	EU-170	near Sit island		0	0	1		497
R	IOCA	CI-0391		1991-01-26		Brušnjak	EU-170	near Sit island		0	0	1		497
R	IOCA	CI-0392		1991-01-26		Šcitna	EU-170	near Sit island		0	0	1		497
R	IOCA	CI-0393		1991-01-26		Gusti Školj	EU-110	near Vrsar (mainland)		0	0	1		497
R	IOCA	CI-0394		1991-01-26		Polebrnjak	EU-016	close to Šolta island (west)		0	0	1		497
R	IOCA	CI-0395		1991-01-26		Grmej	EU-016	near Šolta island (west)		0	0	1		497
R	IOCA	CI-0396		1991-01-26		Saskinja	EU-016	near Šolta island (west)		0	0	1		497
R	IOCA	CI-0397		1991-01-26		Obljak	EU-016	near Korcula island (south)		0	0	1		497
R	IOCA	CI-0398		1991-01-26		V. Školj	EU-016	near Mljet island (east)		0	0	1		497
R	IOCA	CI-0399		1991-01-26		Barjak M.	EU-016	near Vis island		0	0	1		497
R	IOCA	CI-0400		1991-01-26		Barjak V.	EU-016	near Vis island		0	0	1		497
R	IOCA	CI-0401		1991-01-26		Oblik	EU-170	near Vrgada island		0	0	1		497
R	IOCA	CI-0402		1991-01-26		Obrovanj	EU-170	near Vrgada island		0	0	1		497
R	IOCA	CI-0403		1991-01-26		Šipnata	EU-170	near Vrgada island		0	0	1		497
R	IOCA	CI-0404		1991-01-26		Školjic Veli	EU-170	near Vrgada island		0	0	1		497
R	IOCA	CI-0405		1991-01-26		Sparešnjak	EU-170	near Zverinac island		0	0	1		497
R	IOCA	CI-0406		1991-01-26		Šilo	EU-170	near Zverinac island		0	0	1		497
R	IOCA	CI-0407		1991-01-26		Bakul	EU-170	near Žirje island		0	0	1		497
R	IOCA	CI-0408		1991-01-26		Gušteranski	EU-170	near Žirje island		0	0	1		497
R	IOCA	CI-0409		1991-01-26		Hrbošnjak	EU-170	near Žirje island		0	0	1		497
R	IOCA	CI-0410		1991-01-26		Koromašna	EU-170	near Žirje island		0	0	1		497
R	IOCA	CI-0411		1991-01-26		Mažirina	EU-170	near Žirje island		0	0	1		497
R	IOCA	CI-0412		1991-01-26		Škrovada	EU-170	near Žirje island		0	0	1		497
R	IOCA	CI-0413		1991-01-26		Tegina		north of Murter island		0	0	1		497
R	IOCA	CI-0414		1991-01-26		Žutska Aba	EU-170	near Žut island		0	0	1		497
R	IOCA	CI-0415		1991-01-26		Bisage Vele	EU-170	close to Gustac [near Žut isl.]		0	0	1		497
R	IOCA	CI-0416		1991-01-26		Gustac	EU-170	near Žut island		0	0	1		497
R	IOCA	CI-0417		1991-01-26		Kamenar	EU-170	close to Žut island (south)		0	0	1		497
R	IOCA	CI-0418		1991-01-26		Tovarnjak	EU-170	near Žut island		0	0	1		497
R	IOCA	CI-0419		1991-01-26		Lagnici	EU-170	north of Dugi otok island		0	0	1		497
R	IOCA	CI-0420		1991-01-26		Zecevo	EU-016	north of Hvar island		0	0	1		497
R	IOCA	CI-0421		1991-01-26		Karantunic	EU-170	near Ugljan island (south)		0	0	1		497
R	IOCA	CI-0422		1991-01-26		Ravan	EU-170	near Kaprije island (southeast)		0	0	1		497
R	IOCA	CI-0423		1991-01-26		Cavlin	EU-170	near Tetovišnjak Veli island		0	0	1		497
R	IOCA	CI-0424		1991-01-26		Tetovišnjak Mali	EU-170	northwest of Kakan island		0	0	1		497
R	IOCA	CI-0425		1991-01-26		Borovac	EU-016	Pakleni otoci (east of St. Klement)		0	0	1		497
R	IOCA	CI-0426		1991-01-26		Paržanj	EU-016	Pakleni otoci		0	0	1		497
R	IOCA	CI-0427		1991-01-26		Planikovac	EU-016	Pakleni otoci		0	0	1		497
R	IOCA	CI-0428		1991-01-26		Lukavci	EU-016	west of Šcedro island		0	0	1		497
R	IOCA	CI-0429		1991-01-26		Dvainka	EU-170	south of Zlarin island		0	0	1		497
R	IOCA	CI-0430		1991-01-26		Rakitnjak	EU-170	south of Zlarin island		0	0	1		497
R	IOCA	CI-0431		1991-01-26		Macaknar	EU-016	near Orud island		0	0	1		497
R	IOCA	CI-0432		1991-01-26		Crnikovac	EU-170	near Ist island		0	0	1		497
R	IOCA	CI-0433		1991-01-26		Kamenjak	EU-170	near Ist island		0	0	1		497
R	IOCA	CI-0434		1991-01-26		Puh	EU-170	south of Kurba Vela island		0	0	1		497
R	IOCA	CI-0435		1991-01-26		Puh Kameni	EU-170	south of Kurba Vela island		0	0	1		497
R	IOCA	CI-0436		1991-01-26		Sokol	EU-170	near Obonjan island (south)		0	0	1		497
R	IOCA	CI-0437		1991-01-26		Rogacic	EU-016	near Badija island		0	0	1		497
R	IOCA	CI-0438		1991-01-26		Frašker		south of Pula (mainland)		0	0	1		497
R	IOCA	CI-0439		1991-01-26		Dugo	EU-170	southwest of Zlarin island		0	0	1		497
R	IOCA	CI-0440		1991-01-26		Komorica	EU-170	south of Zlarin island		0	0	1		497
R	IOCA	CI-0441		1991-01-26		Kosmerka	EU-170	south of Žirje island		0	0	1		497
R	IOCA	CI-0442		1991-01-26		Vrtlac	EU-170	south of Žirje island		0	0	1		497
R	IOCA	CI-0443		1991-01-26		Galiola	EU-170	near Ist island		0	0	1		497
R	IOCA	CI-0444		1991-01-26		Tun Mali	EU-170	close to Molat island		0	0	1		497
R	IOCA	CI-0445		1991-01-26		Altijež	EU-110	southeast of Porec (mainland)		0	0	1		497
R	IOCA	CI-0446		1991-01-26		Purara	EU-170	southwest of Kurba Vela island		0	0	1		497
R	IOCA	CI-0447		1991-01-26		Ražanac Mali		Velebit channel		0	0	1		497
R	IOCA	CI-0448		1991-01-26		Glavat	EU-016	Vrhovnjaci isls		0	0	1		497
R	IOCA	CI-0449		1991-01-26		Sestrice (Vela)	EU-016	Vrhovnjaci isls		0	0	1		497
R	IOCA	CI-0450		1991-01-26		Smokvica	EU-016	Vrhovnjaci isls		0	0	1		497
R	IOCA	CI-0451		1991-01-26		Vlašnik Srednji	EU-016	Vrhovnjaci isls		0	0	1		497
R	IOCA	CI-0452		1991-01-26		Prduša Vela	EU-170	near Kornat island (south)		0	0	1		497
R	IOCA	CI-0453		1991-01-26		Pod Kopište	EU-016	near Kopište island		0	0	1		497
R	IOCA	CI-0454		1991-01-26		Pod Mrcaru	EU-016	near Mrcara island		0	0	1		497
R	IOCA	CI-0455		1991-01-26		Knežacic	EU-170	near Molat island (west)		0	0	1		497
R	IOCA	CI-0456		1991-01-26		Raparašnjak	EU-170	west of Žirje island		0	0	1		497
R	IOCA	CI-0457		1991-01-26		Murvica	EU-016	near Drvenik Mali island		0	0	1		497
R	IOCA	CI-0458		1991-01-26		Mulo	EU-016	near Smokvica Vela island		0	0	1		497
R	IOCA	CI-0459		1991-01-26		Bisaga		between Murter isl. and mainland		0	0	1		497
R	IOCA	CI-0460		1991-01-26		Jaz		near Rogoznica (mainland)		0	0	1		497
R	IOCA	CI-0461		1991-01-26		Palagruža; Mala	EU-090	--> Mala Palagruža		0	0	1		497
R	IOCA	CI-0462		1991-01-26		Galijula	EU-090	Palagruža isls		0	0	1		497
R	IOCA	CI-0463		1991-01-26		Supetar		near Cavtat (mainland)		0	0	1		497
R	IOCA	CI-0464		1991-01-26		Mišnjak	EU-016	near Šipan island		0	0	1		497
R	IOCA	CI-0465		1991-01-26		Trimulic Veli	EU-170	near Glamoc island		0	0	1		497
R	IOCA	CI-0466		1991-01-26		Stambedar	EU-016	Pakleni otoci		0	0	1		497
R	IOCA	CI-0467		1991-01-26		Vlaka	EU-016	Pakleni otoci		0	0	1		497
R	IOCA	CI-0468		1991-01-26		Gojca	EU-016	Pakleni otoci		0	0	1		497
R	IOCA	CI-0469		1991-01-26		Gališnik	EU-016	near Hvar island (west)		0	0	1		497
R	IOCA	CI-0470		1991-01-26		Duga	EU-016	near Hvar island (west)		0	0	1		497
R	IOCA	CI-0471		1991-01-26		Komornik	EU-170	Pašman channel		0	0	1		497
R	IOCA	CI-0472		1991-01-26		Garmenjak	EU-170	Pasman channel		0	0	1		497
R	IOCA	CI-0473		1991-01-26		Stupe Vele	EU-016	near Majsan island		0	0	1		497
R	IOCA	CI-0474		1991-01-26		Lucnjak	EU-016	near Badija island		0	0	1		497
R	IOCA	CI-0475		1991-01-26		Kamenjak	deleted	near Korcula island (east) deleted		0	0	1		497
R	IOCA	CI-0476		1991-01-26		Lukar	EU-170	near Pag island (west)		0	0	1		497
R	IOCA	CI-0477		1991-01-26		Panitula Vela	EU-170	near Piškera island		0	0	1		497
R	IOCA	CI-0478		1991-01-26		Sušica	EU-170	near Levrnaka island		0	0	1		497
R	IOCA	CI-0479		1991-01-26		Balun	EU-170	near Borovnik island		0	0	1		497
R	IOCA	CI-0480		1991-01-26		Plešcina	EU-170	near Mana island		0	0	1		497
R	IOCA	CI-0481		1991-01-26		Brskvenjak	EU-170	near Žut island (northwest)		0	0	1		497
R	IOCA	CI-0482		1991-01-26		Pinizelic	EU-170	close to Žut island (northwest)		0	0	1		497
R	IOCA	CI-0483		1991-01-26		Bikarijica	EU-170	near Gangarol island (south)		0	0	1		497
R	IOCA	CI-0484		1991-01-26		Runjava Kotula	EU-170	near Gangaro island		0	0	1		497
R	IOCA	CI-0485		1991-01-26		Artina	EU-170	near Vrgada island		0	0	1		497
R	IOCA	CI-0486		1991-01-26		Visovac	EU-170	near Murvenjak island		0	0	1		497
R	IOCA	CI-0487		1991-01-26		Gubavci	EU-170	near Arta Vela island		0	0	1		497
R	IOCA	CI-0488		1991-01-26		Prišnjak Mali	EU-170	near Radelj island		0	0	1		497
R	IOCA	CI-0489		1991-01-26		Žavinac Veli		south of Pakoštane (mainland)		0	0	1		497
R	IOCA	CI-0490		1991-01-26		V. Školj		near Pakoštane (mainland)		0	0	1		497
R	IOCA	CI-0491		1991-01-26		Ricul	EU-170	Pašman channel		0	0	1		497
R	IOCA	CI-0492		1991-01-26		Bisage Vele	EU-170	Pašman channel		0	0	1		497
R	IOCA	CI-0493		1991-01-26		Vrtlic	EU-170	between Kurba Vela and Žirje isl.		0	0	1		497
R	IOCA	CI-0494		1991-01-26		Vodnjak	EU-170	Kukuljari isls		0	0	1		497
R	IOCA	CI-0495		1991-01-26		Babuljak	EU-170	Kukuljari isls		0	0	1		497
R	IOCA	CI-0496		1991-01-26		Dražamenski Veli	EU-170	southeast of Murter island		0	0	1		497
R	IOCA	CI-0497		1991-01-26		Lukovnik		near Tribunj (mainland)		0	0	1		497
R	IOCA	CI-0498		1991-01-26		Prišnjak	EU-170	near Tribunj (mainland)		0	0	1		497
R	IOCA	CI-0499		1991-01-26		Sovljak	EU-170	near Tribunj (mainland)		0	0	1		497
R	IOCA	CI-0500		1991-01-26		Smokvica	EU-170	near Primošten (mainland)		0	0	1		497
R	IOCA	CI-0501		1991-01-26		Crnac	EU-016	near Kopište island		0	0	1		497
R	IOCA	CI-0502		1991-01-26		Maslovnjak Veli	EU-016	near Lastovo island		0	0	1		497
R	IOCA	CI-0503		1991-01-26		Otocac	EU-016	near Korcula island (south)		0	0	1		497
R	IOCA	CI-0504		1991-01-26		Crnikovac V.	EU-170	near Žut island (south)		0	0	1		497
R	IOCA	CI-0505		1991-01-26		Roncic	EU-170	near Žut island (north)		0	0	1		497
R	IOCA	CI-0506		1991-01-26		Blitvica	EU-170	near Žutska Aba island		0	0	1		497
R	IOCA	CI-0507		1991-01-26		G. Školj	EU-170	close to Dugi Otok (south)		0	0	1		497
R	IOCA	CI-0508		1991-01-26		Korotan	EU-170	close to Dugi otok (NP Telašcica)		0	0	1		497
R	IOCA	CI-0509		1991-01-26		Rogoznica		deleted (February 10; 2007)		0	0	1		497
R	IOCA	CI-0510		1991-01-26		Jancar	EU-170	Kornati islands		0	0	1		497
R	IOCA	CI-0511		1991-01-26		Maslinjak	EU-170	near Žut island (north)		0	0	1		497
R	IOCA	CI-0512		1991-01-26		Babina Guzica	EU-170	near Kurba Vela island (north)		0	0	1		497
R	IOCA	CI-0513		1991-01-26		Božikovac	EU-170	near Kurba Mala island		0	0	1		497
R	IOCA	CI-0514		1991-01-26		Maman	EU-136	near Rab island (north)		0	0	1		497
R	IOCA	CI-0515		1991-01-26		Maslinovac	EU-016	near Mljet island (north)		0	0	1		497
R	IOCA	CI-0516		1991-01-26		Ovrata	EU-016	near Mljet island (north)		0	0	1		497
R	IOCA	CI-0517		1991-01-26		Gangaro	EU-170	south of Pašman island		0	0	1		497
R	IOCA	CI-0518		1991-01-26		Goljak		between Pelješac and mainland		0	0	1		497
R	IOCA	CI-0519		1991-01-26		Lovorikovac		between Pelješac and mainland		0	0	1		497
R	IOCA	CI-0520		1991-01-26		Zaklopatica	EU-016	near Lastovo island		0	0	1		497
R	IOCA	CI-0521		1991-01-26		Kneža M.	EU-016	near Korcula island (north)		0	0	1		497
R	IOCA	CI-0522		1991-01-26		Arženjak M.	EU-016	Lastovnjaci isls		0	0	1		497
R	IOCA	CI-0523		1991-01-26		Golubinjak M.	EU-016	Lastovnjaci isls		0	0	1		497
R	IOCA	CI-0524		1991-01-26		Srednjak		btw Pelješac and mainland		0	0	1		497
R	IOCA	CI-0525		1991-01-26		Geravac		between Pelješac and mainland		0	0	1		497
R	IOCA	CI-0526		1991-01-26		Kokošar		between Pelješac and mainland		0	0	1		497
R	IOCA	CI-0527		1991-01-26		Gubavac		between Pelješac and mainland		0	0	1		497
R	IOCA	CI-0528		1991-01-26		Sv. Justina		near Pakoštane		0	0	1		497
R	IOCA	CI-0529		1991-01-26		Babuljaš		near Pakoštane		0	0	1		497
R	IOCA	CI-0530		1991-01-26		Školjic	EU-170	Pašman channel		0	0	1		497
R	IOCA	CI-0531		1991-01-26		Bisage M.	EU-170	Pašman channel		0	0	1		497
R	IOCA	CI-0532		1991-01-26		Oštarije		Pašman channel (south)		0	0	1		497
R	IOCA	CI-0533		1991-01-26		Frmic	EU-170	Pašman channel		0	0	1		497
R	IOCA	CI-0534		1991-01-26		Cavatul	EU-170	Pašman channel		0	0	1		497
R	IOCA	CI-0535		1991-01-26		Dužac M.	EU-170	near Pašman island		0	0	1		497
R	IOCA	CI-0536		1991-01-26		Žavinac M.		south of Pakoštane (mainland)		0	0	1		497
R	IOCA	CI-0537		1991-01-26		Trstikovac	EU-170	near Glamoc island		0	0	1		497
R	IOCA	CI-0538		1991-01-26		Badanj	EU-016	near Mljet island		0	0	1		497
R	IOCA	CI-0539		1991-01-26		Senjevci	EU-016	close to Mljet island		0	0	1		497
R	IOCA	CI-0540		1991-01-26		Galicnjak	EU-016	near Mljet island		0	0	1		497
R	IOCA	CI-0541		1991-01-26		Ogiran	EU-016	south of Mljet island		0	0	1		497
R	IOCA	CI-0542		1991-01-26		Brnjestrovac	EU-016	close to Mljet island		0	0	1		497
R	IOCA	CI-0543		1991-01-26		Kosmac	EU-016	close to Mljet island		0	0	1		497
R	IOCA	CI-0544		1991-01-26		Trasorka	EU-136	between Lošinj & Vele Orjule isl.		0	0	1		497
R	IOCA	CI-0545		1991-01-26		Volici	EU-016	close to Vis island		0	0	1		497
R	IOCA	CI-0546		1991-01-26		Hrbošnjak		southeast of Murter island		0	0	1		497
R	IOCA	CI-0547		1991-01-26		Dražamenski M.	EU-170	southeast of Murter island		0	0	1		497
R	IOCA	CI-0548		1991-01-26		Maslinjak		southeast of Murter isalnd		0	0	1		497
R	IOCA	CI-0549		1991-01-26		Sustipanac		Pirovacki zaljev (east)		0	0	1		497
R	IOCA	CI-0550		1991-01-26		Vinik M.		near Murter island		0	0	1		497
R	IOCA	CI-0551		1991-01-26		Školjic		close to Murter island		0	0	1		497
R	IOCA	CI-0552		1991-01-26		Tužbina		close to Murter island		0	0	1		497
R	IOCA	CI-0553		1991-01-26		Smokvica M.	EU-016	west of Rogoznica (mainland)		0	0	1		497
R	IOCA	CI-0554		1991-01-26		Mali Osir	EU-136	close to Lošinj island		0	0	1		497
R	IOCA	CI-0555		1991-01-26		Premanturski		Medulin gulf		0	0	1		497
R	IOCA	CI-0556		1991-01-26		Pomerski		Medulin gulf		0	0	1		497
R	IOCA	CI-0557		1991-01-26		Gnalic	EU-170	southeast of Pašman island		0	0	1		497
R	IOCA	CI-0558		1991-01-26		Ošljak M.	EU-170	between Pašman and Gargano isl.		0	0	1		497
R	IOCA	CI-0559		1991-01-26		Did	EU-170	between Sit & Žut isl.		0	0	1		497
R	IOCA	CI-0560		1991-01-26		Buc M.	EU-170	close to Kornat island (north)		0	0	1		497
R	IOCA	CI-0561		1991-01-26		Galija		Kaštela gulf		0	0	1		497
R	IOCA	CI-0562		1991-01-26		Blitvica	EU-170	close to Gustac [near Kornat isl.]		0	0	1		497
R	IOCA	CI-0563		1991-01-26		Kamicic	EU-170	close to Piškera island		0	0	1		497
R	IOCA	CI-0564		1991-01-26		Veseljuh	EU-170	close to Piškera island		0	0	1		497
R	IOCA	CI-0565		1991-01-26		Osinj		near Ploce (mainland)		0	0	1		497
R	IOCA	CI-0566		1991-01-26		Gubovac		near Ploce (mainland)		0	0	1		497
R	IOCA	CI-0567		1991-01-26		Mrkanac	EU-016	close to Mrkan island		0	0	1		497
R	IOCA	CI-0568		1991-01-26		Ošljak V.	EU-170	between Pašman and Gargano isl.		0	0	1		497
R	IOCA	CI-0569		1991-01-26		Kotula M.	EU-170	near Gangaro island		0	0	1		497
R	IOCA	CI-0570		1991-01-26		Bisage M.	EU-170	close to Gustac [near Žut isl.]		0	0	1		497
R	IOCA	CI-0571		1991-01-26		Skala M	EU-170	near Žut island (nortwest)		0	0	1		497
R	IOCA	CI-0572		1991-01-26		Pelin	EU-170	between Kurba Mala and Sit isl.		0	0	1		497
R	IOCA	CI-0573		1991-01-26		Vrtlac	EU-170	between Molat and Sestrunj isl.		0	0	1		497
R	IOCA	CI-0574		1991-01-26		Fraškeric		between Veruda and Frašker isl.		0	0	1		497
R	IOCA	CI-0575		1991-01-26		Supinic	EU-110	Brijuni islands		0	0	1		497
R	IOCA	CI-0576		1991-01-26		Supin	EU-110	Brijuni islands		0	0	1		497
R	IOCA	CI-0577		1991-01-26		Figarolica		near Rovinj (mainland)		0	0	1		497
R	IOCA	CI-0578		1991-01-26		Banjol	EU-110	west of Sv. Katarina [near Rovinj]		0	0	1		497
R	IOCA	CI-0579		1991-01-26		Sv. Marko	EU-110	Brijuni islands		0	0	1		497
R	IOCA	CI-0580		1991-01-26		Pisulj		southeast of Sestrica Vela		0	0	1		497
R	IOCA	CI-0581		1991-01-26		Gustinja	EU-110	south of Sestrica Vela		0	0	1		497
R	IOCA	CI-0582		1991-01-26		Veštar		north of Sestrica V/M		0	0	1		497
R	IOCA	CI-0583		1991-01-26		Stinjive	EU-016	close to Korcula island		0	0	1		497
R	IOCA	CI-0584		1991-01-26		Levanic	EU-110	near Levan island		0	0	1		497
R	IOCA	CI-0585		1991-01-26		Galiner		near Vrsar (mainland)		0	0	1		497
R	IOCA	CI-0586		1991-01-26		Orlandin	EU-110	near Vrsar (mainland)		0	0	1		497
R	IOCA	CI-0587		1991-01-26		Tuf		near Funtana (mainland)		0	0	1		497
R	IOCA	CI-0588		1991-01-26		Tovarjež	EU-110	between Veli and Gusti Skolj		0	0	1		497
R	IOCA	CI-0589		1991-01-26		Školjic		near Funtana (mainland)		0	0	1		497
R	IOCA	CI-0590		1991-01-26		Lisac		7km south of Senj (mainland)		0	0	1		497
R	IOCA	CI-0591		1991-01-26		D. Školj	EU-170	close to Dugi o. Island (south)		0	0	1		497
R	IOCA	CI-0592		1991-01-26		Trimulici M.	EU-170	near Glamoc island		0	0	1		497
R	IOCA	CI-0593		1991-01-26		Pohlib	EU-170	close to Dugi otok (near Sali)		0	0	1		497
R	IOCA	CI-0594		1991-01-26		Ravica	EU-170	close to Rava		0	0	1		497
R	IOCA	CI-0595		1991-01-26		Školjic	EU-170	close to Iž island		0	0	1		497
R	IOCA	CI-0596		1991-01-26		Mala Aba	EU-170	close to Gornja Aba		0	0	1		497
R	IOCA	CI-0597		1991-01-26		Kamicic	EU-170	near Buc Mali island		0	0	1		497
R	IOCA	CI-0598		1991-01-26		Taljuric	EU-170	close to Dugi otok island		0	0	1		497
R	IOCA	CI-0599		1991-01-26		Dragunara	EU-170	between Aba V. and Šilo V. isl.		0	0	1		497
R	IOCA	CI-0600		1991-01-26		Artica M.	EU-170	near Arta Vela island		0	0	1		497
R	IOCA	CI-0601		1991-01-26		Cerigul	EU-170	close to Dužac island		0	0	1		497
R	IOCA	CI-0602		1991-01-26		Kablinac	EU-170	close to Tetovišnjak Mali		0	0	1		497
R	IOCA	CI-0603		1991-01-26		Klještac		near Klek (mainland)		0	0	1		497
R	IOCA	CI-0604		1991-01-26		Galovac	EU-170	close to Ugljan island		0	0	1		497
R	IOCA	CI-0605		1991-01-26		Lakal	EU-110	near Vrsar (mainland)		0	0	1		497
R	IOCA	CI-0606		1991-01-26		Reverol	EU-110	west of Funtana (mainland)		0	0	1		497
R	IOCA	CI-0607		1991-01-26		Regata	EU-110	southwest of Porec (mainland)		0	0	1		497
R	IOCA	CI-0608		1991-01-26		Žontuja	EU-110	southwest of Porec (mainland)		0	0	1		497
R	IOCA	CI-0609		1991-01-26		Barbaran	EU-110	west of Porec (mainland)		0	0	1		497
R	IOCA	CI-0610		1991-01-26		Karbula	EU-110	west of Porec (mainland)		0	0	1		497
R	IOCA	CI-0611		1991-01-26		Muntrav		north of Sv. Andrija		0	0	1		497
R	IOCA	CI-0612		1991-01-26		Piruzi V.	EU-110	near Sv. Andrija		0	0	1		497
R	IOCA	CI-0613		1991-01-26		Piruzi M.	EU-110	near Sv. Andrija		0	0	1		497
R	IOCA	CI-0614		1991-01-26		M. Babuljaši	EU-170	norteast of Žut island		0	0	1		497
R	IOCA	CI-0615		1991-01-26		Ravna Sika	EU-170	east of Bisage Vele		0	0	1		497
R	IOCA	CI-0616		1991-01-26		Bisaga	EU-170	btw Mana and Kornat isls		0	0	1		497
R	IOCA	CI-0617		1991-01-26		Bisagica	EU-170	btw Mana and Maslinjak isls		0	0	1		497
R	IOCA	CI-0618		1991-01-26		Babuljaš M.	EU-170	btw Mana and Maslinjak isls		0	0	1		497
R	IOCA	CI-0619		1991-01-26		Babuljaš V.	EU-170	btw Mana and Maslinjak isls		0	0	1		497
R	IOCA	CI-0620		1991-01-26		Rašipic	EU-170	close to Rašip Veli island		0	0	1		497
R	IOCA	CI-0621		1991-01-26		Sestrica M.	EU-170	close to Sestrica Vela island		0	0	1		497
R	IOCA	CI-0622		1991-01-26		Škrpinjak	EU-016	near Sutvara island		0	0	1		497
R	IOCA	CI-0623		1991-01-26		Stupe M.	EU-016	near Majsan island		0	0	1		497
R	IOCA	CI-0624		1991-01-26		Borovac	EU-016	Pakleni otoci (west of St. Klement)		0	0	1		497
R	IOCA	CI-0625		1991-01-26		Lengva	EU-016	Pakleni otoci (close to Vodnjak V.)		0	0	1		497
R	IOCA	CI-0626		1991-01-26		Karbun	EU-016	Pakleni otoci (close to Vodnjak V.)		0	0	1		497
R	IOCA	CI-0627		1991-01-26		Vodnjak M	EU-016	Pakleni otoci (close to Vodnjak V.)		0	0	1		497
R	IOCA	CI-0628		1991-01-26		Baba	EU-016	Pakleni otoci (near Sv. Klement)		0	0	1		497
R	IOCA	CI-0629		1991-01-26		Travna	EU-016	Pakleni otoci (close to Vodnjak V.)		0	0	1		497
R	IOCA	CI-0630		1991-01-26		Babuljak	EU-170	south of Žirje island		0	0	1		497
R	IOCA	CI-0631		1991-01-26		Proklandica	EU-170	south of Žirje island		0	0	1		497
R	IOCA	CI-0632		1991-01-26		Ravna sika	EU-170	near Ravan island		0	0	1		497
R	IOCA	CI-0633		1991-01-26		Mikavica	EU-170	close to Žirje island (norhwest)		0	0	1		497
R	IOCA	CI-0634		1991-01-26		Politrenica	EU-170	near Ravan island		0	0	1		497
R	IOCA	CI-0635		1991-01-26		Gumanac	EU-170	near Kaprije island (souhteast)		0	0	1		497
R	IOCA	CI-0636		1991-01-26		Oštrica	EU-170	close to Kaprije island		0	0	1		497
R	IOCA	CI-0637		1991-01-26		Dupinici Mali	EU-170	near Kaprije island		0	0	1		497
R	IOCA	CI-0638		1991-01-26		Galijica	EU-170	btw Rava & Dugi otok isls.		0	0	1		497
R	IOCA	CI-0639		1991-01-26		Po hliba	EU-170	close to Dugi o. island (north)		0	0	1		497
R	IOCA	CI-0640		1991-01-26		Mali	EU-170	near Iž island		0	0	1		497
R	IOCA	CI-0641		1991-01-26		Tatišnjak	EU-170	close to Dugi island (north)		0	0	1		497
R	IOCA	CI-0642		1991-01-26		Planatak M.	EU-170	close to Dugi island (north)		0	0	1		497
R	IOCA	CI-0643		1991-01-26		Paranak M.	EU-170	near Sestrunj island		0	0	1		497
R	IOCA	CI-0644		1991-01-26		Golac	EU-170	close to Ugljan island (south)		0	0	1		497
R	IOCA	CI-0645		1991-01-26		Bisage	EU-170	close to Ugljan island (south)		0	0	1		497
R	IOCA	CI-0646		1991-01-26		Krbaric	EU-170	northwest of Žut island		0	0	1		497
R	IOCA	CI-0647		1991-01-26		Borovnik	EU-170	near Sit island		0	0	1		497
R	IOCA	CI-0648		1991-01-26		Krbelica		close to Tmara island		0	0	1		497
R	IOCA	CI-0649		1991-01-26		Barilac	EU-016	south of Maslinovik		0	0	1		497
R	IOCA	CI-0650		1991-01-26		Školjic M.	EU-170	near Vrgada island		0	0	1		497
R	IOCA	CI-0651		1991-01-26		Vrtlic	EU-170	near Murvenjak island		0	0	1		497
R	IOCA	CI-0652		1991-01-26		Loncaric	EU-170	near Murvenjak island		0	0	1		497
R	IOCA	CI-0653		1991-01-26		Rakita	EU-170	south of Vrgada island		0	0	1		497
R	IOCA	CI-0654		1991-01-26		Kamicic	EU-170	close to Kozina island		0	0	1		497
R	IOCA	CI-0655		1991-01-26		Mišine	EU-170	west of Murter island		0	0	1		497
R	IOCA	CI-0656		1991-01-26		Kamenica	EU-170	near Tijat island		0	0	1		497
R	IOCA	CI-0657		1991-01-26		Sestrica M.	EU-110	southeast of Rovinj (mainland)		0	0	1		497
R	IOCA	CI-0658		1991-01-26		Cerin	EU-016	near Korcula island (south)		0	0	1		497
R	IOCA	CI-0659		1991-01-26		Baricevac	EU-170	close to Dugi otok (north)		0	0	1		497
R	IOCA	CI-0660		1991-01-26		Bijelac	EU-016	west of Kopište		0	0	1		497
R	IOCA	CI-0661		1991-01-26		Kolona		northwest of Barbariga (mainland)		0	0	1		497
R	IOCA	CI-0662		1991-01-26		Porer	EU-110	west of Barbariga (mainland)		0	0	1		497
R	IOCA	CI-0663		1991-01-26		Revera		southwest of Pulari		0	0	1		497
R	IOCA	CI-0664		1991-01-26		V. Školj	EU-110	south of Novigrad city (mainland)		0	0	1		497
R	IOCA	CI-0665		1991-01-26		Samuncel	EU-136	near Unije island		0	0	1		497
R	IOCA	CI-0666		1991-01-26		Mišnjak	EU-136	near Unije island		0	0	1		497
R	IOCA	CI-0667		1991-01-26		Školjic	EU-136	Soline bay (Krk island)		0	0	1		497
R	IOCA	CI-0668		1991-01-26		Košljun	EU-136	Punat's cove (Krk island)		0	0	1		497
R	IOCA	CI-0669		1991-01-26		Pregaznik	EU-136	near Zeca island		0	0	1		497
R	IOCA	CI-0670		1991-01-26		Mišar	EU-136	near Zeca island		0	0	1		497
R	IOCA	CI-0671		1991-01-26		Škojic	EU-136	near Lošinj island (north)		0	0	1		497
R	IOCA	CI-0672		1991-01-26		Cutin M.	EU-136	near Cres island (north)		0	0	1		497
R	IOCA	CI-0673		1991-01-26		Biskupici	EU-136	near Krk island (south)		0	0	1		497
R	IOCA	CI-0674		1991-01-26		Kamenjak	EU-136	near Krk island (east)		0	0	1		497
R	IOCA	CI-0675		1991-01-26		Matanovo	EU-136	near Krk island (south-east)		0	0	1		497
R	IOCA	CI-0676		1991-01-26		Njivica	EU-136	near Prvic island (CI-095)		0	0	1		497
R	IOCA	CI-0677		1991-01-26		M. Goli	EU-136	near Goli island		0	0	1		497
R	IOCA	CI-0678		1991-01-26		Sv. Marin		in front of Novi Vinodolski		0	0	1		497
R	IOCA	CI-0679		1991-01-26		Sv. Anton		in front of Klenovica		0	0	1		497
R	IOCA	CI-0680		1991-01-26		Mag	EU-136	near Mag island		0	0	1		497
R	IOCA	CI-0681		1991-01-26		Njivica	EU-136	near Rab island (east)		0	0	1		497
R	IOCA	CI-0682		1991-01-26		Rapost	EU-136	near Rab island (east)		0	0	1		497
R	IOCA	CI-0683		1991-01-26		Lukovac	EU-136	near Rab island (north)		0	0	1		497
R	IOCA	CI-0684		1991-01-26		Kaštelina	EU-136	near Rab island (north)		0	0	1		497
R	IOCA	CI-0685		1991-01-26		Stolac	EU-136	near Rab island (north)		0	0	1		497
R	IOCA	CI-0686		1991-01-26		Balina	EU-136	near Rab island (north)		0	0	1		497
R	IOCA	CI-0687		1991-01-26		Boljkovac	EU-136	near Rab island (north)		0	0	1		497
R	IOCA	CI-0688		1991-01-26		Mali Laganj	EU-170	near Veli Laganj island		0	0	1		497
R	IOCA	CI-0689		1991-01-26		Školjic	EU-136	near Unije island		0	0	1		497
R	IOCA	CI-0690		1991-01-26		Karbarus	EU-136	near Lošinj island		0	0	1		497
R	IOCA	CI-0691		1991-01-26		Školjic	EU-136	near Male Orjule island		0	0	1		497
R	IOCA	CI-0692		1991-01-26		Bik	EU-136	east of Palacol island		0	0	1		497
R	IOCA	CI-0693		1991-01-26		Žnjorcak	EU-136	north of Oruda island		0	0	1		497
R	IOCA	CI-0694		1991-01-26		Mažunel	EU-170	north of Dolfin island		0	0	1		497
R	IOCA	CI-0695		1991-01-26		Hripa	EU-170	near Premuda island		0	0	1		497
R	IOCA	CI-0696		1991-01-26		Plitka sika	EU-170	near Premuda island		0	0	1		497
R	IOCA	CI-0697		1991-01-26		Bracic	EU-170	near Premuda island		0	0	1		497
R	IOCA	CI-0698		1991-01-26		Križica	EU-170	northwest of Ist island		0	0	1		497
R	IOCA	CI-0699		1991-01-26		M. Dolfin	EU-170	near Dolfin island		0	0	1		497
R	IOCA	CI-0700		1991-01-26		Oštar	EU-170	near Dolfin island		0	0	1		497
R	IOCA	CI-0701		1991-01-26		Fucin	EU-170	near Olib island		0	0	1		497
R	IOCA	CI-0702		1991-01-26		Mišnjak	EU-170	near Pag island		0	0	1		497
R	IOCA	CI-0703		1991-01-26		Triget	EU-170	near Pag island		0	0	1		497
R	IOCA	CI-0704		1991-01-26		Školjici	EU-170	near Dolin island		0	0	1		497
R	IOCA	CI-0705		1991-01-26		Pohlib	EU-136	near Rab island (south)		0	0	1		497
R	IOCA	CI-0706		1991-01-26		Žigljen	EU-170	near Pag island		0	0	1		497
R	IOCA	CI-0707		1991-01-26		Kovac		Velebit channel		0	0	1		497
R	IOCA	CI-0708		1991-01-26		M. Greben		Velebit channel		0	0	1		497
R	IOCA	CI-0709		1991-01-26		Crikveni Gaj		Velebit channel		0	0	1		497
R	IOCA	CI-0710		1991-01-26		Zakucenica	EU-170	near Pag island		0	0	1		497
R	IOCA	CI-0711		1991-01-26		V. Školj	EU-170	near Pag island		0	0	1		497
R	IOCA	CI-0712		1991-01-26		Karavanic	EU-170	near Pag island		0	0	1		497
R	IOCA	CI-0713		1991-01-26		Maškalic M.	EU-170	near Pag island		0	0	1		497
R	IOCA	CI-0714		1991-01-26		Maškalic V.	EU-170	near Pag island		0	0	1		497
R	IOCA	CI-0715		1991-01-26		Šestakovci (4 rocks)	EU-170	near Pag island		0	0	1		497
R	IOCA	CI-0716		1991-01-26		Konj	EU-170	Velebit channel		0	0	1		497
R	IOCA	CI-0717		1991-01-26		Orlic		Velebit channel		0	0	1		497
R	IOCA	CI-0718		1991-01-26		Donji Školj		Velebit channel		0	0	1		497
R	IOCA	CI-0719		1991-01-26		Volovak		the bay of Nin		0	0	1		497
R	IOCA	CI-0720		1991-01-26		Funestrala	EU-170	near Ist island		0	0	1		497
R	IOCA	CI-0721		1991-01-26		Rižnjak	EU-170	near Molat island		0	0	1		497
R	IOCA	CI-0722		1991-01-26		Krivnjak	EU-170	near Molat island		0	0	1		497
R	IOCA	CI-0723		1991-01-26		Sicica	EU-170	near Molat island		0	0	1		497
R	IOCA	CI-0724		1991-01-26		Lušnjak	EU-170	near Molat island		0	0	1		497
R	IOCA	CI-0725		1991-01-26		Mladinj	EU-170	near Molat island		0	0	1		497
R	IOCA	CI-0726		1991-01-26		Trata	EU-170	near Molat island		0	0	1		497
R	IOCA	CI-0727		1991-01-26		Kamenjak	EU-170	near Molat island		0	0	1		497
R	IOCA	CI-0728		1991-01-26		Bivošcak	EU-170	near Molat island		0	0	1		497
R	IOCA	CI-0729		1991-01-26		Škrpelji		Velebit channel (south)		0	0	1		497
R	IOCA	CI-0730		1991-01-26		V. Školj		Novigradsko more		0	0	1		497
R	IOCA	CI-0731		1991-01-26		Zališce		Novigradsko more		0	0	1		497
R	IOCA	CI-0732		1991-01-26		Karinski Školj		Karinsko more		0	0	1		497
R	IOCA	CI-0733		1991-01-26		Obrucan M.	EU-170	near Obrucan Veli island		0	0	1		497
R	IOCA	CI-0734		1991-01-26		Šilo M.	EU-170	Kornati group (nortwest)		0	0	1		497
R	IOCA	CI-0735		1991-01-26		Školjic		near Katina island		0	0	1		497
R	IOCA	CI-0736		1991-01-26		Ravna sika	EU-170	south of Sit island		0	0	1		497
R	IOCA	CI-0737		1991-01-26		Baba	EU-170	south of Sit island		0	0	1		497
R	IOCA	CI-0738		1991-01-26		Svršata M.	EU-170	near Kornat island (north)		0	0	1		497
R	IOCA	CI-0739		1991-01-26		Arapovac	EU-170	Kornati group (east of Mana island)		0	0	1		497
R	IOCA	CI-0740		1991-01-26		Kamicici (2 rocks)	EU-170	Kornati group (south-east of Mana island)		0	0	1		497
R	IOCA	CI-0741		1991-01-26		Kaselica	EU-170	Kornati group (near Kasela island)		0	0	1		497
R	IOCA	CI-0742		1991-01-26		Klobucar	EU-170	Kornati group (near Gustac island)		0	0	1		497
R	IOCA	CI-0743		1991-01-26		Brušnjak	EU-170	south-east of Dajna Vela island		0	0	1		497
R	IOCA	CI-0744		1991-01-26		Dajnice M.	EU-170	south-east of Dajna Vela island		0	0	1		497
R	IOCA	CI-0745		1991-01-26		Dajna M.	EU-170	near Dajna Vela island		0	0	1		497
R	IOCA	CI-0746		1991-01-26		Crnikovac M.	EU-170	near Žut island (south)		0	0	1		497
R	IOCA	CI-0747		1991-01-26		Kalafatin		near Žut island (south)		0	0	1		497
R	IOCA	CI-0748		1991-01-26		Dinarici (2 rocks)	EU-170	near Žut island (south)		0	0	1		497
R	IOCA	CI-0749		1991-01-26		Sancela	EU-170	near Žut island (east)		0	0	1		497
R	IOCA	CI-0750		1991-01-26		Orlic	EU-170	close to Pašman island)		0	0	1		497
R	IOCA	CI-0751		1991-01-26		Krpeljina	EU-170	Kornati group (near Kornat island)		0	0	1		497
R	IOCA	CI-0752		1991-01-26		Bisaga	EU-170	Kornati group (near Kornat island)		0	0	1		497
R	IOCA	CI-0753		1991-01-26		Prišnjak M.	EU-170	Kornati group (near Lunga island)		0	0	1		497
R	IOCA	CI-0754		1991-01-26		Žakanac	EU-170	Kornati group (near Lunga island)		0	0	1		497
R	IOCA	CI-0755		1991-01-26		Smokvica M.	EU-170	Kornati group (near Smokvica Vela island)		0	0	1		497
R	IOCA	CI-0756		1991-01-26		Kamicic	EU-170	Kukuljari group		0	0	1		497
R	IOCA	CI-0757		1991-01-26		Prduša M.	EU-170	west of Kurba Vela island		0	0	1		497
R	IOCA	CI-0758		1991-01-26		Volic	EU-170	west of Kurba Vela island		0	0	1		497
R	IOCA	CI-0759		1991-01-26		Klint	EU-170	Kornati group (west of Okljuc island)		0	0	1		497
R	IOCA	CI-0760		1991-01-26		Gonji Puh	EU-170	Kornati group (south of Kurba Vela island)		0	0	1		497
R	IOCA	CI-0761		1991-01-26		Vodeni Puh	EU-170	Kornati group (south of Kurba Vela island)		0	0	1		497
R	IOCA	CI-0762		1991-01-26		Skrižanj M.	EU-170	Kornati group (east of Kurba Vela island)		0	0	1		497
R	IOCA	CI-0763		1991-01-26		M. Mare	EU-170	northeast of Kakan island		0	0	1		497
R	IOCA	CI-0764		1991-01-26		Bacvica	EU-170	west of Žirje island		0	0	1		497
R	IOCA	CI-0765		1991-01-26		Nozdra	EU-170	near Žirje island		0	0	1		497
R	IOCA	CI-0766		1991-01-26		Balkun	EU-170	near Blivenica island		0	0	1		497
R	IOCA	CI-0767		1991-01-26		Galebinjak	EU-170	near Zmajan island		0	0	1		497
R	IOCA	CI-0768		1991-01-26		Kamicac	EU-170	near Dugo island		0	0	1		497
R	IOCA	CI-0769		1991-01-26		Vrkljaca	EU-170	near Sestrica Mala island		0	0	1		497
R	IOCA	CI-0770		1991-01-26		M. Krbela		near Krbela Vela island		0	0	1		497
R	IOCA	CI-0771		1991-01-26		Mumonja	EU-170	near Dvainka island		0	0	1		497
R	IOCA	CI-0772		1991-01-26		Melevrin	EU-016	north-west of Arkandel island		0	0	1		497
R	IOCA	CI-0773		1991-01-26		Muljica	EU-016	near Arkandel island		0	0	1		497
R	IOCA	CI-0774		1991-01-26		Kosmac M.	EU-016	near Arkandel island		0	0	1		497
R	IOCA	CI-0775		1991-01-26		Malta	EU-016	near Drvenik Veli island		0	0	1		497
R	IOCA	CI-0776		1991-01-26		Krknjaš M.	EU-016	near Drvenik Veli island		0	0	1		497
R	IOCA	CI-0777		1991-01-26		Vinišce	EU-016	north of Drvenik Veli island		0	0	1		497
R	IOCA	CI-0778		1991-01-26		Celice		the bay of Trogir		0	0	1		497
R	IOCA	CI-0779		1991-01-26		Balkun	EU-016	north-east of Drvenik Veli island		0	0	1		497
R	IOCA	CI-0780		1991-01-26		Zaporinovac	EU-016	north-east of Drvenik Veli island		0	0	1		497
R	IOCA	CI-0781		1991-01-26		Pišcena M.	EU-016	north-east of Drvenik Veli island		0	0	1		497
R	IOCA	CI-0782		1991-01-26		Kamicic	EU-016	near Šolta island		0	0	1		497
R	IOCA	CI-0783		1991-01-26		Tocac	EU-016	near Biševo island		0	0	1		497
R	IOCA	CI-0784		1991-01-26		Kamik	EU-016	near Biševo island		0	0	1		497
R	IOCA	CI-0785		1991-01-26		Kamik	EU-016	near Vis island (west; nr Barjak isls)		0	0	1		497
R	IOCA	CI-0786		1991-01-26		Kamik	EU-016	near Vis island (north; nr Okljucna bay)		0	0	1		497
R	IOCA	CI-0787		1991-01-26		Krava	EU-016	near Vis island (harbour of Vis)		0	0	1		497
R	IOCA	CI-0788		1991-01-26		Plocica	EU-016	near Vis island (east; nr Smokova bay)		0	0	1		497
R	IOCA	CI-0789		1991-01-26		Pupak	EU-016	near Vis island (east)		0	0	1		497
R	IOCA	CI-0790		1991-01-26		Zuberka	EU-016	near Vis island (east)		0	0	1		497
R	IOCA	CI-0791		1991-01-26		Plocica		near Vis island (east; nr Zaglav bay)		0	0	1		497
R	IOCA	CI-0792		1991-01-26		M. Paržan	EU-016	near Vis island (east)		0	0	1		497
R	IOCA	CI-0793		1991-01-26		Budikovac M.	EU-016	near Vis island (east)		0	0	1		497
R	IOCA	CI-0794		1991-01-26		Rudnica	EU-016	near Vis island (east)		0	0	1		497
R	IOCA	CI-0795		1991-01-26		Biskup	EU-016	close to Hvar island (south)		0	0	1		497
R	IOCA	CI-0796		1991-01-26		Plocice (2 rocks)	EU-016	Pakleni group		0	0	1		497
R	IOCA	CI-0797		1991-01-26		Žuc		near Podgora (mainland)		0	0	1		497
R	IOCA	CI-0798		1991-01-26		Naplovci (2 rocks)	EU-016	close to Korcula island (norh)		0	0	1		497
R	IOCA	CI-0799		1991-01-26		Gorcik	EU-016	near Korcula island (west)		0	0	1		497
R	IOCA	CI-0800		1991-01-26		Izvanjski	EU-016	near Proizd island		0	0	1		497
R	IOCA	CI-0801		1991-01-26		Prvi	EU-016	near Proizd island		0	0	1		497
R	IOCA	CI-0802		1991-01-26		Gubeša	EU-016	near Vela Luka		0	0	1		497
R	IOCA	CI-0803		1991-01-26		Cancir	EU-016	close to Korcula island (west)		0	0	1		497
R	IOCA	CI-0804		1991-01-26		Pržnjak Mali	EU-016	near Korcula island (west)		0	0	1		497
R	IOCA	CI-0805		1991-01-26		Gredica	EU-016	near Korcula island (west)		0	0	1		497
R	IOCA	CI-0806		1991-01-26		Rutvenjak M.	EU-016	near Mrcara island		0	0	1		497
R	IOCA	CI-0807		1991-01-26		Rutvenjak V.	EU-016	near Mrcara island		0	0	1		497
R	IOCA	CI-0808		1991-01-26		Blaca	EU-016	close to Korcula island (north)		0	0	1		497
R	IOCA	CI-0809		1991-01-26		Baba		close to Pelješac peninsula (south-west)		0	0	1		497
R	IOCA	CI-0810		1991-01-26		Mulic	EU-016	close to Korcula island (northeast)		0	0	1		497
R	IOCA	CI-0811		1991-01-26		Divna		close to Pelješac peninsula (north)		0	0	1		497
R	IOCA	CI-0812		1991-01-26		Crna Seka D.	EU-016	close to Mljet island		0	0	1		497
R	IOCA	CI-0813		1991-01-26		Šij	EU-016	close to Mljet island		0	0	1		497
R	IOCA	CI-0814		1991-01-26		Štit	EU-016	close to Mljet island		0	0	1		497
R	IOCA	CI-0815		1991-01-26		Mrkjenta	EU-016	Vrhovnjaci group (west of Smokvica island)		0	0	1		497
R	IOCA	CI-0816		1991-01-26		Vlašnik Gornji	EU-016	Vrhovnjaci group		0	0	1		497
R	IOCA	CI-0817		1991-01-26		Mrkjenta	EU-016	Vrhovnjaci group (west of Glavat island)		0	0	1		497
R	IOCA	CI-0818		1991-01-26		Sestrice M.	EU-016	Vrhovnjaci group		0	0	1		497
R	IOCA	CI-0819		1991-01-26		Bratac	EU-016	Vrhovnjaci group		0	0	1		497
R	IOCA	CI-0820		1991-01-26		Uska	EU-016	close to Lastovo (Skrivena luka; cove)		0	0	1		497
R	IOCA	CI-0821		1991-01-26		Za Barje	EU-016	close to Lastovo (east)		0	0	1		497
R	IOCA	CI-0822		1991-01-26		Mrkjenta Bijela	EU-016	Lastovnjaci group		0	0	1		497
R	IOCA	CI-0823		1991-01-26		Mrkjenta Crna	EU-016	Lastovnjaci group		0	0	1		497
R	IOCA	CI-0824		1991-01-26		Tajan M.	EU-016	Lastovnjaci group (near Tajan Velji island)		0	0	1		497
R	IOCA	CI-0825		1991-01-26		V. Školj		Mali Ston chanell		0	0	1		497
R	IOCA	CI-0826		1991-01-26		M. Školj		Mali Ston chanell		0	0	1		497
R	IOCA	CI-0827		1991-01-26		Dingacki Školj		close to Pelješac peninsula		0	0	1		497
R	IOCA	CI-0828		1991-01-26		Seperka	EU-016	close to Mljet island (north)		0	0	1		497
R	IOCA	CI-0829		1991-01-26		Kula	EU-016	close to Mljet island (north)		0	0	1		497
R	IOCA	CI-0830		1991-01-26		Crna seka	EU-016	close to Mljet island (west)		0	0	1		497
R	IOCA	CI-0831		1991-01-26		Vanji Školj	EU-016	close to Mljet island (south-west)		0	0	1		497
R	IOCA	CI-0832		1991-01-26		Maharac	EU-016	close to Mljet island (south)		0	0	1		497
R	IOCA	CI-0833		1991-01-26		Galeb	EU-016	close to Olipa island		0	0	1		497
R	IOCA	CI-0834		1991-01-26		Crna Seka	EU-016	close to Jakljan island		0	0	1		497
R	IOCA	CI-0835		1991-01-26		Bogutovac		close to Ston chanell		0	0	1		497
R	IOCA	CI-0836		1991-01-26		Golec	EU-016	close to Jakljan island		0	0	1		497
R	IOCA	CI-0837		1991-01-26		Ruda	EU-016	rock near Ruda island		0	0	1		497
R	IOCA	CI-0838		1991-01-26		Sutmiho	EU-016	near Lopud island		0	0	1		497
R	IOCA	CI-0839		1991-01-26		V. Skupio	EU-016	near Lopud island		0	0	1		497
R	IOCA	CI-0840		1991-01-26		Mrkijente	EU-016	near Mljet island (east)		0	0	1		497
R	IOCA	CI-0841		1991-01-26		M. Školj	EU-016	near Mljet island (east)		0	0	1		497
R	IOCA	CI-0842		1991-01-26		Šuperka		near Mljet island (east)		0	0	1		497
R	IOCA	CI-0843		1991-01-26		Hr. Rasohe	not valid	not valid		0	0	1		497
R	IOCA	CI-0844		1991-01-26		Hr. Galijola		nr. Prvic		0	0	1		497
R	IOCA	CI-0845		1991-01-26		M. Školj		nr. Crvar		0	0	1		497
R	IOCA	CI-0846		1991-01-26		Hr. Sarafel				0	0	1		497
R	IOCA	CI-0847		1991-01-26		Hr. Žontujic				0	0	1		497
R	IOCA	CI-0848		1991-01-26		Butaceja				0	0	1		497
R	IOCA	CI-0849		1991-01-26		Hr. Orada				0	0	1		497
R	IOCA	CI-0850		1991-01-26		Bili Školj				0	0	1		497
R	IOCA	CI-0851		1991-01-26		Figarolica		nr. Funtana		0	0	1		497
R	IOCA	CI-0852		1991-01-26		Otoci Salamun				0	0	1		497
R	IOCA	CI-0853		1991-01-26		Mrlucica				0	0	1		497
R	IOCA	CI-0854		1991-01-26		Cavata				0	0	1		497
R	IOCA	CI-0855		1991-01-26		Galopun				0	0	1		497
R	IOCA	CI-0856		1991-01-26		Koversada				0	0	1		497
R	IOCA	CI-0857		1991-01-26		Samer				0	0	1		497
R	IOCA	CI-0858		1991-01-26		Maškin				0	0	1		497
R	IOCA	CI-0859		1991-01-26		O. Katarina				0	0	1		497
R	IOCA	CI-0860		1991-01-26		Andrija				0	0	1		497
R	IOCA	CI-0861		1991-01-26		Sika		nr. Cape Marlera; not valid		0	0	1		497
R	IOCA	CI-0862		1991-01-26		Hrid		nr. Kavran; not valid		0	0	1		497
R	IOCA	CI-0863		1991-01-26		Hr. Podolci		not valid		0	0	1		497
R	IOCA	CI-0864		1991-01-26		Hr. Crni				0	0	1		497
R	IOCA	CI-0865		1991-01-26		M. Školjic		nr. Krk-Soline bay		0	0	1		497
R	IOCA	CI-0866		1991-01-26		Školjici		nr. Rab-cape Stojan		0	0	1		497
R	IOCA	CI-0867		1991-01-26		Sridnjak		nr. Rab		0	0	1		497
R	IOCA	CI-0868		1991-01-26		Šailovac				0	0	1		497
R	IOCA	CI-0869		1991-01-26		Hr. Capljinac				0	0	1		497
R	IOCA	CI-0870		1991-01-26		Hr. Loncina				0	0	1		497
R	IOCA	CI-0871		1991-01-26		Hr. Zababa				0	0	1		497
R	IOCA	CI-0872		1991-01-26		Hrid		nr. Rab-Vidilaka		0	0	1		497
R	IOCA	CI-0873		1991-01-26		Sv. Juraj		nr. Rab		0	0	1		497
R	IOCA	CI-0874		1991-01-26		Hr. Krklant				0	0	1		497
R	IOCA	CI-0875		1991-01-26		Galebovi Otoci				0	0	1		497
R	IOCA	CI-0876		1991-01-26		Hr. Macinj				0	0	1		497
R	IOCA	CI-0877		1991-01-26		Školjici		nr. Prvic		0	0	1		497
R	IOCA	CI-0878		1991-01-26		Hrid		nr. Cres - Zela cove		0	0	1		497
R	IOCA	CI-0879		1991-01-26		Školjici		nr. Rab - cape Saramic		0	0	1		497
R	IOCA	CI-0880		1991-01-26		Hridi		nr. Krk-cape Škuljica		0	0	1		497
R	IOCA	CI-0881		1991-01-26		Hrid		nr. Oruda		0	0	1		497
R	IOCA	CI-0882		1991-01-26		Hr. Vanula				0	0	1		497
R	IOCA	CI-0883		1991-01-26		Školjic		nr. Silba		0	0	1		497
R	IOCA	CI-0884		1991-01-26		Okljucic				0	0	1		497
R	IOCA	CI-0885		1991-01-26		Hr. Skrivalica				0	0	1		497
R	IOCA	CI-0886		1991-01-26		Školjic		nr. Ugljan		0	0	1		497
R	IOCA	CI-0887		1991-01-26		Hr. Vratolom				0	0	1		497
R	IOCA	CI-0888		1991-01-26		Pohliba		nr. Ugljan		0	0	1		497
R	IOCA	CI-0889		1991-01-26		M. Lagan		nr. Dugi otok		0	0	1		497
R	IOCA	CI-0890		1991-01-26		Hr. Katinica				0	0	1		497
R	IOCA	CI-0891		1991-01-26		Galijola		Telašcica bay		0	0	1		497
R	IOCA	CI-0892		1991-01-26		Hr. Gozdenjak				0	0	1		497
R	IOCA	CI-0893		1991-01-26		Farfarikulac				0	0	1		497
R	IOCA	CI-0894		1991-01-26		Zornik				0	0	1		497
R	IOCA	CI-0895		1991-01-26		Smokvenjak				0	0	1		497
R	IOCA	CI-0896		1991-01-26		Hr. Prišnjak		nr. Kornat		0	0	1		497
R	IOCA	CI-0897		1991-01-26		Hr. Škanj V.				0	0	1		497
R	IOCA	CI-0898		1991-01-26		Hr. Škanj M.				0	0	1		497
R	IOCA	CI-0899		1991-01-26		Hr. Gizela				0	0	1		497
R	IOCA	CI-0900		1991-01-26		Hr. Kalafatin Gr.				0	0	1		497
R	IOCA	CI-0901		1991-01-26		Golic		nr. Kornat		0	0	1		497
R	IOCA	CI-0902		1991-01-26		Strižnjak				0	0	1		497
R	IOCA	CI-0903		1991-01-26		Hr. Dinaric M.		nr.Žut		0	0	1		497
R	IOCA	CI-0904		1991-01-26		Desetinjak Južni				0	0	1		497
R	IOCA	CI-0905		1991-01-26		Desetinjak G.				0	0	1		497
R	IOCA	CI-0906		1991-01-26		Desetinjak D.				0	0	1		497
R	IOCA	CI-0907		1991-01-26		Lancinic				0	0	1		497
R	IOCA	CI-0908		1991-01-26		Kamicic		nr. Vrgada		0	0	1		497
R	IOCA	CI-0909		1991-01-26		Gubavac M.		nr. Arta Vela		0	0	1		497
R	IOCA	CI-0910		1991-01-26		Hr. Splicak				0	0	1		497
R	IOCA	CI-0911		1991-01-26		M. Školj		Novigradsko more		0	0	1		497
R	IOCA	CI-0912		1991-01-26		Hr. Gajina		Novigradsko More		0	0	1		497
R	IOCA	CI-0913		1991-01-26		Školjic		Novigradsko More		0	0	1		497
R	IOCA	CI-0914		1991-01-26		Školjic		nr. Murter-Jezera		0	0	1		497
R	IOCA	CI-0915		1991-01-26		Mimonjak				0	0	1		497
R	IOCA	CI-0916		1991-01-26		Škrovadica				0	0	1		497
R	IOCA	CI-0917		1991-01-26		Hr. Rocni				0	0	1		497
R	IOCA	CI-0918		1991-01-26		Hr. Kraplun				0	0	1		497
R	IOCA	CI-0919		1991-01-26		Hr. Kalebinjak				0	0	1		497
R	IOCA	CI-0920		1991-01-26		Planka				0	0	1		497
R	IOCA	CI-0921		1991-01-26		Školjic		nr. Rogoznica		0	0	1		497
R	IOCA	CI-0922		1991-01-26		Hrid		nr. Rogoznica		0	0	1		497
R	IOCA	CI-0923		1991-01-26		Školjic		nr. Arkandel		0	0	1		497
R	IOCA	CI-0924		1991-01-26		Vela Sika				0	0	1		497
R	IOCA	CI-0925		1991-01-26		Tražet				0	0	1		497
R	IOCA	CI-0926		1991-01-26		Hrid		nr. Balkun-Ciovo		0	0	1		497
R	IOCA	CI-0927		1991-01-26		Hrid		nr. Šolta-Tatinja cove		0	0	1		497
R	IOCA	CI-0928		1991-01-26		Hrid		nr. Šolta-Tatinja cove		0	0	1		497
R	IOCA	CI-0929		1991-01-26		Hr. Naplovac		nr. Šolta		0	0	1		497
R	IOCA	CI-0930		1991-01-26		Školjic		Kaštela bay		0	0	1		497
R	IOCA	CI-0931		1991-01-26		Barbarinac		Kaštela bay		0	0	1		497
R	IOCA	CI-0932		1991-01-26		Hr. Šilo		Kaštela bay		0	0	1		497
R	IOCA	CI-0933		1991-01-26		Hr. Pernikoza				0	0	1		497
R	IOCA	CI-0934		1991-01-26		M. Gatula		nr. Biševo		0	0	1		497
R	IOCA	CI-0935		1991-01-26		Hr. Zlatni Kamik		nr. Svetac		0	0	1		497
R	IOCA	CI-0936		1991-01-26		Hr. Kamik		nr. Svetac		0	0	1		497
R	IOCA	CI-0937		1991-01-26		Hr. M. Volic				0	0	1		497
R	IOCA	CI-0938		1991-01-26		Hr. Sanak				0	0	1		497
R	IOCA	CI-0939		1991-01-26		Hr. Gambur				0	0	1		497
R	IOCA	CI-0940		1991-01-26		Hr. Gubavac		nr. Ploce		0	0	1		497
R	IOCA	CI-0941		1991-01-26		Hr. Gubeša		nr. Korcula-Karbuni bay		0	0	1		497
R	IOCA	CI-0942		1991-01-26		Hr. Dubrovnjak				0	0	1		497
R	IOCA	CI-0943		1991-01-26		Hr. Bad				0	0	1		497
R	IOCA	CI-0944		1991-01-26		Hr. Knežic				0	0	1		497
R	IOCA	CI-0945		1991-01-26		Hr. Baretica				0	0	1		497
R	IOCA	CI-0946		1991-01-26		M. Sestrica		nr. Korcula		0	0	1		497
R	IOCA	CI-0947		1991-01-26		Hr. Majsanic				0	0	1		497
R	IOCA	CI-0948		1991-01-26		Hr. Uš				0	0	1		497
R	IOCA	CI-0949		1991-01-26		Pupak		nr. Palagruža		0	0	1		497
R	IOCA	CI-0950		1991-01-26		Hr. Volici		nr. Palagruža		0	0	1		497
R	IOCA	CI-0951		1991-01-26		Hr. Gace		nr. Palagruža		0	0	1		497
R	IOCA	CI-0952		1991-01-26		Hr. Baba		nr. Palagruža		0	0	1		497
R	IOCA	CI-0953		1991-01-26		Makarac				0	0	1		497
R	IOCA	CI-0954		1991-01-26		M. Maslinjak				0	0	1		497
R	IOCA	CI-0955		1991-01-26		M. Hljeb				0	0	1		497
R	IOCA	CI-0956		1991-01-26		V. Hljeb				0	0	1		497
R	IOCA	CI-0957		1991-01-26		O. Tovari				0	0	1		497
R	IOCA	CI-0958		1991-01-26		Mali Lukovac				0	0	1		497
R	IOCA	CI-0959		1991-01-26		V. Lukovac		nr. Lastovo		0	0	1		497
R	IOCA	CI-0960		1991-01-26		Kamik od Tramontane		nr. Palagruža		0	0	1		497
R	IOCA	CI-0961		1991-01-26		Galicija				0	0	1		497
R	IOCA	CI-0962		1991-01-26		Sv. Marija				0	0	1		497
R	IOCA	CI-0963		1991-01-26		Hr. Ploca		nr. Mljet		0	0	1		497
R	IOCA	CI-0964		1991-01-26		Borovac		nr. Mljet-Glavat		0	0	1		497
R	IOCA	CI-0965		1991-01-26		Utrnji Školj				0	0	1		497
R	IOCA	CI-0966		1991-01-26		Hr. Maslinovac		nr. Mljet-Pomena		0	0	1		497
R	IOCA	CI-0967		1991-01-26		Školjic		nr. Moracnik - Mljet		0	0	1		497
R	IOCA	CI-0968		1991-01-26		Hr. Križice		nr. Mljet		0	0	1		497
R	IOCA	CI-0969		1991-01-26		Golic		nr. Mljet		0	0	1		497
R	IOCA	CI-0970		1991-01-26		Bisaci		nr. Mali Ston		0	0	1		497
R	IOCA	CI-0971		1991-01-26		V. Školj		nr. Mali Ston		0	0	1		497
R	IOCA	CI-0972		1991-01-26		Škrpun		Mali Ston		0	0	1		497
R	IOCA	CI-0973		1991-01-26		Crkvica				0	0	1		497
R	IOCA	CI-0974		1991-01-26		Hr. Stupica				0	0	1		497
R	IOCA	CI-0975		1991-01-26		Školjic		nr. Mali Ston		0	0	1		497
R	IOCA	CI-0976		1991-01-26		O. Života				0	0	1		497
R	IOCA	CI-0977		1991-01-26		Banja				0	0	1		497
R	IOCA	CI-0978		1991-01-26		Gospin Školj				0	0	1		497
R	IOCA	CI-0979		1991-01-26		Mirište				0	0	1		497
R	IOCA	CI-0980		1991-01-26		Kosmac		nr. Pelješac		0	0	1		497
R	IOCA	CI-0981		1991-01-26		Hr. Barabanat				0	0	1		497
R	IOCA	CI-0982		1991-01-26		Hr. Krastavi		nr. Šipan		0	0	1		497
R	IOCA	CI-0983		1991-01-26		Hr. M. Školj		nr. Šipan		0	0	1		497
R	IOCA	CI-0984		1991-01-26		Hr. Plosni		nr. Šipan		0	0	1		497
R	IOCA	CI-0985		1991-01-26		Lucin Kmn				0	0	1		497
R	IOCA	CI-0986		1991-01-26		Hr. Školjic		nr. Lopud		0	0	1		497
R	IOCA	CI-0987		1991-01-26		Hr. Kuk				0	0	1		497
R	IOCA	CI-0988		1991-01-26		Hr. M. Skupio				0	0	1		497
R	IOCA	CI-0989		1991-01-26		Hr. Jabuka		nr. Kolocep		0	0	1		497
R	IOCA	CI-0990		1991-01-26		Vješala		nr. Dubrovnik		0	0	1		497
R	IOCA	CI-0991		1991-01-26		Kantenari		nr. Dubrovnik		0	0	1		497
R	IOCA	CI-0992		1991-01-26		Hridi		nr. Dubrovnik-Petka		0	0	1		497
R	IOCA	CI-0993		1991-01-26		H. Jabuka		nr. Dubrovnik		0	0	1		497
R	IOCA	CI-0994		1991-01-26		Hr. Trava				0	0	1		497
R	IOCA	CI-0995		1991-01-26		Hr. Hljeb		nr. Cavtat		0	0	1		497
R	IOCA	CI-0996		1991-01-26		Ražnjic				0	0	1		497
R	IOCA	CI-0997		1991-01-26		Hr. Sustjepan				0	0	1		497
R	IOCA	CI-0998		1991-01-26		Supetric		nr. Molunat		0	0	1		497
R	IOCA	CI-0999		1991-01-26		Hr. Opancar				0	0	1		497
R	IOCA	CI-1000		1991-01-26		Hr. Oplovac				0	0	1		497
R	IOCA	CI-1001		1991-01-26		Zaglavic		nr. Iž		0	0	1		497
R	IOCA	CI-1002		1991-01-26		Hr. Maskatur		nr. Košljun		0	0	1		497
R	IOCA	CI-1003		1991-01-26		Uljanik		nr. Pula		0	0	1		497
R	IOCA	CI-1004		1991-01-26		Kamik od Oštra		Palagruža group		0	0	1		497
R	IOCA	CI-1005		1991-01-26		Hr. Lopata		nr. Klek		0	0	1		497
R	IOCA	CI-1006		1991-01-26		Hrid		nr. Komorica		0	0	1		497
