# Referencias del diploma JCC. Generado; no se edita a mano.
R	JCC	0101		1900-01-01		Sapporo				0	0	1		339
R	JCC	0102		1900-01-01		Asahikawa				0	0	1		339
R	JCC	0103		1900-01-01		Otaru				0	0	1		339
R	JCC	0104		1900-01-01		Hakodate				0	0	1		339
R	JCC	0105		1900-01-01		Muroran				0	0	1		339
R	JCC	0106		1900-01-01		Kushiro				0	0	1		339
R	JCC	0107		1900-01-01		Obihiro				0	0	1		339
R	JCC	0108		1900-01-01		Kitami				0	0	1		339
R	JCC	0109		1900-01-01		Yubari				0	0	1		339
R	JCC	0110		1900-01-01		Iwamizawa				0	0	1		339
R	JCC	0111		1900-01-01		Abashiri				0	0	1		339
R	JCC	0112		1900-01-01		Rumoi				0	0	1		339
R	JCC	0113		1900-01-01		Tomakomai				0	0	1		339
R	JCC	0114		1900-01-01		Wakkanai				0	0	1		339
R	JCC	0115		1900-01-01		Bibai				0	0	1		339
R	JCC	0116		1900-01-01		Ashibetsu				0	0	1		339
R	JCC	0117		1900-01-01		Ebetsu				0	0	1		339
R	JCC	0118		1900-01-01		Akabira				0	0	1		339
R	JCC	0119		1900-01-01		Mombetsu				0	0	1		339
R	JCC	0120		1900-01-01		Shibetsu				0	0	1		339
R	JCC	0121		1900-01-01		Nayoro				0	0	1		339
R	JCC	0122		1900-01-01		Mikasa				0	0	1		339
R	JCC	0123		1900-01-01		Nemuro				0	0	1		339
R	JCC	0124		1900-01-01		Chitose				0	0	1		339
R	JCC	0125		1900-01-01		Takikawa				0	0	1		339
R	JCC	0126		1900-01-01		Sunagawa				0	0	1		339
R	JCC	0127		1900-01-01		Utashinai				0	0	1		339
R	JCC	0128		1900-01-01		Fukagawa				0	0	1		339
R	JCC	0129		1900-01-01		Furano				0	0	1		339
R	JCC	0130		1900-01-01		Noboribetsu				0	0	1		339
R	JCC	0131		1900-01-01		Eniwa				0	0	1		339
R	JCC	0133		1900-01-01		Date				0	0	1		339
R	JCC	0134		1900-01-01		Kitahiroshima				0	0	1		339
R	JCC	0135		1900-01-01		Ishikari				0	0	1		339
R	JCC	0136		1900-01-01		Hokuto				0	0	1		339
R	JCC	0201		1900-01-01		Aomori				0	0	1		339
R	JCC	0202		1900-01-01		Hirosaki				0	0	1		339
R	JCC	0203		1900-01-01		Hachinohe				0	0	1		339
R	JCC	0204		1900-01-01		Kuroishi				0	0	1		339
R	JCC	0205		1900-01-01		Goshogawara				0	0	1		339
R	JCC	0206		1900-01-01		Towada				0	0	1		339
R	JCC	0207		1900-01-01		Misawa				0	0	1		339
R	JCC	0208		1900-01-01		Mutsu				0	0	1		339
R	JCC	0209		1900-01-01		Tsugaru				0	0	1		339
R	JCC	0210		1900-01-01		Hirakawa				0	0	1		339
R	JCC	0301		1900-01-01		Morioka				0	0	1		339
R	JCC	0302		1900-01-01		Kamaishi				0	0	1		339
R	JCC	0303		1900-01-01		Miyako				0	0	1		339
R	JCC	0304		1900-01-01		Ichinoseki				0	0	1		339
R	JCC	0305		1900-01-01		Ofunato				0	0	1		339
R	JCC	0307		1900-01-01		Hanamaki				0	0	1		339
R	JCC	0308		1900-01-01		Kitakami				0	0	1		339
R	JCC	0309		1900-01-01		Kuji				0	0	1		339
R	JCC	0310		1900-01-01		Tono				0	0	1		339
R	JCC	0311		1900-01-01		Rikuzentakata				0	0	1		339
R	JCC	0313		1900-01-01		Ninohe				0	0	1		339
R	JCC	0314		1900-01-01		Hachimantai				0	0	1		339
R	JCC	0315		1900-01-01		Oshu				0	0	1		339
R	JCC	0316		1900-01-01		Takizawa				0	0	1		339
R	JCC	0401		1900-01-01		Akita				0	0	1		339
R	JCC	0402		1900-01-01		Noshiro				0	0	1		339
R	JCC	0403		1900-01-01		Odate				0	0	1		339
R	JCC	0404		1900-01-01		Yokote				0	0	1		339
R	JCC	0406		1900-01-01		Oga				0	0	1		339
R	JCC	0407		1900-01-01		Yuzawa				0	0	1		339
R	JCC	0409		1900-01-01		Kazuno				0	0	1		339
R	JCC	0410		1900-01-01		Yurihonjo				0	0	1		339
R	JCC	0411		1900-01-01		Katagami				0	0	1		339
R	JCC	0412		1900-01-01		Daisen				0	0	1		339
R	JCC	0413		1900-01-01		Kitaakita				0	0	1		339
R	JCC	0414		1900-01-01		Nikaho				0	0	1		339
R	JCC	0415		1900-01-01		Senboku				0	0	1		339
R	JCC	0501		1900-01-01		Yamagata				0	0	1		339
R	JCC	0502		1900-01-01		Yonezawa				0	0	1		339
R	JCC	0503		1900-01-01		Tsuruoka				0	0	1		339
R	JCC	0504		1900-01-01		Sakata				0	0	1		339
R	JCC	0505		1900-01-01		Shinjo				0	0	1		339
R	JCC	0506		1900-01-01		Sagae				0	0	1		339
R	JCC	0507		1900-01-01		Kaminoyama				0	0	1		339
R	JCC	0508		1900-01-01		Murayama				0	0	1		339
R	JCC	0509		1900-01-01		Nagai				0	0	1		339
R	JCC	0510		1900-01-01		Tendo				0	0	1		339
R	JCC	0511		1900-01-01		Higashine				0	0	1		339
R	JCC	0512		1900-01-01		Obanazawa				0	0	1		339
R	JCC	0513		1900-01-01		Nan'yo				0	0	1		339
R	JCC	0601		1900-01-01		Sendai				0	0	1		339
R	JCC	0602		1900-01-01		Ishinomaki				0	0	1		339
R	JCC	0603		1900-01-01		Shiogama				0	0	1		339
R	JCC	0605		1900-01-01		Kesennuma				0	0	1		339
R	JCC	0606		1900-01-01		Shiroishi				0	0	1		339
R	JCC	0607		1900-01-01		Natori				0	0	1		339
R	JCC	0608		1900-01-01		Kakuda				0	0	1		339
R	JCC	0609		1900-01-01		Tagajo				0	0	1		339
R	JCC	0611		1900-01-01		Iwanuma				0	0	1		339
R	JCC	0612		1900-01-01		Tome				0	0	1		339
R	JCC	0613		1900-01-01		Kuruhara				0	0	1		339
R	JCC	0614		1900-01-01		Higashimatsushima				0	0	1		339
R	JCC	0615		1900-01-01		Osaki				0	0	1		339
R	JCC	0616		1900-01-01		Tomiya				0	0	1		339
R	JCC	0701		1900-01-01		Fukushima				0	0	1		339
R	JCC	0702		1900-01-01		Aizuwakamatsu				0	0	1		339
R	JCC	0703		1900-01-01		Koriyama				0	0	1		339
R	JCC	0705		1900-01-01		Shirakawa				0	0	1		339
R	JCC	0707		1900-01-01		Sukagawa				0	0	1		339
R	JCC	0708		1900-01-01		Kitakata				0	0	1		339
R	JCC	0711		1900-01-01		Soma				0	0	1		339
R	JCC	0714		1900-01-01		Nihonmatsu				0	0	1		339
R	JCC	0715		1900-01-01		Iwaki				0	0	1		339
R	JCC	0717		1900-01-01		Tamura				0	0	1		339
R	JCC	0718		1900-01-01		Minamisoma				0	0	1		339
R	JCC	0719		1900-01-01		Date				0	0	1		339
R	JCC	0720		1900-01-01		Motomiya				0	0	1		339
R	JCC	0801		1900-01-01		Niigata				0	0	1		339
R	JCC	0802		1900-01-01		Nagaoka				0	0	1		339
R	JCC	0804		1900-01-01		Sanjo				0	0	1		339
R	JCC	0805		1900-01-01		Kashiwazaki				0	0	1		339
R	JCC	0806		1900-01-01		Shibata				0	0	1		339
R	JCC	0808		1900-01-01		Ojiya				0	0	1		339
R	JCC	0809		1900-01-01		Kamo				0	0	1		339
R	JCC	0810		1900-01-01		Tokamachi				0	0	1		339
R	JCC	0811		1900-01-01		Mitsuke				0	0	1		339
R	JCC	0812		1900-01-01		Murakami				0	0	1		339
R	JCC	0813		1900-01-01		Tsubame				0	0	1		339
R	JCC	0816		1900-01-01		Itoigawa				0	0	1		339
R	JCC	0818		1900-01-01		Gosen				0	0	1		339
R	JCC	0822		1900-01-01		Joetsu				0	0	1		339
R	JCC	0823		1900-01-01		Agano				0	0	1		339
R	JCC	0824		1900-01-01		Sado				0	0	1		339
R	JCC	0825		1900-01-01		Uonuma				0	0	1		339
R	JCC	0826		1900-01-01		Minamiuonuma				0	0	1		339
R	JCC	0827		1900-01-01		Myoko				0	0	1		339
R	JCC	0828		1900-01-01		Tainai				0	0	1		339
R	JCC	0901		1900-01-01		Nagano				0	0	1		339
R	JCC	0902		1900-01-01		Matsumoto				0	0	1		339
R	JCC	0903		1900-01-01		Ueda				0	0	1		339
R	JCC	0904		1900-01-01		Okaya				0	0	1		339
R	JCC	0905		1900-01-01		Iida				0	0	1		339
R	JCC	0906		1900-01-01		Suwa				0	0	1		339
R	JCC	0907		1900-01-01		Suzaka				0	0	1		339
R	JCC	0908		1900-01-01		Komoro				0	0	1		339
R	JCC	0909		1900-01-01		Ina				0	0	1		339
R	JCC	0910		1900-01-01		Komagane				0	0	1		339
R	JCC	0911		1900-01-01		Nakano				0	0	1		339
R	JCC	0912		1900-01-01		Omachi				0	0	1		339
R	JCC	0913		1900-01-01		Iiyama				0	0	1		339
R	JCC	0914		1900-01-01		Chino				0	0	1		339
R	JCC	0915		1900-01-01		Shiojiri				0	0	1		339
R	JCC	0918		1900-01-01		Saku				0	0	1		339
R	JCC	0919		1900-01-01		Chikuma				0	0	1		339
R	JCC	0920		1900-01-01		Tomi				0	0	1		339
R	JCC	0921		1900-01-01		Azumino				0	0	1		339
R	JCC	100101		1900-01-01		Chiyoda				0	0	1		339
R	JCC	100102		1900-01-01		Chuo				0	0	1		339
R	JCC	100103		1900-01-01		Minato				0	0	1		339
R	JCC	100104		1900-01-01		Shinjuku				0	0	1		339
R	JCC	100105		1900-01-01		Bunkyo				0	0	1		339
R	JCC	100106		1900-01-01		Taito				0	0	1		339
R	JCC	100107		1900-01-01		Sumida				0	0	1		339
R	JCC	100108		1900-01-01		Koto				0	0	1		339
R	JCC	100109		1900-01-01		Shinagawa				0	0	1		339
R	JCC	100110		1900-01-01		Meguro				0	0	1		339
R	JCC	100111		1900-01-01		Ota				0	0	1		339
R	JCC	100112		1900-01-01		Setagaya				0	0	1		339
R	JCC	100113		1900-01-01		Shibuya				0	0	1		339
R	JCC	100114		1900-01-01		Nakano				0	0	1		339
R	JCC	100115		1900-01-01		Suginami				0	0	1		339
R	JCC	100116		1900-01-01		Toshima				0	0	1		339
R	JCC	100117		1900-01-01		Kita				0	0	1		339
R	JCC	100118		1900-01-01		Arakawa				0	0	1		339
R	JCC	100119		1900-01-01		Itabashi				0	0	1		339
R	JCC	100120		1900-01-01		Nerima				0	0	1		339
R	JCC	100121		1900-01-01		Adachi				0	0	1		339
R	JCC	100122		1900-01-01		Katsushika				0	0	1		339
R	JCC	100123		1900-01-01		Edogawa				0	0	1		339
R	JCC	1002		1900-01-01		Hachioji				0	0	1		339
R	JCC	1003		1900-01-01		Tachikawa				0	0	1		339
R	JCC	1004		1900-01-01		Musashino				0	0	1		339
R	JCC	1005		1900-01-01		Mitaka				0	0	1		339
R	JCC	1006		1900-01-01		Ome				0	0	1		339
R	JCC	1007		1900-01-01		Fuchu				0	0	1		339
R	JCC	1008		1900-01-01		Akishima				0	0	1		339
R	JCC	1009		1900-01-01		Chofu				0	0	1		339
R	JCC	1010		1900-01-01		Machida				0	0	1		339
R	JCC	1011		1900-01-01		Koganei				0	0	1		339
R	JCC	1012		1900-01-01		Kodaira				0	0	1		339
R	JCC	1013		1900-01-01		Hino				0	0	1		339
R	JCC	1014		1900-01-01		Higashimurayama				0	0	1		339
R	JCC	1015		1900-01-01		Kokubunji				0	0	1		339
R	JCC	1016		1900-01-01		Kunitachi				0	0	1		339
R	JCC	1019		1900-01-01		Fussa				0	0	1		339
R	JCC	1020		1900-01-01		Komae				0	0	1		339
R	JCC	1021		1900-01-01		Higashiyamato				0	0	1		339
R	JCC	1022		1900-01-01		Kiyose				0	0	1		339
R	JCC	1023		1900-01-01		Higashikurume				0	0	1		339
R	JCC	1024		1900-01-01		Musashimurayama				0	0	1		339
R	JCC	1025		1900-01-01		Tama				0	0	1		339
R	JCC	1026		1900-01-01		Inagi				0	0	1		339
R	JCC	1028		1900-01-01		Hamura				0	0	1		339
R	JCC	1029		1900-01-01		Akiruno				0	0	1		339
R	JCC	1030		1900-01-01		Nishitokyo				0	0	1		339
R	JCC	1101		1900-01-01		Yokohama				0	0	1		339
R	JCC	1102		1900-01-01		Yokosuka				0	0	1		339
R	JCC	1103		1900-01-01		Kawasaki				0	0	1		339
R	JCC	1104		1900-01-01		Hiratsuka				0	0	1		339
R	JCC	1105		1900-01-01		Kamakura				0	0	1		339
R	JCC	1106		1900-01-01		Fujisawa				0	0	1		339
R	JCC	1107		1900-01-01		Odawara				0	0	1		339
R	JCC	1108		1900-01-01		Chigasaki				0	0	1		339
R	JCC	1109		1900-01-01		Zushi				0	0	1		339
R	JCC	1110		1900-01-01		Sagamihara				0	0	1		339
R	JCC	1111		1900-01-01		Miura				0	0	1		339
R	JCC	1112		1900-01-01		Hadano				0	0	1		339
R	JCC	1113		1900-01-01		Atsugi				0	0	1		339
R	JCC	1114		1900-01-01		Yamato				0	0	1		339
R	JCC	1115		1900-01-01		Isehara				0	0	1		339
R	JCC	1116		1900-01-01		Ebina				0	0	1		339
R	JCC	1117		1900-01-01		Zama				0	0	1		339
R	JCC	1118		1900-01-01		Minamiashigara				0	0	1		339
R	JCC	1119		1900-01-01		Ayase				0	0	1		339
R	JCC	1201		1900-01-01		Chiba				0	0	1		339
R	JCC	1202		1900-01-01		Choshi				0	0	1		339
R	JCC	1203		1900-01-01		Ichikawa				0	0	1		339
R	JCC	1204		1900-01-01		Funabashi				0	0	1		339
R	JCC	1205		1900-01-01		Tateyama				0	0	1		339
R	JCC	1206		1900-01-01		Kisarazu				0	0	1		339
R	JCC	1207		1900-01-01		Matsudo				0	0	1		339
R	JCC	1208		1900-01-01		Noda				0	0	1		339
R	JCC	1210		1900-01-01		Mobara				0	0	1		339
R	JCC	1211		1900-01-01		Narita				0	0	1		339
R	JCC	1212		1900-01-01		Sakura				0	0	1		339
R	JCC	1213		1900-01-01		Togane				0	0	1		339
R	JCC	1215		1900-01-01		Asahi				0	0	1		339
R	JCC	1216		1900-01-01		Narashino				0	0	1		339
R	JCC	1217		1900-01-01		Kashiwa				0	0	1		339
R	JCC	1218		1900-01-01		Katsuura				0	0	1		339
R	JCC	1219		1900-01-01		Ichihara				0	0	1		339
R	JCC	1220		1900-01-01		Nagareyama				0	0	1		339
R	JCC	1221		1900-01-01		Yachiyo				0	0	1		339
R	JCC	1222		1900-01-01		Abiko				0	0	1		339
R	JCC	1223		1900-01-01		Kamogawa				0	0	1		339
R	JCC	1224		1900-01-01		Kimitsu				0	0	1		339
R	JCC	1225		1900-01-01		Kamagaya				0	0	1		339
R	JCC	1226		1900-01-01		Futtu				0	0	1		339
R	JCC	1227		1900-01-01		Urayasu				0	0	1		339
R	JCC	1228		1900-01-01		Yotsukaido				0	0	1		339
R	JCC	1229		1900-01-01		Sodegaura				0	0	1		339
R	JCC	1230		1900-01-01		Yachimata				0	0	1		339
R	JCC	1231		1900-01-01		Inzai				0	0	1		339
R	JCC	1232		1900-01-01		Shiroi				0	0	1		339
R	JCC	1233		1900-01-01		Tomisato				0	0	1		339
R	JCC	1234		1900-01-01		Minamiboso				0	0	1		339
R	JCC	1235		1900-01-01		Sosa				0	0	1		339
R	JCC	1236		1900-01-01		Katori				0	0	1		339
R	JCC	1237		1900-01-01		Sanmu				0	0	1		339
R	JCC	1238		1900-01-01		Isumi				0	0	1		339
R	JCC	1239		1900-01-01		Oamishirasato				0	0	1		339
R	JCC	1302		1900-01-01		Kawagoe				0	0	1		339
R	JCC	1303		1900-01-01		Kumagaya				0	0	1		339
R	JCC	1304		1900-01-01		Kawaguchi				0	0	1		339
R	JCC	1306		1900-01-01		Gyoda				0	0	1		339
R	JCC	1307		1900-01-01		Chichibu				0	0	1		339
R	JCC	1308		1900-01-01		Tokorozawa				0	0	1		339
R	JCC	1309		1900-01-01		Hanno				0	0	1		339
R	JCC	1310		1900-01-01		Kazo				0	0	1		339
R	JCC	1311		1900-01-01		Honjo				0	0	1		339
R	JCC	1312		1900-01-01		Higashimatsuyama				0	0	1		339
R	JCC	1314		1900-01-01		Kasukabe				0	0	1		339
R	JCC	1315		1900-01-01		Sayama				0	0	1		339
R	JCC	1316		1900-01-01		Hanyu				0	0	1		339
R	JCC	1317		1900-01-01		Konosu				0	0	1		339
R	JCC	1318		1900-01-01		Fukaya				0	0	1		339
R	JCC	1319		1900-01-01		Ageo				0	0	1		339
R	JCC	1321		1900-01-01		Soka				0	0	1		339
R	JCC	1322		1900-01-01		Koshigaya				0	0	1		339
R	JCC	1323		1900-01-01		Warabi				0	0	1		339
R	JCC	1324		1900-01-01		Toda				0	0	1		339
R	JCC	1325		1900-01-01		Iruma				0	0	1		339
R	JCC	1327		1900-01-01		Asaka				0	0	1		339
R	JCC	1328		1900-01-01		Shiki				0	0	1		339
R	JCC	1329		1900-01-01		Wako				0	0	1		339
R	JCC	1330		1900-01-01		Niiza				0	0	1		339
R	JCC	1331		1900-01-01		Okegawa				0	0	1		339
R	JCC	1332		1900-01-01		Kuki				0	0	1		339
R	JCC	1333		1900-01-01		Kitamoto				0	0	1		339
R	JCC	1334		1900-01-01		Yashio				0	0	1		339
R	JCC	1336		1900-01-01		Fujimi				0	0	1		339
R	JCC	1337		1900-01-01		Misato				0	0	1		339
R	JCC	1338		1900-01-01		Hasuda				0	0	1		339
R	JCC	1339		1900-01-01		Sakado				0	0	1		339
R	JCC	1340		1900-01-01		Satte				0	0	1		339
R	JCC	1341		1900-01-01		Tsurugashima				0	0	1		339
R	JCC	1342		1900-01-01		Hidaka				0	0	1		339
R	JCC	1343		1900-01-01		Yoshikawa				0	0	1		339
R	JCC	1344		1900-01-01		Saitama				0	0	1		339
R	JCC	1345		1900-01-01		Fujimino				0	0	1		339
R	JCC	1346		1900-01-01		Shiraoka				0	0	1		339
R	JCC	1401		1900-01-01		Mito				0	0	1		339
R	JCC	1402		1900-01-01		Hitachi				0	0	1		339
R	JCC	1403		1900-01-01		Tsuchiura				0	0	1		339
R	JCC	1404		1900-01-01		Koga				0	0	1		339
R	JCC	1405		1900-01-01		Ishioka				0	0	1		339
R	JCC	1407		1900-01-01		Yuki				0	0	1		339
R	JCC	1408		1900-01-01		Ryugasaki				0	0	1		339
R	JCC	1410		1900-01-01		Shimotsuma				0	0	1		339
R	JCC	1412		1900-01-01		Hitachiota				0	0	1		339
R	JCC	1414		1900-01-01		Takahagi				0	0	1		339
R	JCC	1415		1900-01-01		Kitaibaraki				0	0	1		339
R	JCC	1416		1900-01-01		Kasama				0	0	1		339
R	JCC	1417		1900-01-01		Toride				0	0	1		339
R	JCC	1419		1900-01-01		Ushiku				0	0	1		339
R	JCC	1420		1900-01-01		Tsukuba				0	0	1		339
R	JCC	1421		1900-01-01		Hitachinaka				0	0	1		339
R	JCC	1422		1900-01-01		Kashima				0	0	1		339
R	JCC	1423		1900-01-01		Itako				0	0	1		339
R	JCC	1424		1900-01-01		Moriya				0	0	1		339
R	JCC	1425		1900-01-01		Hitachiomiya				0	0	1		339
R	JCC	1426		1900-01-01		Naka				0	0	1		339
R	JCC	1427		1900-01-01		Chikusei				0	0	1		339
R	JCC	1428		1900-01-01		Bandou				0	0	1		339
R	JCC	1429		1900-01-01		Inashiki				0	0	1		339
R	JCC	1430		1900-01-01		Kasumigaura				0	0	1		339
R	JCC	1431		1900-01-01		Sakuragawa				0	0	1		339
R	JCC	1432		1900-01-01		Kamisu				0	0	1		339
R	JCC	1433		1900-01-01		Namegata				0	0	1		339
R	JCC	1434		1900-01-01		Hokota				0	0	1		339
R	JCC	1435		1900-01-01		Joso				0	0	1		339
R	JCC	1436		1900-01-01		Tsukubamirai				0	0	1		339
R	JCC	1437		1900-01-01		Omitama				0	0	1		339
R	JCC	1501		1900-01-01		Utsunomiya				0	0	1		339
R	JCC	1502		1900-01-01		Ashikaga				0	0	1		339
R	JCC	1503		1900-01-01		Tochigi				0	0	1		339
R	JCC	1504		1900-01-01		Sano				0	0	1		339
R	JCC	1505		1900-01-01		Kanuma				0	0	1		339
R	JCC	1506		1900-01-01		Nikko				0	0	1		339
R	JCC	1508		1900-01-01		Oyama				0	0	1		339
R	JCC	1509		1900-01-01		Mooka				0	0	1		339
R	JCC	1510		1900-01-01		Otawara				0	0	1		339
R	JCC	1511		1900-01-01		Yaita				0	0	1		339
R	JCC	1513		1900-01-01		Nasushiobara				0	0	1		339
R	JCC	1514		1900-01-01		Sakura				0	0	1		339
R	JCC	1515		1900-01-01		Nasukarasuyama				0	0	1		339
R	JCC	1516		1900-01-01		Shimotsuke				0	0	1		339
R	JCC	1601		1900-01-01		Maebashi				0	0	1		339
R	JCC	1602		1900-01-01		Takasaki				0	0	1		339
R	JCC	1603		1900-01-01		Kiryu				0	0	1		339
R	JCC	1604		1900-01-01		Isesaki				0	0	1		339
R	JCC	1605		1900-01-01		Ota				0	0	1		339
R	JCC	1606		1900-01-01		Numata				0	0	1		339
R	JCC	1607		1900-01-01		Tatebayashi				0	0	1		339
R	JCC	1608		1900-01-01		Shibukawa				0	0	1		339
R	JCC	1609		1900-01-01		Fujioka				0	0	1		339
R	JCC	1610		1900-01-01		Tomioka				0	0	1		339
R	JCC	1611		1900-01-01		Annaka				0	0	1		339
R	JCC	1612		1900-01-01		Midori				0	0	1		339
R	JCC	1701		1900-01-01		Kofu				0	0	1		339
R	JCC	1702		1900-01-01		Fujiyoshida				0	0	1		339
R	JCC	1704		1900-01-01		Tsuru				0	0	1		339
R	JCC	1705		1900-01-01		Yamanashi				0	0	1		339
R	JCC	1706		1900-01-01		Otsuki				0	0	1		339
R	JCC	1707		1900-01-01		Nirasaki				0	0	1		339
R	JCC	1708		1900-01-01		Minami-Alps				0	0	1		339
R	JCC	1709		1900-01-01		Hokuto				0	0	1		339
R	JCC	1710		1900-01-01		Kai				0	0	1		339
R	JCC	1711		1900-01-01		Fuehuki				0	0	1		339
R	JCC	1712		1900-01-01		Uenohara				0	0	1		339
R	JCC	1713		1900-01-01		Koshu				0	0	1		339
R	JCC	1714		1900-01-01		Chuo				0	0	1		339
R	JCC	1801		1900-01-01		Shizuoka				0	0	1		339
R	JCC	1802		1900-01-01		Hamamatsu				0	0	1		339
R	JCC	1803		1900-01-01		Numadu				0	0	1		339
R	JCC	1805		1900-01-01		Atami				0	0	1		339
R	JCC	1806		1900-01-01		Mishima				0	0	1		339
R	JCC	1807		1900-01-01		Fujinomiya				0	0	1		339
R	JCC	1808		1900-01-01		Ito				0	0	1		339
R	JCC	1809		1900-01-01		Shimada				0	0	1		339
R	JCC	1811		1900-01-01		Iwata				0	0	1		339
R	JCC	1812		1900-01-01		Yaidu				0	0	1		339
R	JCC	1813		1900-01-01		Fuji				0	0	1		339
R	JCC	1814		1900-01-01		Kakegawa				0	0	1		339
R	JCC	1815		1900-01-01		Fujieda				0	0	1		339
R	JCC	1816		1900-01-01		Gotemba				0	0	1		339
R	JCC	1817		1900-01-01		Fukuroi				0	0	1		339
R	JCC	1820		1900-01-01		Shimoda				0	0	1		339
R	JCC	1821		1900-01-01		Susono				0	0	1		339
R	JCC	1822		1900-01-01		Kosai				0	0	1		339
R	JCC	1823		1900-01-01		Izu				0	0	1		339
R	JCC	1824		1900-01-01		Omaezaki				0	0	1		339
R	JCC	1825		1900-01-01		Kikugawa				0	0	1		339
R	JCC	1826		1900-01-01		Izunokuni				0	0	1		339
R	JCC	1827		1900-01-01		Makinohara				0	0	1		339
R	JCC	1901		1900-01-01		Gifu				0	0	1		339
R	JCC	1902		1900-01-01		Ogaki				0	0	1		339
R	JCC	1903		1900-01-01		Takayama				0	0	1		339
R	JCC	1904		1900-01-01		Tajimi				0	0	1		339
R	JCC	1905		1900-01-01		Seki				0	0	1		339
R	JCC	1906		1900-01-01		Nakatsugawa				0	0	1		339
R	JCC	1907		1900-01-01		Mino				0	0	1		339
R	JCC	1908		1900-01-01		Mizunami				0	0	1		339
R	JCC	1909		1900-01-01		Hashima				0	0	1		339
R	JCC	1910		1900-01-01		Ena				0	0	1		339
R	JCC	1911		1900-01-01		Minokamo				0	0	1		339
R	JCC	1912		1900-01-01		Toki				0	0	1		339
R	JCC	1913		1900-01-01		Kakamigahara				0	0	1		339
R	JCC	1914		1900-01-01		Kani				0	0	1		339
R	JCC	1915		1900-01-01		Yamagata				0	0	1		339
R	JCC	1916		1900-01-01		Mizuho				0	0	1		339
R	JCC	1917		1900-01-01		Hida				0	0	1		339
R	JCC	1918		1900-01-01		Motosu				0	0	1		339
R	JCC	1919		1900-01-01		Gujo				0	0	1		339
R	JCC	1920		1900-01-01		Gero				0	0	1		339
R	JCC	1921		1900-01-01		Kaizu				0	0	1		339
R	JCC	2001		1900-01-01		Nagoya				0	0	1		339
R	JCC	2002		1900-01-01		Toyohashi				0	0	1		339
R	JCC	2003		1900-01-01		Okazaki				0	0	1		339
R	JCC	2004		1900-01-01		Ichinomiya				0	0	1		339
R	JCC	2005		1900-01-01		Seto				0	0	1		339
R	JCC	2006		1900-01-01		Handa				0	0	1		339
R	JCC	2007		1900-01-01		Kasugai				0	0	1		339
R	JCC	2008		1900-01-01		Toyokawa				0	0	1		339
R	JCC	2009		1900-01-01		Tsushima				0	0	1		339
R	JCC	2010		1900-01-01		Hekinan				0	0	1		339
R	JCC	2011		1900-01-01		Kariya				0	0	1		339
R	JCC	2012		1900-01-01		Toyota				0	0	1		339
R	JCC	2013		1900-01-01		Anjo				0	0	1		339
R	JCC	2014		1900-01-01		Nishio				0	0	1		339
R	JCC	2015		1900-01-01		Gamagori				0	0	1		339
R	JCC	2016		1900-01-01		Inuyama				0	0	1		339
R	JCC	2017		1900-01-01		Tokoname				0	0	1		339
R	JCC	2019		1900-01-01		Konan				0	0	1		339
R	JCC	2021		1900-01-01		Komaki				0	0	1		339
R	JCC	2022		1900-01-01		Inazawa				0	0	1		339
R	JCC	2023		1900-01-01		Shinshiro				0	0	1		339
R	JCC	2024		1900-01-01		Tokai				0	0	1		339
R	JCC	2025		1900-01-01		Obu				0	0	1		339
R	JCC	2026		1900-01-01		Chita				0	0	1		339
R	JCC	2027		1900-01-01		Takahama				0	0	1		339
R	JCC	2028		1900-01-01		Chiryu				0	0	1		339
R	JCC	2029		1900-01-01		Owariasahi				0	0	1		339
R	JCC	2030		1900-01-01		Iwakura				0	0	1		339
R	JCC	2031		1900-01-01		Toyoake				0	0	1		339
R	JCC	2032		1900-01-01		Nissin				0	0	1		339
R	JCC	2033		1900-01-01		Tahara				0	0	1		339
R	JCC	2034		1900-01-01		Aisai				0	0	1		339
R	JCC	2035		1900-01-01		Kiyosu				0	0	1		339
R	JCC	2036		1900-01-01		Kitanagoya				0	0	1		339
R	JCC	2037		1900-01-01		Yatomi				0	0	1		339
R	JCC	2038		1900-01-01		Miyoshi				0	0	1		339
R	JCC	2039		1900-01-01		Ama				0	0	1		339
R	JCC	2040		1900-01-01		Nagakute				0	0	1		339
R	JCC	2101		1900-01-01		Tsu				0	0	1		339
R	JCC	2102		1900-01-01		Yokkaichi				0	0	1		339
R	JCC	2103		1900-01-01		Ise				0	0	1		339
R	JCC	2104		1900-01-01		Matsusaka				0	0	1		339
R	JCC	2105		1900-01-01		Kuwana				0	0	1		339
R	JCC	2107		1900-01-01		Suzuka				0	0	1		339
R	JCC	2108		1900-01-01		Nabari				0	0	1		339
R	JCC	2109		1900-01-01		Owase				0	0	1		339
R	JCC	2110		1900-01-01		Kameyama				0	0	1		339
R	JCC	2111		1900-01-01		Toba				0	0	1		339
R	JCC	2112		1900-01-01		Kumano				0	0	1		339
R	JCC	2115		1900-01-01		Inabe				0	0	1		339
R	JCC	2116		1900-01-01		Shima				0	0	1		339
R	JCC	2117		1900-01-01		Iga				0	0	1		339
R	JCC	2201		1900-01-01		Kyoto				0	0	1		339
R	JCC	2202		1900-01-01		Fukuchiyama				0	0	1		339
R	JCC	2203		1900-01-01		Maiduru				0	0	1		339
R	JCC	2204		1900-01-01		Ayabe				0	0	1		339
R	JCC	2205		1900-01-01		Uji				0	0	1		339
R	JCC	2206		1900-01-01		Miyazu				0	0	1		339
R	JCC	2207		1900-01-01		Kameoka				0	0	1		339
R	JCC	2208		1900-01-01		Joyo				0	0	1		339
R	JCC	2209		1900-01-01		Nagaokakyo				0	0	1		339
R	JCC	2210		1900-01-01		Muko				0	0	1		339
R	JCC	2211		1900-01-01		Yawata				0	0	1		339
R	JCC	2212		1900-01-01		Kyotanabe				0	0	1		339
R	JCC	2213		1900-01-01		Kyotango				0	0	1		339
R	JCC	2214		1900-01-01		Nantan				0	0	1		339
R	JCC	2215		1900-01-01		Kizugawa				0	0	1		339
R	JCC	2301		1900-01-01		Otsu				0	0	1		339
R	JCC	2302		1900-01-01		Hikone				0	0	1		339
R	JCC	2303		1900-01-01		Nagahama				0	0	1		339
R	JCC	2304		1900-01-01		Omihachiman				0	0	1		339
R	JCC	2306		1900-01-01		Kusatsu				0	0	1		339
R	JCC	2307		1900-01-01		Moriyama				0	0	1		339
R	JCC	2308		1900-01-01		Ritto				0	0	1		339
R	JCC	2309		1900-01-01		Koka				0	0	1		339
R	JCC	2310		1900-01-01		Yasu				0	0	1		339
R	JCC	2311		1900-01-01		Konan				0	0	1		339
R	JCC	2312		1900-01-01		Takashima				0	0	1		339
R	JCC	2313		1900-01-01		Higashioumi				0	0	1		339
R	JCC	2314		1900-01-01		Maibara				0	0	1		339
R	JCC	2401		1900-01-01		Nara				0	0	1		339
R	JCC	2402		1900-01-01		Yamatotakada				0	0	1		339
R	JCC	2403		1900-01-01		Yamatokoriyama				0	0	1		339
R	JCC	2404		1900-01-01		Tenri				0	0	1		339
R	JCC	2405		1900-01-01		Kashihara				0	0	1		339
R	JCC	2406		1900-01-01		Sakurai				0	0	1		339
R	JCC	2407		1900-01-01		Gojo				0	0	1		339
R	JCC	2408		1900-01-01		Gose				0	0	1		339
R	JCC	2409		1900-01-01		Ikoma				0	0	1		339
R	JCC	2410		1900-01-01		Kashiba				0	0	1		339
R	JCC	2411		1900-01-01		Katsuragi				0	0	1		339
R	JCC	2412		1900-01-01		Uda				0	0	1		339
R	JCC	2501		1900-01-01		Osaka				0	0	1		339
R	JCC	2502		1900-01-01		Sakai				0	0	1		339
R	JCC	2503		1900-01-01		Kishiwada				0	0	1		339
R	JCC	2504		1900-01-01		Toyonaka				0	0	1		339
R	JCC	2506		1900-01-01		Ikeda				0	0	1		339
R	JCC	2507		1900-01-01		Suita				0	0	1		339
R	JCC	2508		1900-01-01		Izumiotsu				0	0	1		339
R	JCC	2509		1900-01-01		Takatsuki				0	0	1		339
R	JCC	2510		1900-01-01		Kaiduka				0	0	1		339
R	JCC	2511		1900-01-01		Moriguchi				0	0	1		339
R	JCC	2512		1900-01-01		Hirakata				0	0	1		339
R	JCC	2513		1900-01-01		Ibaraki				0	0	1		339
R	JCC	2514		1900-01-01		Yao				0	0	1		339
R	JCC	2515		1900-01-01		Izumisano				0	0	1		339
R	JCC	2516		1900-01-01		Tondabayashi				0	0	1		339
R	JCC	2517		1900-01-01		Neyagawa				0	0	1		339
R	JCC	2518		1900-01-01		Kawachinagano				0	0	1		339
R	JCC	2521		1900-01-01		Matsubara				0	0	1		339
R	JCC	2522		1900-01-01		Daito				0	0	1		339
R	JCC	2523		1900-01-01		Izumi				0	0	1		339
R	JCC	2524		1900-01-01		Mino				0	0	1		339
R	JCC	2525		1900-01-01		Kashiwara				0	0	1		339
R	JCC	2526		1900-01-01		Habikino				0	0	1		339
R	JCC	2527		1900-01-01		Kadoma				0	0	1		339
R	JCC	2528		1900-01-01		Settsu				0	0	1		339
R	JCC	2529		1900-01-01		Fujiidera				0	0	1		339
R	JCC	2530		1900-01-01		Takaishi				0	0	1		339
R	JCC	2531		1900-01-01		Higashiosaka				0	0	1		339
R	JCC	2532		1900-01-01		Sennan				0	0	1		339
R	JCC	2533		1900-01-01		Shijonawate				0	0	1		339
R	JCC	2534		1900-01-01		Katano				0	0	1		339
R	JCC	2535		1900-01-01		Osakasayama				0	0	1		339
R	JCC	2536		1900-01-01		Hannan				0	0	1		339
R	JCC	2601		1900-01-01		Wakayama				0	0	1		339
R	JCC	2602		1900-01-01		Shingu				0	0	1		339
R	JCC	2603		1900-01-01		Kainan				0	0	1		339
R	JCC	2604		1900-01-01		Tanabe				0	0	1		339
R	JCC	2605		1900-01-01		Gobo				0	0	1		339
R	JCC	2606		1900-01-01		Hashimoto				0	0	1		339
R	JCC	2607		1900-01-01		Arida				0	0	1		339
R	JCC	2608		1900-01-01		Kinokawa				0	0	1		339
R	JCC	2609		1900-01-01		Iwade				0	0	1		339
R	JCC	2701		1900-01-01		Kobe				0	0	1		339
R	JCC	2702		1900-01-01		Himeji				0	0	1		339
R	JCC	2703		1900-01-01		Amagasaki				0	0	1		339
R	JCC	2704		1900-01-01		Akashi				0	0	1		339
R	JCC	2705		1900-01-01		Nishinomiya				0	0	1		339
R	JCC	2706		1900-01-01		Sumoto				0	0	1		339
R	JCC	2707		1900-01-01		Ashiya				0	0	1		339
R	JCC	2708		1900-01-01		Itami				0	0	1		339
R	JCC	2709		1900-01-01		Aioi				0	0	1		339
R	JCC	2710		1900-01-01		Toyooka				0	0	1		339
R	JCC	2711		1900-01-01		Kakogawa				0	0	1		339
R	JCC	2713		1900-01-01		Ako				0	0	1		339
R	JCC	2714		1900-01-01		Nishiwaki				0	0	1		339
R	JCC	2715		1900-01-01		Takaraduka				0	0	1		339
R	JCC	2716		1900-01-01		Miki				0	0	1		339
R	JCC	2717		1900-01-01		Takasago				0	0	1		339
R	JCC	2718		1900-01-01		Kawanishi				0	0	1		339
R	JCC	2719		1900-01-01		Ono				0	0	1		339
R	JCC	2720		1900-01-01		Sanda				0	0	1		339
R	JCC	2721		1900-01-01		Kasai				0	0	1		339
R	JCC	2723		1900-01-01		Yabu				0	0	1		339
R	JCC	2724		1900-01-01		Tanba				0	0	1		339
R	JCC	2725		1900-01-01		Minamiawaji				0	0	1		339
R	JCC	2726		1900-01-01		Asago				0	0	1		339
R	JCC	2727		1900-01-01		Awaji				0	0	1		339
R	JCC	2728		1900-01-01		Shiso				0	0	1		339
R	JCC	2729		1900-01-01		Kato				0	0	1		339
R	JCC	2730		1900-01-01		Tatsuno				0	0	1		339
R	JCC	2731		1900-01-01		Tanbasasayama				0	0	1		339
R	JCC	2801		1900-01-01		Toyama				0	0	1		339
R	JCC	2802		1900-01-01		Takaoka				0	0	1		339
R	JCC	2804		1900-01-01		Uodu				0	0	1		339
R	JCC	2805		1900-01-01		Himi				0	0	1		339
R	JCC	2806		1900-01-01		Namerikawa				0	0	1		339
R	JCC	2807		1900-01-01		Kurobe				0	0	1		339
R	JCC	2808		1900-01-01		Tonami				0	0	1		339
R	JCC	2809		1900-01-01		Oyabe				0	0	1		339
R	JCC	2810		1900-01-01		Nanto				0	0	1		339
R	JCC	2811		1900-01-01		Imizu				0	0	1		339
R	JCC	2901		1900-01-01		Fukui				0	0	1		339
R	JCC	2902		1900-01-01		Tsuruga				0	0	1		339
R	JCC	2904		1900-01-01		Obama				0	0	1		339
R	JCC	2905		1900-01-01		Ono				0	0	1		339
R	JCC	2906		1900-01-01		Katsuyama				0	0	1		339
R	JCC	2907		1900-01-01		Sabae				0	0	1		339
R	JCC	2908		1900-01-01		Awara				0	0	1		339
R	JCC	2909		1900-01-01		Echizen				0	0	1		339
R	JCC	2910		1900-01-01		Sakai				0	0	1		339
R	JCC	3001		1900-01-01		Kanazawa				0	0	1		339
R	JCC	3002		1900-01-01		Nanao				0	0	1		339
R	JCC	3003		1900-01-01		Komatsu				0	0	1		339
R	JCC	3004		1900-01-01		Wajima				0	0	1		339
R	JCC	3005		1900-01-01		Suzu				0	0	1		339
R	JCC	3006		1900-01-01		Kaga				0	0	1		339
R	JCC	3007		1900-01-01		Hakui				0	0	1		339
R	JCC	3009		1900-01-01		Kahoku				0	0	1		339
R	JCC	3010		1900-01-01		Hakusan				0	0	1		339
R	JCC	3011		1900-01-01		Nomi				0	0	1		339
R	JCC	3012		1900-01-01		Nonoichi				0	0	1		339
R	JCC	3101		1900-01-01		Okayama				0	0	1		339
R	JCC	3102		1900-01-01		Kurashiki				0	0	1		339
R	JCC	3103		1900-01-01		Tsuyama				0	0	1		339
R	JCC	3104		1900-01-01		Tamano				0	0	1		339
R	JCC	3107		1900-01-01		Kasaoka				0	0	1		339
R	JCC	3109		1900-01-01		Ibara				0	0	1		339
R	JCC	3110		1900-01-01		Soja				0	0	1		339
R	JCC	3111		1900-01-01		Takahashi				0	0	1		339
R	JCC	3112		1900-01-01		Niimi				0	0	1		339
R	JCC	3113		1900-01-01		Bizen				0	0	1		339
R	JCC	3114		1900-01-01		Setouchi				0	0	1		339
R	JCC	3115		1900-01-01		Akaiwa				0	0	1		339
R	JCC	3116		1900-01-01		Maniwa				0	0	1		339
R	JCC	3117		1900-01-01		Mimasaka				0	0	1		339
R	JCC	3118		1900-01-01		Asakuchi				0	0	1		339
R	JCC	3201		1900-01-01		Matsue				0	0	1		339
R	JCC	3202		1900-01-01		Hamada				0	0	1		339
R	JCC	3203		1900-01-01		Izumo				0	0	1		339
R	JCC	3204		1900-01-01		Masuda				0	0	1		339
R	JCC	3205		1900-01-01		Oda				0	0	1		339
R	JCC	3206		1900-01-01		Yasugi				0	0	1		339
R	JCC	3207		1900-01-01		Gotsu				0	0	1		339
R	JCC	3209		1900-01-01		Unnan				0	0	1		339
R	JCC	3301		1900-01-01		Yamaguchi				0	0	1		339
R	JCC	3302		1900-01-01		Shimonoseki				0	0	1		339
R	JCC	3303		1900-01-01		Ube				0	0	1		339
R	JCC	3304		1900-01-01		Hagi				0	0	1		339
R	JCC	3306		1900-01-01		Hofu				0	0	1		339
R	JCC	3307		1900-01-01		Kudamatsu				0	0	1		339
R	JCC	3308		1900-01-01		Iwakuni				0	0	1		339
R	JCC	3310		1900-01-01		Hikari				0	0	1		339
R	JCC	3311		1900-01-01		Nagato				0	0	1		339
R	JCC	3312		1900-01-01		Yanai				0	0	1		339
R	JCC	3313		1900-01-01		Mine				0	0	1		339
R	JCC	3315		1900-01-01		Shunan				0	0	1		339
R	JCC	3316		1900-01-01		San'yoonoda				0	0	1		339
R	JCC	3401		1900-01-01		Tottori				0	0	1		339
R	JCC	3402		1900-01-01		Kurayoshi				0	0	1		339
R	JCC	3403		1900-01-01		Yonago				0	0	1		339
R	JCC	3404		1900-01-01		Sakaiminato				0	0	1		339
R	JCC	3501		1900-01-01		Hiroshima				0	0	1		339
R	JCC	3502		1900-01-01		Kure				0	0	1		339
R	JCC	3503		1900-01-01		Takehara				0	0	1		339
R	JCC	3504		1900-01-01		Mihara				0	0	1		339
R	JCC	3505		1900-01-01		Onomichi				0	0	1		339
R	JCC	3508		1900-01-01		Fukuyama				0	0	1		339
R	JCC	3509		1900-01-01		Fuchu				0	0	1		339
R	JCC	3510		1900-01-01		Miyoshi				0	0	1		339
R	JCC	3511		1900-01-01		Syoubara				0	0	1		339
R	JCC	3512		1900-01-01		Otake				0	0	1		339
R	JCC	3513		1900-01-01		Higashihiroshima				0	0	1		339
R	JCC	3514		1900-01-01		Hatsukaichi				0	0	1		339
R	JCC	3515		1900-01-01		Akitakata				0	0	1		339
R	JCC	3516		1900-01-01		Etajima				0	0	1		339
R	JCC	3601		1900-01-01		Takamatsu				0	0	1		339
R	JCC	3602		1900-01-01		Marugame				0	0	1		339
R	JCC	3603		1900-01-01		Sakaide				0	0	1		339
R	JCC	3604		1900-01-01		Zentsuji				0	0	1		339
R	JCC	3605		1900-01-01		Kan'onji				0	0	1		339
R	JCC	3606		1900-01-01		Sanuki				0	0	1		339
R	JCC	3607		1900-01-01		Higashikagawa				0	0	1		339
R	JCC	3608		1900-01-01		Mitoyo				0	0	1		339
R	JCC	3701		1900-01-01		Tokushima				0	0	1		339
R	JCC	3702		1900-01-01		Naruto				0	0	1		339
R	JCC	3703		1900-01-01		Komatsushima				0	0	1		339
R	JCC	3704		1900-01-01		Anan				0	0	1		339
R	JCC	3705		1900-01-01		Yoshinogawa				0	0	1		339
R	JCC	3706		1900-01-01		Awa				0	0	1		339
R	JCC	3707		1900-01-01		Mima				0	0	1		339
R	JCC	3708		1900-01-01		Miyoshi				0	0	1		339
R	JCC	3801		1900-01-01		Matsuyama				0	0	1		339
R	JCC	3802		1900-01-01		Imabari				0	0	1		339
R	JCC	3803		1900-01-01		Uwajima				0	0	1		339
R	JCC	3804		1900-01-01		Yawatahama				0	0	1		339
R	JCC	3805		1900-01-01		Niihama				0	0	1		339
R	JCC	3806		1900-01-01		Saijo				0	0	1		339
R	JCC	3807		1900-01-01		Ozu				0	0	1		339
R	JCC	3810		1900-01-01		Iyo				0	0	1		339
R	JCC	3813		1900-01-01		Shikokuchuo				0	0	1		339
R	JCC	3814		1900-01-01		Seiyo				0	0	1		339
R	JCC	3815		1900-01-01		Toon				0	0	1		339
R	JCC	3901		1900-01-01		Kochi				0	0	1		339
R	JCC	3902		1900-01-01		Muroto				0	0	1		339
R	JCC	3903		1900-01-01		Aki				0	0	1		339
R	JCC	3904		1900-01-01		Tosa				0	0	1		339
R	JCC	3905		1900-01-01		Susaki				0	0	1		339
R	JCC	3907		1900-01-01		Sukumo				0	0	1		339
R	JCC	3908		1900-01-01		Tosashimizu				0	0	1		339
R	JCC	3909		1900-01-01		Nankoku				0	0	1		339
R	JCC	3910		1900-01-01		Shimanto				0	0	1		339
R	JCC	3911		1900-01-01		Konan				0	0	1		339
R	JCC	3912		1900-01-01		Kami				0	0	1		339
R	JCC	4001		1900-01-01		Fukuoka				0	0	1		339
R	JCC	4007		1900-01-01		Kurume				0	0	1		339
R	JCC	4008		1900-01-01		Omuta				0	0	1		339
R	JCC	4009		1900-01-01		Noogata				0	0	1		339
R	JCC	4010		1900-01-01		Iizuka				0	0	1		339
R	JCC	4011		1900-01-01		Tagawa				0	0	1		339
R	JCC	4012		1900-01-01		Yanagawa				0	0	1		339
R	JCC	4015		1900-01-01		Yame				0	0	1		339
R	JCC	4016		1900-01-01		Chikugo				0	0	1		339
R	JCC	4017		1900-01-01		Okawa				0	0	1		339
R	JCC	4018		1900-01-01		Yukuhashi				0	0	1		339
R	JCC	4019		1900-01-01		Buzen				0	0	1		339
R	JCC	4020		1900-01-01		Nakama				0	0	1		339
R	JCC	4021		1900-01-01		Kitakyushu				0	0	1		339
R	JCC	4022		1900-01-01		Ogoori				0	0	1		339
R	JCC	4023		1900-01-01		Kasuga				0	0	1		339
R	JCC	4024		1900-01-01		Chikushino				0	0	1		339
R	JCC	4025		1900-01-01		Onojo				0	0	1		339
R	JCC	4026		1900-01-01		Munakata				0	0	1		339
R	JCC	4027		1900-01-01		Dazaifu				0	0	1		339
R	JCC	4029		1900-01-01		Koga				0	0	1		339
R	JCC	4030		1900-01-01		Fukutsu				0	0	1		339
R	JCC	4031		1900-01-01		Ukiha				0	0	1		339
R	JCC	4032		1900-01-01		Miyawaka				0	0	1		339
R	JCC	4033		1900-01-01		Kama				0	0	1		339
R	JCC	4034		1900-01-01		Asakura				0	0	1		339
R	JCC	4035		1900-01-01		Miyama				0	0	1		339
R	JCC	4036		1900-01-01		Itoshima				0	0	1		339
R	JCC	4037		1900-01-01		Nakagawa				0	0	1		339
R	JCC	4101		1900-01-01		Saga				0	0	1		339
R	JCC	4102		1900-01-01		Karatsu				0	0	1		339
R	JCC	4103		1900-01-01		Tosu				0	0	1		339
R	JCC	4104		1900-01-01		Taku				0	0	1		339
R	JCC	4105		1900-01-01		Imari				0	0	1		339
R	JCC	4106		1900-01-01		Takeo				0	0	1		339
R	JCC	4107		1900-01-01		Kashima				0	0	1		339
R	JCC	4108		1900-01-01		Ogi				0	0	1		339
R	JCC	4109		1900-01-01		Ureshino				0	0	1		339
R	JCC	4110		1900-01-01		Kanzaki				0	0	1		339
R	JCC	4201		1900-01-01		Nagasaki				0	0	1		339
R	JCC	4202		1900-01-01		Sasebo				0	0	1		339
R	JCC	4203		1900-01-01		Shimabara				0	0	1		339
R	JCC	4204		1900-01-01		Isahaya				0	0	1		339
R	JCC	4205		1900-01-01		Omura				0	0	1		339
R	JCC	4207		1900-01-01		Hirado				0	0	1		339
R	JCC	4208		1900-01-01		Matsuura				0	0	1		339
R	JCC	4209		1900-01-01		Tsushima				0	0	1		339
R	JCC	4210		1900-01-01		Iki				0	0	1		339
R	JCC	4211		1900-01-01		Goto				0	0	1		339
R	JCC	4212		1900-01-01		Saikai				0	0	1		339
R	JCC	4213		1900-01-01		Unzen				0	0	1		339
R	JCC	4214		1900-01-01		Minamishimabara				0	0	1		339
R	JCC	4301		1900-01-01		Kumamoto				0	0	1		339
R	JCC	4302		1900-01-01		Yatsushiro				0	0	1		339
R	JCC	4303		1900-01-01		Hitoyoshi				0	0	1		339
R	JCC	4304		1900-01-01		Arao				0	0	1		339
R	JCC	4305		1900-01-01		Minamata				0	0	1		339
R	JCC	4306		1900-01-01		Tamana				0	0	1		339
R	JCC	4308		1900-01-01		Yamaga				0	0	1		339
R	JCC	4310		1900-01-01		Kikuchi				0	0	1		339
R	JCC	4311		1900-01-01		Uto				0	0	1		339
R	JCC	4312		1900-01-01		Kamiamakusa				0	0	1		339
R	JCC	4313		1900-01-01		Uki				0	0	1		339
R	JCC	4314		1900-01-01		Aso				0	0	1		339
R	JCC	4315		1900-01-01		Amakusa				0	0	1		339
R	JCC	4316		1900-01-01		Koshi				0	0	1		339
R	JCC	4401		1900-01-01		Oita				0	0	1		339
R	JCC	4402		1900-01-01		Beppu				0	0	1		339
R	JCC	4403		1900-01-01		Nakatsu				0	0	1		339
R	JCC	4404		1900-01-01		Hita				0	0	1		339
R	JCC	4405		1900-01-01		Saiki				0	0	1		339
R	JCC	4406		1900-01-01		Usuki				0	0	1		339
R	JCC	4407		1900-01-01		Tsukumi				0	0	1		339
R	JCC	4408		1900-01-01		Taketa				0	0	1		339
R	JCC	4410		1900-01-01		Bungotakada				0	0	1		339
R	JCC	4411		1900-01-01		Kitsuki				0	0	1		339
R	JCC	4412		1900-01-01		Usa				0	0	1		339
R	JCC	4413		1900-01-01		Bungoono				0	0	1		339
R	JCC	4414		1900-01-01		Yufu				0	0	1		339
R	JCC	4415		1900-01-01		Kunisaki				0	0	1		339
R	JCC	4501		1900-01-01		Miyazaki				0	0	1		339
R	JCC	4502		1900-01-01		Miyakonojo				0	0	1		339
R	JCC	4503		1900-01-01		Nobeoka				0	0	1		339
R	JCC	4504		1900-01-01		Nichinan				0	0	1		339
R	JCC	4505		1900-01-01		Kobayashi				0	0	1		339
R	JCC	4506		1900-01-01		Hyuga				0	0	1		339
R	JCC	4507		1900-01-01		Kushima				0	0	1		339
R	JCC	4508		1900-01-01		Saito				0	0	1		339
R	JCC	4509		1900-01-01		Ebino				0	0	1		339
R	JCC	4601		1900-01-01		Kagoshima				0	0	1		339
R	JCC	4603		1900-01-01		Kanoya				0	0	1		339
R	JCC	4604		1900-01-01		Makurazaki				0	0	1		339
R	JCC	4606		1900-01-01		Akune				0	0	1		339
R	JCC	4607		1900-01-01		Izumi				0	0	1		339
R	JCC	4610		1900-01-01		Ibusuki				0	0	1		339
R	JCC	4614		1900-01-01		Nishinoomote				0	0	1		339
R	JCC	4615		1900-01-01		Tarumizu				0	0	1		339
R	JCC	4616		1900-01-01		Satsumasendai				0	0	1		339
R	JCC	4617		1900-01-01		Hioki				0	0	1		339
R	JCC	4618		1900-01-01		Soo				0	0	1		339
R	JCC	4619		1900-01-01		Kirishima				0	0	1		339
R	JCC	4620		1900-01-01		Ichikikushikino				0	0	1		339
R	JCC	4621		1900-01-01		Minamisatsuma				0	0	1		339
R	JCC	4622		1900-01-01		Shibushi				0	0	1		339
R	JCC	4623		1900-01-01		Amami				0	0	1		339
R	JCC	4624		1900-01-01		Minamikyushu				0	0	1		339
R	JCC	4625		1900-01-01		Isa				0	0	1		339
R	JCC	4626		1900-01-01		Aira				0	0	1		339
R	JCC	4701		1900-01-01		Nah				0	0	1		339
R	JCC	4704		1900-01-01		Ishigaki				0	0	1		339
R	JCC	4706		1900-01-01		Ginowan				0	0	1		339
R	JCC	4708		1900-01-01		Nago				0	0	1		339
R	JCC	4709		1900-01-01		Urasoe				0	0	1		339
R	JCC	4710		1900-01-01		Itoman				0	0	1		339
R	JCC	4711		1900-01-01		Okinawa				0	0	1		339
R	JCC	4712		1900-01-01		Tomigusuku				0	0	1		339
R	JCC	4713		1900-01-01		Uruma				0	0	1		339
R	JCC	4714		1900-01-01		Miyakojima				0	0	1		339
R	JCC	4715		1900-01-01		Nanjo				0	0	1		339
