# Referencias del diploma POLSKA. Generado; no se edita a mano.
R	POLSKA	POLSKA-B		1999-01-01		Lubuskie	SP3			0	0	1		269
R	POLSKA	POLSKA-C		1999-01-01		Lodzkie	SP7			0	0	1		269
R	POLSKA	POLSKA-D		1999-01-01		Dolnoslaskie	SP6			0	0	1		269
R	POLSKA	POLSKA-F		1999-01-01		Pomorskie	SP2			0	0	1		269
R	POLSKA	POLSKA-G		1999-01-01		Slaskie	SP9			0	0	1		269
R	POLSKA	POLSKA-J		1999-01-01		Warminsko-Mazurskie	SP4			0	0	1		269
R	POLSKA	POLSKA-K		1999-01-01		Podkarpackie	SP8			0	0	1		269
R	POLSKA	POLSKA-L		1999-01-01		Lubelskie	SP8			0	0	1		269
R	POLSKA	POLSKA-M		1999-01-01		Malopolskie	SP9			0	0	1		269
R	POLSKA	POLSKA-O		1999-01-01		Podlaskie	SP4			0	0	1		269
R	POLSKA	POLSKA-P		1999-01-01		Kujawsko-Pomorskie	SP2			0	0	1		269
R	POLSKA	POLSKA-R		1999-01-01		Mazowieckie	SP5			0	0	1		269
R	POLSKA	POLSKA-S		1999-01-01		Swietokrzyskie	SP7			0	0	1		269
R	POLSKA	POLSKA-U		1999-01-01		Opolskie	SP6			0	0	1		269
R	POLSKA	POLSKA-W		1999-01-01		Wielkopolskie	SP3			0	0	1		269
R	POLSKA	POLSKA-Z		1999-01-01		Zachodino-Pomorskie	SP1			0	0	1		269
