# Referencias del diploma RUSSIA. Generado; no se edita a mano.
R	RUSSIA	AB		1900-01-01		Aginsky Buryatsky Autonomous Okrug	AS	8V		0	0	1		15
R	RUSSIA	AD		1900-01-01		Republic of Adygeya	EU	6Y		0	0	1		54
R	RUSSIA	AL		1900-01-01		Altaysky Kray	AS	9Y		0	0	1		15
R	RUSSIA	AM		1900-01-01		Amursk	AS	0J		0	0	1		15
R	RUSSIA	AO		1900-01-01		Astrakhan	EU	6U 6V		0	0	1		54
R	RUSSIA	AR		1900-01-01		Arkhangelsk	EU	1O		0	0	1		54
R	RUSSIA	BA		1900-01-01		Bashkortostan	AS	9W		0	0	1		15
R	RUSSIA	BO		1900-01-01		Belgorod	EU	3Z		0	0	1		54
R	RUSSIA	BR		1900-01-01		Bryansk	EU	3Y		0	0	1		54
R	RUSSIA	BU		1900-01-01		Republic of Buryatia	AS	0O 0P		0	0	1		15
R	RUSSIA	CB		1900-01-01		Chelyabinsk	AS	9A 9B		0	0	1		15
R	RUSSIA	CK		1900-01-01		Chukotka Autonomous Okrug	AS	0K		0	0	1		15
R	RUSSIA	CN		1900-01-01		Republic Chechnya	EU	6P		0	0	1		54
R	RUSSIA	CU		1900-01-01		Republic of Chuvashia	EU	4Y 4Z		0	0	1		54
R	RUSSIA	DA		1900-01-01		Republic of Daghestan	EU	6W		0	0	1		54
R	RUSSIA	EA		1900-01-01		Yevreyskaya Autonomous Oblast	AS	0D		0	0	1		15
R	RUSSIA	EW		1900-01-01		Evenkiysky Autonomous Okrug	AS	0H		0	0	1		15
R	RUSSIA	GA		1900-01-01		Gorny Altay	AS	9Z		0	0	1		15
R	RUSSIA	HA		1900-01-01		Republic of Khakassia	AS	0W		0	0	1		15
R	RUSSIA	HK		1900-01-01		Khabarovsk	AS	0C		0	0	1		15
R	RUSSIA	HM		1900-01-01		Khanty-Mansyisky Autonomous Okrug	AS	9J		0	0	1		15
R	RUSSIA	IN		1900-01-01		Republic of Ingushetia	EU	6Q		0	0	1		54
R	RUSSIA	IR		1900-01-01		Irkutsk	AS	0S 0T		0	0	1		15
R	RUSSIA	IV		1900-01-01		Ivanovo	EU	3U		0	0	1		54
R	RUSSIA	KA		1900-01-01		Kaliningrad	EU	2F		0	0	1		126
R	RUSSIA	KB		1900-01-01		Republic of Kabardino-Balkaria	EU	6X		0	0	1		54
R	RUSSIA	KC		1900-01-01		Republic of Karachaevo-Cherkessia	EU	6E		0	0	1		54
R	RUSSIA	KE		1900-01-01		Kemerovo	AS	9U 9V		0	0	1		15
R	RUSSIA	KG		1900-01-01		Kaluga	EU	3X		0	0	1		54
R	RUSSIA	KI		1900-01-01		Kirov	EU	4N 4O		0	0	1		54
R	RUSSIA	KJ		1900-01-01		Koryaksky Autonomous Okrug	AS	0X		0	0	1		15
R	RUSSIA	KK		1900-01-01		Krasnoyarsk	AS	0A		0	0	1		15
R	RUSSIA	KL		1900-01-01		Republic of Karelia	EU	1N		0	0	1		54
R	RUSSIA	KM		1900-01-01		Republic of Kalmykia	EU	6I		0	0	1		54
R	RUSSIA	KN		1900-01-01		Kurgan	AS	9Q 9R		0	0	1		15
R	RUSSIA	KO		1900-01-01		Komi	AS	9X		0	0	1		15
R	RUSSIA	KP		1900-01-01		Komi-Permyatsky Autonomous Okrug	AS	9G		0	0	1		15
R	RUSSIA	KR		1900-01-01		Krasnodar	EU	6A 6B 6C 6D		0	0	1		54
R	RUSSIA	KS		1900-01-01		Kostroma	EU	3N 3O		0	0	1		54
R	RUSSIA	KT		1900-01-01		Kamchatka	AS	0Z		0	0	1		15
R	RUSSIA	KU		1900-01-01		Kursk	EU	3W		0	0	1		54
R	RUSSIA	LO		1900-01-01		Leningrad region	EU	1C		0	0	1		54
R	RUSSIA	LP		1900-01-01		Lipetsk	EU	3G		0	0	1		54
R	RUSSIA	MA		1900-01-01		Moscow	EU	3A 3B 3C 3H		0	0	1		54
R	RUSSIA	MD		1900-01-01		Republic of Mordovia	EU	4U		0	0	1		54
R	RUSSIA	MG		1900-01-01		Magadan	AS	0I		0	0	1		15
R	RUSSIA	MO		1900-01-01		Moscow region	EU	3D 3F		0	0	1		54
R	RUSSIA	MR		1900-01-01		Republic of Marij-El	EU	4S 4T		0	0	1		54
R	RUSSIA	MU		1900-01-01		Murmansk	EU	1Z 1Y		0	0	1		54
R	RUSSIA	NN		1900-01-01		Nizhny Novgorod	EU	3T		0	0	1		54
R	RUSSIA	NO		1900-01-01		Nenetsky Autonomous Okrug	EU	1P		0	0	1		54
R	RUSSIA	NS		1900-01-01		Novosibirsk	AS	9O 9P		0	0	1		15
R	RUSSIA	NV		1900-01-01		Novgorod	EU	1T 1U		0	0	1		54
R	RUSSIA	OB		1900-01-01		Orenburg	AS	9S 9T		0	0	1		15
R	RUSSIA	OM		1900-01-01		Omsk	AS	9M 9N		0	0	1		15
R	RUSSIA	OR		1900-01-01		Orel	EU	3E		0	0	1		54
R	RUSSIA	PE		1900-01-01		Penza	EU	4F		0	0	1		54
R	RUSSIA	PK		1900-01-01		Primorsk	AS	0L 0M 0N		0	0	1		15
R	RUSSIA	PM		1900-01-01		Perm	AS	9F		0	0	1		15
R	RUSSIA	PS		1900-01-01		Pskov	EU	1W 1X		0	0	1		54
R	RUSSIA	RA		1900-01-01		Ryazan	EU	3S		0	0	1		54
R	RUSSIA	RK		2014-03-21		Republic of Crimea	EU	7K		0	0	1		54
R	RUSSIA	RO		1900-01-01		Rostov	EU	6L 6M 6N 6O		0	0	1		54
R	RUSSIA	SA		1900-01-01		Saratov	EU	4C 4D		0	0	1		54
R	RUSSIA	SE		2014-03-21		Sevastopol	EU	7R		0	0	1		54
R	RUSSIA	SL		1900-01-01		Sakhalin	AS	0E 0F 0G		0	0	1		15
R	RUSSIA	SM		1900-01-01		Smolensk	EU	3L		0	0	1		54
R	RUSSIA	SO		1900-01-01		Republic of Northern Ossetia	EU	6J		0	0	1		54
R	RUSSIA	SP		1900-01-01		St. Peterburg	EU	1A 1B 1D 1F 1G 1H 1I 1J 1L 1M		0	0	1		54
R	RUSSIA	SR		1900-01-01		Samara	EU	4H 4I		0	0	1		54
R	RUSSIA	ST		1900-01-01		Stavropol	EU	6F 6G 6H		0	0	1		54
R	RUSSIA	SV		1900-01-01		Sverdlovsk	AS	9C 9D 9E		0	0	1		15
R	RUSSIA	TA		1900-01-01		Republic of Tataria	EU	4P 4Q 4R		0	0	1		54
R	RUSSIA	TB		1900-01-01		Tambov	EU	3R		0	0	1		54
R	RUSSIA	TL		1900-01-01		Tula	EU	3P		0	0	1		54
R	RUSSIA	TM		1900-01-01		Taymyr Autonomous Okrug	AS	0B		0	0	1		15
R	RUSSIA	TN		1900-01-01		Tyumen	AS	9L		0	0	1		15
R	RUSSIA	TO		1900-01-01		Tomsk	AS	9H 9I		0	0	1		15
R	RUSSIA	TU		1900-01-01		Republic of Tuva	AS	0Y		0	0	1		15
R	RUSSIA	TV		1900-01-01		Tver	EU	3I 3J		0	0	1		54
R	RUSSIA	UD		1900-01-01		Republic of Udmurtia	EU	4W		0	0	1		54
R	RUSSIA	UL		1900-01-01		Ul'anovsk	EU	4L 4M		0	0	1		54
R	RUSSIA	UO		1900-01-01		Ust-Ordynsky Autonomous Okrug	AS	8T		0	0	1		15
R	RUSSIA	VG		1900-01-01		Volgograd	EU	4A 4B		0	0	1		54
R	RUSSIA	VL		1900-01-01		Vladimir	EU	3V		0	0	1		54
R	RUSSIA	VO		1900-01-01		Vologda	EU	1Q 1R 1S		0	0	1		54
R	RUSSIA	VR		1900-01-01		Voronezh	EU	3Q		0	0	1		54
R	RUSSIA	YA		1900-01-01		Republic of Yakutia	AS	0Q 0R		0	0	1		15
R	RUSSIA	YN		1900-01-01		Yamalo-Nenetsky Autonomous Okrug	AS	9K		0	0	1		15
R	RUSSIA	YR		1900-01-01		Yaroslavl	EU	3M		0	0	1		54
R	RUSSIA	ZK		1900-01-01		Transbaikal	AS	0U		0	0	1		15
