# Referencias del diploma SPPA. Generado; no se edita a mano.
R	SPPA	AB		1900-01-01		Wałbrzych (ziemski)	DOLNOŚLĄSKIE-D			0	0	1		269
R	SPPA	AC		1900-01-01		Sochaczew	MAZOWIECKIE-R			0	0	1		269
R	SPPA	AG		1900-01-01		Starogard Gdański	POMORSKIE-F			0	0	1		269
R	SPPA	AK		1900-01-01		Aleksandrów Kujawski	KUJAWSKO-POMORSKIE-P			0	0	1		269
R	SPPA	AL		1900-01-01		Kalisz (grodzki)	WIELKOPOLSKIE-W			0	0	1		269
R	SPPA	AN		1900-01-01		Sandomierz	ŚWIĘTOKRZYSKIE-S			0	0	1		269
R	SPPA	AP		1900-01-01		Krapkowice	OPOLSKIE-U			0	0	1		269
R	SPPA	AQ		1900-01-01		Łask	ŁODZKIE-C			0	0	1		269
R	SPPA	AS		1900-01-01		Sokółka	PODLASKIE-O			0	0	1		269
R	SPPA	AU		1900-01-01		Augustów	PODLASKIE-O			0	0	1		269
R	SPPA	AW		1900-01-01		Braniewo	WARMIŃSKO-MAZURSKIE-J			0	0	1		269
R	SPPA	BA		1900-01-01		Białystok (ziemski)	PODLASKIE-O			0	0	1		269
R	SPPA	BB		1900-01-01		Bielsko Biała (ziemski)	ŚLĄSKIE-G			0	0	1		269
R	SPPA	BC		1900-01-01		Brodnica	KUJAWSKO-POMORSKIE-P			0	0	1		269
R	SPPA	BE		1900-01-01		Bolesławiec	DOLNOŚLĄSKIE-D			0	0	1		269
R	SPPA	BF		1900-01-01		Białobrzegi	MAZOWIECKIE-R			0	0	1		269
R	SPPA	BG		1900-01-01		Białogard	ZACHODNIO-POMORSKIE-Z			0	0	1		269
R	SPPA	BH		1900-01-01		Bielsko Biała (grodzki)	ŚLĄSKIE-G			0	0	1		269
R	SPPA	BI		1900-01-01		Biłgoraj	LUBELSKIE-L			0	0	1		269
R	SPPA	BJ		1900-01-01		Bełchatów	ŁODZKIE-C			0	0	1		269
R	SPPA	BL		1900-01-01		Bielsk Podlaski	PODLASKIE-O			0	0	1		269
R	SPPA	BM		1900-01-01		Bydgoszcz (grodzki)	KUJAWSKO-POMORSKIE-P			0	0	1		269
R	SPPA	BN		1900-01-01		Będzin	ŚLĄSKIE-G			0	0	1		269
R	SPPA	BO		1900-01-01		Bochnia	MAŁOPOLSKIE-M			0	0	1		269
R	SPPA	BP		1900-01-01		Biała Podlaska (ziemski)	LUBELSKIE-L			0	0	1		269
R	SPPA	BQ		1900-01-01		Brzeg	OPOLSKIE-U			0	0	1		269
R	SPPA	BR		1900-01-01		Brzozów	PODKARPACKIE-K			0	0	1		269
R	SPPA	BS		1900-01-01		Białystok (grodzki)	PODLASKIE-O			0	0	1		269
R	SPPA	BT		1900-01-01		Bartoszyce	WARMIŃSKO-MAZURSKIE-J			0	0	1		269
R	SPPA	BU		1900-01-01		Busko Zdrój	ŚWIĘTOKRZYSKIE-S			0	0	1		269
R	SPPA	BW		1900-01-01		Brzeziny	ŁODZKIE-C			0	0	1		269
R	SPPA	BY		1900-01-01		Bydgoszcz (ziemski)	KUJAWSKO-POMORSKIE-P			0	0	1		269
R	SPPA	BZ		1900-01-01		Brzesko	MAŁOPOLSKIE-M			0	0	1		269
R	SPPA	CE		1900-01-01		Police	ZACHODNIO-POMORSKIE-Z			0	0	1		269
R	SPPA	CH		1900-01-01		Chełm (ziemski)	LUBELSKIE-L			0	0	1		269
R	SPPA	CI		1900-01-01		Ciechanów	MAZOWIECKIE-R			0	0	1		269
R	SPPA	CJ		1900-01-01		Chojnice	POMORSKIE-F			0	0	1		269
R	SPPA	CL		1900-01-01		Chełmno	KUJAWSKO-POMORSKIE-P			0	0	1		269
R	SPPA	CM		1900-01-01		Chełm (grodzki)	LUBELSKIE-L			0	0	1		269
R	SPPA	CN		1900-01-01		Chrzanów	MAŁOPOLSKIE-M			0	0	1		269
R	SPPA	CO		1900-01-01		Chodzież	WIELKOPOLSKIE-W			0	0	1		269
R	SPPA	CR		1900-01-01		Czarnków (Czarnkowsko - Trzcianecki)	WIELKOPOLSKIE-W			0	0	1		269
R	SPPA	CS		1900-01-01		Choszczno	ZACHODNIO-POMORSKIE-Z			0	0	1		269
R	SPPA	CT		1900-01-01		Częstochowa (grodzki)	ŚLĄSKIE-G			0	0	1		269
R	SPPA	CU		1900-01-01		Człuchów	POMORSKIE-F			0	0	1		269
R	SPPA	CW		1900-01-01		Chorzów	ŚLĄSKIE-G			0	0	1		269
R	SPPA	CY		1900-01-01		Cieszyn	ŚLĄSKIE-G			0	0	1		269
R	SPPA	CZ		1900-01-01		Częstochowa (ziemski)	ŚLĄSKIE-G			0	0	1		269
R	SPPA	DA		1900-01-01		Działdowo	WARMIŃSKO-MAZURSKIE-J			0	0	1		269
R	SPPA	DD		1900-01-01		Poddębice	ŁODZKIE-C			0	0	1		269
R	SPPA	DE		1900-01-01		Dębica	PODKARPACKIE-K			0	0	1		269
R	SPPA	DG		1900-01-01		Dąbrowa Górnicza	ŚLĄSKIE-G			0	0	1		269
R	SPPA	DL		1900-01-01		Siedlce (ziemski)	MAZOWIECKIE-R			0	0	1		269
R	SPPA	DP		1900-01-01		Drawsko Pomorskie	ZACHODNIO-POMORSKIE-Z			0	0	1		269
R	SPPA	DT		1900-01-01		Dąbrowa Tarnowska	MAŁOPOLSKIE-M			0	0	1		269
R	SPPA	DY		1900-01-01		Gdynia	POMORSKIE-F			0	0	1		269
R	SPPA	DZ		1900-01-01		Dzierżoniów	DOLNOŚLĄSKIE-D			0	0	1		269
R	SPPA	EA		1900-01-01		Elbląg (grodzki)	WARMIŃSKO-MAZURSKIE-J			0	0	1		269
R	SPPA	EB		1900-01-01		Lębork	POMORSKIE-F			0	0	1		269
R	SPPA	EC		1900-01-01		Łęczyca	ŁODZKIE-C			0	0	1		269
R	SPPA	ED		1900-01-01		Siedlce (grodzki)	MAZOWIECKIE-R			0	0	1		269
R	SPPA	EG		1900-01-01		Legnica (grodzki)	DOLNOŚLĄSKIE-D			0	0	1		269
R	SPPA	EK		1900-01-01		Ełk	WARMIŃSKO-MAZURSKIE-J			0	0	1		269
R	SPPA	EL		1900-01-01		Elbląg (ziemski)	WARMIŃSKO-MAZURSKIE-J			0	0	1		269
R	SPPA	EM		1900-01-01		Siemianowice Śląskie	ŚLĄSKIE-G			0	0	1		269
R	SPPA	EN		1900-01-01		Zwoleń	MAZOWIECKIE-R			0	0	1		269
R	SPPA	ER		1900-01-01		Sierpc	MAZOWIECKIE-R			0	0	1		269
R	SPPA	ET		1900-01-01		Świętochłowice	ŚLĄSKIE-G			0	0	1		269
R	SPPA	EY		1900-01-01		Kędzierzyn-Koźle	OPOLSKIE-U			0	0	1		269
R	SPPA	EZ		1900-01-01		Kętrzyn	WARMIŃSKO-MAZURSKIE-J			0	0	1		269
R	SPPA	GA		1900-01-01		Grajewo	PODLASKIE-O			0	0	1		269
R	SPPA	GB		1900-01-01		Gostyń	WIELKOPOLSKIE-W			0	0	1		269
R	SPPA	GC		1900-01-01		Gliwice (ziemski)	ŚLĄSKIE-G			0	0	1		269
R	SPPA	GD		1900-01-01		Gdańsk	POMORSKIE-F			0	0	1		269
R	SPPA	GE		1900-01-01		Gliwice (grodzki)	ŚLĄSKIE-G			0	0	1		269
R	SPPA	GF		1900-01-01		Gryfice	ZACHODNIO-POMORSKIE-Z			0	0	1		269
R	SPPA	GG		1900-01-01		Głogów	DOLNOŚLĄSKIE-D			0	0	1		269
R	SPPA	GH		1900-01-01		Gołdap	WARMIŃSKO-MAZURSKIE-J			0	0	1		269
R	SPPA	GI		1900-01-01		Garwolin	MAZOWIECKIE-R			0	0	1		269
R	SPPA	GJ		1900-01-01		Grójec	MAZOWIECKIE-R			0	0	1		269
R	SPPA	GK		1900-01-01		Giżycko	WARMIŃSKO-MAZURSKIE-J			0	0	1		269
R	SPPA	GL		1900-01-01		Goleniów	ZACHODNIO-POMORSKIE-Z			0	0	1		269
R	SPPA	GM		1900-01-01		Grudziądz (grodzki)	KUJAWSKO-POMORSKIE-P			0	0	1		269
R	SPPA	GN		1900-01-01		Gryfino	ZACHODNIO-POMORSKIE-Z			0	0	1		269
R	SPPA	GO		1900-01-01		Gorlice	MAŁOPOLSKIE-M			0	0	1		269
R	SPPA	GP		1900-01-01		Gorzów Wielkopolski (grodzki)	LUBUSKIE-B			0	0	1		269
R	SPPA	GQ		1900-01-01		Grodzisk Wielkopolski	WIELKOPOLSKIE-W			0	0	1		269
R	SPPA	GR		1900-01-01		Grudziądz (ziemski)	KUJAWSKO-POMORSKIE-P			0	0	1		269
R	SPPA	GS		1900-01-01		Grodzisk Mazowiecki	MAZOWIECKIE-R			0	0	1		269
R	SPPA	GT		1900-01-01		Gostynin	MAZOWIECKIE-R			0	0	1		269
R	SPPA	GU		1900-01-01		Golub-Dobrzyń	KUJAWSKO-POMORSKIE-P			0	0	1		269
R	SPPA	GV		1900-01-01		Zgierz	ŁODZKIE-C			0	0	1		269
R	SPPA	GW		1900-01-01		Gorzów Wielkopolski (ziemski)	LUBUSKIE-B			0	0	1		269
R	SPPA	GX		1900-01-01		Góra	DOLNOŚLĄSKIE-D			0	0	1		269
R	SPPA	GY		1900-01-01		Głubczyce	OPOLSKIE-U			0	0	1		269
R	SPPA	GZ		1900-01-01		Gniezno	WIELKOPOLSKIE-W			0	0	1		269
R	SPPA	HA		1900-01-01		Hajnówka	PODLASKIE-O			0	0	1		269
R	SPPA	HR		1900-01-01		Hrubieszów	LUBELSKIE-L			0	0	1		269
R	SPPA	IA		1900-01-01		Sieradz	ŁODZKIE-C			0	0	1		269
R	SPPA	IC		1900-01-01		Kielce (grodzki)	ŚWIĘTOKRZYSKIE-S			0	0	1		269
R	SPPA	ID		1900-01-01		Świdnica	DOLNOŚLĄSKIE-D			0	0	1		269
R	SPPA	IK		1900-01-01		Piekary Śląskie	ŚLĄSKIE-G			0	0	1		269
R	SPPA	IL		1900-01-01		Iława	WARMIŃSKO-MAZURSKIE-J			0	0	1		269
R	SPPA	IM		1900-01-01		Biała Podlaska (grodzki)	LUBELSKIE-L			0	0	1		269
R	SPPA	IN		1900-01-01		Inowrocław	KUJAWSKO-POMORSKIE-P			0	0	1		269
R	SPPA	IR		1900-01-01		Skierniewice (grodzki)	ŁODZKIE-C			0	0	1		269
R	SPPA	IT		1900-01-01		Piotrków Trybunalski (grodzki)	ŁODZKIE-C			0	0	1		269
R	SPPA	IW		1900-01-01		Skierniewice (ziemski)	ŁODZKIE-C			0	0	1		269
R	SPPA	IY		1900-01-01		Kwidzyn	POMORSKIE-F			0	0	1		269
R	SPPA	IZ		1900-01-01		Łowicz	ŁODZKIE-C			0	0	1		269
R	SPPA	JA		1900-01-01		Jarosław	PODKARPACKIE-K			0	0	1		269
R	SPPA	JC		1900-01-01		Jarocin	WIELKOPOLSKIE-W			0	0	1		269
R	SPPA	JE		1900-01-01		Jędrzejów	ŚWIĘTOKRZYSKIE-S			0	0	1		269
R	SPPA	JG		1900-01-01		Jelenia Góra (ziemski)	DOLNOŚLĄSKIE-D			0	0	1		269
R	SPPA	JL		1900-01-01		Janów Lubelski	LUBELSKIE-L			0	0	1		269
R	SPPA	JM		1900-01-01		Jelenia Góra (grodzki)	DOLNOŚLĄSKIE-D			0	0	1		269
R	SPPA	JR		1900-01-01		Jawor	DOLNOŚLĄSKIE-D			0	0	1		269
R	SPPA	JS		1900-01-01		Jasło	PODKARPACKIE-K			0	0	1		269
R	SPPA	JW		1900-01-01		Jaworzno	ŚLĄSKIE-G			0	0	1		269
R	SPPA	JZ		1900-01-01		Jastrzębie Zdrój	ŚLĄSKIE-G			0	0	1		269
R	SPPA	KA		1900-01-01		Kalisz (ziemski)	WIELKOPOLSKIE-W			0	0	1		269
R	SPPA	KB		1900-01-01		Katowice	ŚLĄSKIE-G			0	0	1		269
R	SPPA	KC		1900-01-01		Koszalin (grodzki)	ZACHODNIO-POMORSKIE-Z			0	0	1		269
R	SPPA	KD		1900-01-01		Krosno Odrzańskie	LUBUSKIE-B			0	0	1		269
R	SPPA	KE		1900-01-01		Kozienice	MAZOWIECKIE-R			0	0	1		269
R	SPPA	KF		1900-01-01		Kępno	WIELKOPOLSKIE-W			0	0	1		269
R	SPPA	KG		1900-01-01		Kołobrzeg	ZACHODNIO-POMORSKIE-Z			0	0	1		269
R	SPPA	KH		1900-01-01		Koło	WIELKOPOLSKIE-W			0	0	1		269
R	SPPA	KI		1900-01-01		Kielce (ziemski)	ŚWIĘTOKRZYSKIE-S			0	0	1		269
R	SPPA	KJ		1900-01-01		Konin (grodzki)	WIELKOPOLSKIE-W			0	0	1		269
R	SPPA	KK		1900-01-01		Kraśnik	LUBELSKIE-L			0	0	1		269
R	SPPA	KL		1900-01-01		Kolno	PODLASKIE-O			0	0	1		269
R	SPPA	KM		1900-01-01		Kraków (grodzki)	MAŁOPOLSKIE-M			0	0	1		269
R	SPPA	KN		1900-01-01		Krosno (grodzki)	PODKARPACKIE-K			0	0	1		269
R	SPPA	KO		1900-01-01		Kolbuszowa	PODKARPACKIE-K			0	0	1		269
R	SPPA	KP		1900-01-01		Kamień Pomorski	ZACHODNIO-POMORSKIE-Z			0	0	1		269
R	SPPA	KQ		1900-01-01		Kamienna Góra	DOLNOŚLĄSKIE-D			0	0	1		269
R	SPPA	KR		1900-01-01		Kraków (ziemski)	MAŁOPOLSKIE-M			0	0	1		269
R	SPPA	KS		1900-01-01		Krosno (ziemski)	PODKARPACKIE-K			0	0	1		269
R	SPPA	KT		1900-01-01		Krotoszyn	WIELKOPOLSKIE-W			0	0	1		269
R	SPPA	KU		1900-01-01		Kutno	ŁODZKIE-C			0	0	1		269
R	SPPA	KV		1900-01-01		Kłodzko	DOLNOŚLĄSKIE-D			0	0	1		269
R	SPPA	KW		1900-01-01		Kazimierza Wielka	ŚWIĘTOKRZYSKIE-S			0	0	1		269
R	SPPA	KX		1900-01-01		Kłobuck	ŚLĄSKIE-G			0	0	1		269
R	SPPA	KY		1900-01-01		Krasnystaw	LUBELSKIE-L			0	0	1		269
R	SPPA	KZ		1900-01-01		Koszalin (ziemski)	ZACHODNIO-POMORSKIE-Z			0	0	1		269
R	SPPA	LA		1900-01-01		Sławno	ZACHODNIO-POMORSKIE-Z			0	0	1		269
R	SPPA	LB		1900-01-01		Lublin (ziemski)	LUBELSKIE-L			0	0	1		269
R	SPPA	LC		1900-01-01		Łęczna	LUBELSKIE-L			0	0	1		269
R	SPPA	LD		1900-01-01		Łódź	ŁODZKIE-C			0	0	1		269
R	SPPA	LE		1900-01-01		Leszno (grodzki)	WIELKOPOLSKIE-W			0	0	1		269
R	SPPA	LF		1900-01-01		Lwówek Śląski	DOLNOŚLĄSKIE-D			0	0	1		269
R	SPPA	LG		1900-01-01		Legnica (ziemski)	DOLNOŚLĄSKIE-D			0	0	1		269
R	SPPA	LH		1900-01-01		Lubań	DOLNOŚLĄSKIE-D			0	0	1		269
R	SPPA	LI		1900-01-01		Limanowa	MAŁOPOLSKIE-M			0	0	1		269
R	SPPA	LJ		1900-01-01		Lidzbark Warmiński	WARMIŃSKO-MAZURSKIE-J			0	0	1		269
R	SPPA	LK		1900-01-01		Lesko	PODKARPACKIE-K			0	0	1		269
R	SPPA	LL		1900-01-01		Łobez	ZACHODNIO-POMORSKIE-Z			0	0	1		269
R	SPPA	LM		1900-01-01		Łomża (grodzki)	PODLASKIE-O			0	0	1		269
R	SPPA	LN		1900-01-01		Łańcut	PODKARPACKIE-K			0	0	1		269
R	SPPA	LO		1900-01-01		Łomża (ziemski)	PODLASKIE-O			0	0	1		269
R	SPPA	LP		1900-01-01		Lipno	KUJAWSKO-POMORSKIE-P			0	0	1		269
R	SPPA	LQ		1900-01-01		Lipsko	MAZOWIECKIE-R			0	0	1		269
R	SPPA	LS		1900-01-01		Leszno (ziemski)	WIELKOPOLSKIE-W			0	0	1		269
R	SPPA	LT		1900-01-01		Lubartów	LUBELSKIE-L			0	0	1		269
R	SPPA	LU		1900-01-01		Lublin (grodzki)	LUBELSKIE-L			0	0	1		269
R	SPPA	LV		1900-01-01		Lubaczów	PODKARPACKIE-K			0	0	1		269
R	SPPA	LW		1900-01-01		Łuków	LUBELSKIE-L			0	0	1		269
R	SPPA	LX		1900-01-01		Lubliniec	ŚLĄSKIE-G			0	0	1		269
R	SPPA	LY		1900-01-01		Łódź Wschodnia (ziemski)	ŁODZKIE-C			0	0	1		269
R	SPPA	LZ		1900-01-01		Leżajsk	PODKARPACKIE-K			0	0	1		269
R	SPPA	MA		1900-01-01		Mława	MAZOWIECKIE-R			0	0	1		269
R	SPPA	MB		1900-01-01		Malbork	POMORSKIE-F			0	0	1		269
R	SPPA	MC		1900-01-01		Mielec	PODKARPACKIE-K			0	0	1		269
R	SPPA	ME		1900-01-01		Miechów	MAŁOPOLSKIE-M			0	0	1		269
R	SPPA	MF		1900-01-01		Mysłowice	ŚLĄSKIE-G			0	0	1		269
R	SPPA	MH		1900-01-01		Międzychód	WIELKOPOLSKIE-W			0	0	1		269
R	SPPA	MI		1900-01-01		Międzyrzecz	LUBUSKIE-B			0	0	1		269
R	SPPA	ML		1900-01-01		Milicz	DOLNOŚLĄSKIE-D			0	0	1		269
R	SPPA	MM		1900-01-01		Maków Mazowiecki	MAZOWIECKIE-R			0	0	1		269
R	SPPA	MN		1900-01-01		Mońki	PODLASKIE-O			0	0	1		269
R	SPPA	MO		1900-01-01		Mogilno	KUJAWSKO-POMORSKIE-P			0	0	1		269
R	SPPA	MQ		1900-01-01		Myślenice	MAŁOPOLSKIE-M			0	0	1		269
R	SPPA	MR		1900-01-01		Mrągowo	WARMIŃSKO-MAZURSKIE-J			0	0	1		269
R	SPPA	MS		1900-01-01		Myszków	ŚLĄSKIE-G			0	0	1		269
R	SPPA	MW		1900-01-01		Mikołów	ŚLĄSKIE-G			0	0	1		269
R	SPPA	MY		1900-01-01		Myślibórz	ZACHODNIO-POMORSKIE-Z			0	0	1		269
R	SPPA	MZ		1900-01-01		Mińsk Mazowiecki	MAZOWIECKIE-R			0	0	1		269
R	SPPA	NA		1900-01-01		Nakło nad Notecią	KUJAWSKO-POMORSKIE-P			0	0	1		269
R	SPPA	NC		1900-01-01		Nidzica	WARMIŃSKO-MAZURSKIE-J			0	0	1		269
R	SPPA	ND		1900-01-01		Nowy Dwór Mazowiecki	MAZOWIECKIE-R			0	0	1		269
R	SPPA	NF		1900-01-01		Nysa	OPOLSKIE-U			0	0	1		269
R	SPPA	NG		1900-01-01		Żagań	LUBUSKIE-B			0	0	1		269
R	SPPA	NI		1900-01-01		Sosnowiec	ŚLĄSKIE-G			0	0	1		269
R	SPPA	NL		1900-01-01		Nowa Sól	LUBUSKIE-B			0	0	1		269
R	SPPA	NM		1900-01-01		Nowy Sącz (grodzki)	MAŁOPOLSKIE-M			0	0	1		269
R	SPPA	NN		1900-01-01		Konin (ziemski)	WIELKOPOLSKIE-W			0	0	1		269
R	SPPA	NO		1900-01-01		Nisko	PODKARPACKIE-K			0	0	1		269
R	SPPA	NQ		1900-01-01		Nowe Miasto Lubawskie	WARMIŃSKO-MAZURSKIE-J			0	0	1		269
R	SPPA	NR		1900-01-01		Nowy Dwór Gdański	POMORSKIE-F			0	0	1		269
R	SPPA	NS		1900-01-01		Nowy Sącz (ziemski)	MAŁOPOLSKIE-M			0	0	1		269
R	SPPA	NT		1900-01-01		Nowy Targ	MAŁOPOLSKIE-M			0	0	1		269
R	SPPA	NV		1900-01-01		Nowy Tomyśl	WIELKOPOLSKIE-W			0	0	1		269
R	SPPA	NW		1900-01-01		Legionowo	MAZOWIECKIE-R			0	0	1		269
R	SPPA	NY		1900-01-01		Namysłów	OPOLSKIE-U			0	0	1		269
R	SPPA	OA		1900-01-01		Oława	DOLNOŚLĄSKIE-D			0	0	1		269
R	SPPA	OB		1900-01-01		Opole Lubelskie	LUBELSKIE-L			0	0	1		269
R	SPPA	OC		1900-01-01		Łosice	MAZOWIECKIE-R			0	0	1		269
R	SPPA	OD		1900-01-01		Ostrów Wielkopolski	WIELKOPOLSKIE-W			0	0	1		269
R	SPPA	OE		1900-01-01		Oleśnica	DOLNOŚLĄSKIE-D			0	0	1		269
R	SPPA	OF		1900-01-01		Ostrzeszów	WIELKOPOLSKIE-W			0	0	1		269
R	SPPA	OG		1900-01-01		Ostrołęka (grodzki)	MAZOWIECKIE-R			0	0	1		269
R	SPPA	OH		1900-01-01		Opoczno	ŁODZKIE-C			0	0	1		269
R	SPPA	OI		1900-01-01		Oborniki	WIELKOPOLSKIE-W			0	0	1		269
R	SPPA	OJ		1900-01-01		Opole (grodzki)	OPOLSKIE-U			0	0	1		269
R	SPPA	OK		1900-01-01		Końskie	ŚWIĘTOKRZYSKIE-S			0	0	1		269
R	SPPA	OL		1900-01-01		Olsztyn (ziemski)	WARMIŃSKO-MAZURSKIE-J			0	0	1		269
R	SPPA	OM		1900-01-01		Ostrów Mazowiecka	MAZOWIECKIE-R			0	0	1		269
R	SPPA	ON		1900-01-01		Kościan	WIELKOPOLSKIE-W			0	0	1		269
R	SPPA	OO		1900-01-01		Otwock	MAZOWIECKIE-R			0	0	1		269
R	SPPA	OP		1900-01-01		Opole (ziemski)	OPOLSKIE-U			0	0	1		269
R	SPPA	OQ		1900-01-01		Ostróda	WARMIŃSKO-MAZURSKIE-J			0	0	1		269
R	SPPA	OR		1900-01-01		Ostrołęka (ziemski)	MAZOWIECKIE-R			0	0	1		269
R	SPPA	OS		1900-01-01		Ostrowiec Świętokrzyski	ŚWIĘTOKRZYSKIE-S			0	0	1		269
R	SPPA	OT		1900-01-01		Opatów	ŚWIĘTOKRZYSKIE-S			0	0	1		269
R	SPPA	OU		1900-01-01		Olsztyn (grodzki)	WARMIŃSKO-MAZURSKIE-J			0	0	1		269
R	SPPA	OV		1900-01-01		Sopot	POMORSKIE-F			0	0	1		269
R	SPPA	OW		1900-01-01		Oświęcim	MAŁOPOLSKIE-M			0	0	1		269
R	SPPA	OX		1900-01-01		Olecko	WARMIŃSKO-MAZURSKIE-J			0	0	1		269
R	SPPA	OY		1900-01-01		Olesno	OPOLSKIE-U			0	0	1		269
R	SPPA	OZ		1900-01-01		Olkusz	MAŁOPOLSKIE-M			0	0	1		269
R	SPPA	PA		1900-01-01		Piaseczno	MAZOWIECKIE-R			0	0	1		269
R	SPPA	PB		1900-01-01		Pabianice	ŁODZKIE-C			0	0	1		269
R	SPPA	PC		1900-01-01		Parczew	LUBELSKIE-L			0	0	1		269
R	SPPA	PD		1900-01-01		Płock (grodzki)	MAZOWIECKIE-R			0	0	1		269
R	SPPA	PE		1900-01-01		Przeworsk	PODKARPACKIE-K			0	0	1		269
R	SPPA	PF		1900-01-01		Przasnysz	MAZOWIECKIE-R			0	0	1		269
R	SPPA	PG		1900-01-01		Przysucha	MAZOWIECKIE-R			0	0	1		269
R	SPPA	PH		1900-01-01		Piła	WIELKOPOLSKIE-W			0	0	1		269
R	SPPA	PI		1900-01-01		Pińczów	ŚWIĘTOKRZYSKIE-S			0	0	1		269
R	SPPA	PJ		1900-01-01		Prudnik	OPOLSKIE-U			0	0	1		269
R	SPPA	PK		1900-01-01		Puck	POMORSKIE-F			0	0	1		269
R	SPPA	PL		1900-01-01		Płock (ziemski)	MAZOWIECKIE-R			0	0	1		269
R	SPPA	PM		1900-01-01		Przemyśl (grodzki)	PODKARPACKIE-K			0	0	1		269
R	SPPA	PN		1900-01-01		Płońsk	MAZOWIECKIE-R			0	0	1		269
R	SPPA	PO		1900-01-01		Poznań (ziemski)	WIELKOPOLSKIE-W			0	0	1		269
R	SPPA	PP		1900-01-01		Polkowice	DOLNOŚLĄSKIE-D			0	0	1		269
R	SPPA	PQ		1900-01-01		Pisz	WARMIŃSKO-MAZURSKIE-J			0	0	1		269
R	SPPA	PR		1900-01-01		Przemyśl (ziemski)	PODKARPACKIE-K			0	0	1		269
R	SPPA	PS		1900-01-01		Proszowice	MAŁOPOLSKIE-M			0	0	1		269
R	SPPA	PT		1900-01-01		Piotrków Trybunalski (ziemski)	ŁODZKIE-C			0	0	1		269
R	SPPA	PU		1900-01-01		Puławy	LUBELSKIE-L			0	0	1		269
R	SPPA	PV		1900-01-01		Pajęczno	ŁODZKIE-C			0	0	1		269
R	SPPA	PW		1900-01-01		Pleszew	WIELKOPOLSKIE-W			0	0	1		269
R	SPPA	PX		1900-01-01		Poznań (grodzki)	WIELKOPOLSKIE-W			0	0	1		269
R	SPPA	PY		1900-01-01		Pszczyna	ŚLĄSKIE-G			0	0	1		269
R	SPPA	PZ		1900-01-01		Pruszków	MAZOWIECKIE-R			0	0	1		269
R	SPPA	RA		1900-01-01		Radom (ziemski)	MAZOWIECKIE-R			0	0	1		269
R	SPPA	RB		1900-01-01		Rybnik (ziemski)	ŚLĄSKIE-G			0	0	1		269
R	SPPA	RC		1900-01-01		Racibórz	ŚLĄSKIE-G			0	0	1		269
R	SPPA	RD		1900-01-01		Radom (grodzki)	MAZOWIECKIE-R			0	0	1		269
R	SPPA	RE		1900-01-01		Radomsko	ŁODZKIE-C			0	0	1		269
R	SPPA	RJ		1900-01-01		Radziejów	KUJAWSKO-POMORSKIE-P			0	0	1		269
R	SPPA	RK		1900-01-01		Ryki	LUBELSKIE-L			0	0	1		269
R	SPPA	RM		1900-01-01		Rzeszów (grodzki)	PODKARPACKIE-K			0	0	1		269
R	SPPA	RN		1900-01-01		Rybnik (grodzki)	ŚLĄSKIE-G			0	0	1		269
R	SPPA	RO		1900-01-01		Ropczyce	PODKARPACKIE-K			0	0	1		269
R	SPPA	RP		1900-01-01		Radzyń Podlaski	LUBELSKIE-L			0	0	1		269
R	SPPA	RS		1900-01-01		Ruda Śląska	ŚLĄSKIE-G			0	0	1		269
R	SPPA	RU		1900-01-01		Kartuzy	POMORSKIE-F			0	0	1		269
R	SPPA	RW		1900-01-01		Rawicz	WIELKOPOLSKIE-W			0	0	1		269
R	SPPA	RX		1900-01-01		Rawa Mazowiecka	ŁODZKIE-C			0	0	1		269
R	SPPA	RY		1900-01-01		Rypin	KUJAWSKO-POMORSKIE-P			0	0	1		269
R	SPPA	RZ		1900-01-01		Rzeszów (ziemski)	PODKARPACKIE-K			0	0	1		269
R	SPPA	SA		1900-01-01		Sanok	PODKARPACKIE-K			0	0	1		269
R	SPPA	SB		1900-01-01		Sucha Beskidzka	MAŁOPOLSKIE-M			0	0	1		269
R	SPPA	SC		1900-01-01		Słubice	LUBUSKIE-B			0	0	1		269
R	SPPA	SD		1900-01-01		Świdnik	LUBELSKIE-L			0	0	1		269
R	SPPA	SE		1900-01-01		Sejny	PODLASKIE-O			0	0	1		269
R	SPPA	SF		1900-01-01		Świnoujście	ZACHODNIO-POMORSKIE-Z			0	0	1		269
R	SPPA	SG		1900-01-01		Stargard Szczeciński	ZACHODNIO-POMORSKIE-Z			0	0	1		269
R	SPPA	SH		1900-01-01		Starachowice	ŚWIĘTOKRZYSKIE-S			0	0	1		269
R	SPPA	SI		1900-01-01		Środa Wielkopolska	WIELKOPOLSKIE-W			0	0	1		269
R	SPPA	SJ		1900-01-01		Sępólno Krajeńskie	KUJAWSKO-POMORSKIE-P			0	0	1		269
R	SPPA	SK		1900-01-01		Strzelce Krajeńskie	LUBUSKIE-B			0	0	1		269
R	SPPA	SL		1900-01-01		Słupsk (ziemski)	POMORSKIE-F			0	0	1		269
R	SPPA	SM		1900-01-01		Siemiatycze	PODLASKIE-O			0	0	1		269
R	SPPA	SN		1900-01-01		Sulęcin	LUBUSKIE-B			0	0	1		269
R	SPPA	SO		1900-01-01		Świebodzin	LUBUSKIE-B			0	0	1		269
R	SPPA	SP		1900-01-01		Słupca	WIELKOPOLSKIE-W			0	0	1		269
R	SPPA	SQ		1900-01-01		Skarżysko Kamienna	ŚWIĘTOKRZYSKIE-S			0	0	1		269
R	SPPA	SR		1900-01-01		Śrem	WIELKOPOLSKIE-W			0	0	1		269
R	SPPA	SS		1900-01-01		Środa Śląska	DOLNOŚLĄSKIE-D			0	0	1		269
R	SPPA	ST		1900-01-01		Stalowa Wola	PODKARPACKIE-K			0	0	1		269
R	SPPA	SU		1900-01-01		Suwałki (ziemski)	PODLASKIE-O			0	0	1		269
R	SPPA	SV		1900-01-01		Strzelin	DOLNOŚLĄSKIE-D			0	0	1		269
R	SPPA	SW		1900-01-01		Świecie	KUJAWSKO-POMORSKIE-P			0	0	1		269
R	SPPA	SX		1900-01-01		Szamotuły	WIELKOPOLSKIE-W			0	0	1		269
R	SPPA	SY		1900-01-01		Strzyżów	PODKARPACKIE-K			0	0	1		269
R	SPPA	SZ		1900-01-01		Szczecinek	ZACHODNIO-POMORSKIE-Z			0	0	1		269
R	SPPA	TA		1900-01-01		Tarnów (ziemski)	MAŁOPOLSKIE-M			0	0	1		269
R	SPPA	TB		1900-01-01		Tarnobrzeg (ziemski)	PODKARPACKIE-K			0	0	1		269
R	SPPA	TC		1900-01-01		Tczew	POMORSKIE-F			0	0	1		269
R	SPPA	TE		1900-01-01		Strzelce Opolskie	OPOLSKIE-U			0	0	1		269
R	SPPA	TG		1900-01-01		Tarnowskie Góry	ŚLĄSKIE-G			0	0	1		269
R	SPPA	TH		1900-01-01		Bieruń-Lędziny	ŚLĄSKIE-G			0	0	1		269
R	SPPA	TK		1900-01-01		Turek	WIELKOPOLSKIE-W			0	0	1		269
R	SPPA	TL		1900-01-01		Tomaszów Lubelski	LUBELSKIE-L			0	0	1		269
R	SPPA	TM		1900-01-01		Toruń (grodzki)	KUJAWSKO-POMORSKIE-P			0	0	1		269
R	SPPA	TN		1900-01-01		Tarnobrzeg (grodzki)	PODKARPACKIE-K			0	0	1		269
R	SPPA	TO		1900-01-01		Toruń (ziemski)	KUJAWSKO-POMORSKIE-P			0	0	1		269
R	SPPA	TR		1900-01-01		Trzebnica	DOLNOŚLĄSKIE-D			0	0	1		269
R	SPPA	TS		1900-01-01		Staszów	ŚWIĘTOKRZYSKIE-S			0	0	1		269
R	SPPA	TU		1900-01-01		Tuchola	KUJAWSKO-POMORSKIE-P			0	0	1		269
R	SPPA	TW		1900-01-01		Tarnów (grodzki)	MAŁOPOLSKIE-M			0	0	1		269
R	SPPA	TY		1900-01-01		Tychy (grodzki)	ŚLĄSKIE-G			0	0	1		269
R	SPPA	TZ		1900-01-01		Tomaszów Mazowiecki	ŁODZKIE-C			0	0	1		269
R	SPPA	UC		1900-01-01		Kluczbork	OPOLSKIE-U			0	0	1		269
R	SPPA	UD		1900-01-01		Ustrzyki Dolne	PODKARPACKIE-K			0	0	1		269
R	SPPA	UG		1900-01-01		Pruszcz Gdański	POMORSKIE-F			0	0	1		269
R	SPPA	UK		1900-01-01		Słupsk (grodzki)	POMORSKIE-F			0	0	1		269
R	SPPA	UL		1900-01-01		Zduńska Wola	ŁODZKIE-C			0	0	1		269
R	SPPA	UM		1900-01-01		Sztum	POMORSKIE-F			0	0	1		269
R	SPPA	UN		1900-01-01		Lubin	DOLNOŚLĄSKIE-D			0	0	1		269
R	SPPA	UP		1900-01-01		Sokołów Podlaski	MAZOWIECKIE-R			0	0	1		269
R	SPPA	US		1900-01-01		Wieruszów	ŁODZKIE-C			0	0	1		269
R	SPPA	UT		1900-01-01		Pułtusk	MAZOWIECKIE-R			0	0	1		269
R	SPPA	UW		1900-01-01		Suwałki (grodzki)	PODLASKIE-O			0	0	1		269
R	SPPA	WA		1900-01-01		Wadowice	MAŁOPOLSKIE-M			0	0	1		269
R	SPPA	WB		1900-01-01		Wałbrzych (grodzki)	DOLNOŚLĄSKIE-D			0	0	1		269
R	SPPA	WC		1900-01-01		Wałcz	ZACHODNIO-POMORSKIE-Z			0	0	1		269
R	SPPA	WD		1900-01-01		Włodawa	LUBELSKIE-L			0	0	1		269
R	SPPA	WE		1900-01-01		Węgrów	MAZOWIECKIE-R			0	0	1		269
R	SPPA	WF		1900-01-01		Września	WIELKOPOLSKIE-W			0	0	1		269
R	SPPA	WG		1900-01-01		Węgorzewo	WARMIŃSKO-MAZURSKIE-J			0	0	1		269
R	SPPA	WH		1900-01-01		Wągrowiec	WIELKOPOLSKIE-W			0	0	1		269
R	SPPA	WI		1900-01-01		Wieliczka	MAŁOPOLSKIE-M			0	0	1		269
R	SPPA	WJ		1900-01-01		Wejherowo	POMORSKIE-F			0	0	1		269
R	SPPA	WK		1900-01-01		Włocławek (grodzki)	KUJAWSKO-POMORSKIE-P			0	0	1		269
R	SPPA	WL		1900-01-01		Włocławek (ziemski)	KUJAWSKO-POMORSKIE-P			0	0	1		269
R	SPPA	WM		1900-01-01		Warszawa	MAZOWIECKIE-R			0	0	1		269
R	SPPA	WN		1900-01-01		Świdwin	ZACHODNIO-POMORSKIE-Z			0	0	1		269
R	SPPA	WO		1900-01-01		Wąbrzeźno	KUJAWSKO-POMORSKIE-P			0	0	1		269
R	SPPA	WP		1900-01-01		Wschowa	LUBUSKIE-B			0	0	1		269
R	SPPA	WQ		1900-01-01		Wołów	DOLNOŚLĄSKIE-D			0	0	1		269
R	SPPA	WR		1900-01-01		Wrocław (ziemski)	DOLNOŚLĄSKIE-D			0	0	1		269
R	SPPA	WS		1900-01-01		Włoszczowa	ŚWIĘTOKRZYSKIE-S			0	0	1		269
R	SPPA	WT		1900-01-01		Wolsztyn	WIELKOPOLSKIE-W			0	0	1		269
R	SPPA	WU		1900-01-01		Wieluń	ŁODZKIE-C			0	0	1		269
R	SPPA	WV		1900-01-01		Wodzisław Śląski	ŚLĄSKIE-G			0	0	1		269
R	SPPA	WW		1900-01-01		Wrocław (grodzki)	DOLNOŚLĄSKIE-D			0	0	1		269
R	SPPA	WX		1900-01-01		Wołomin	MAZOWIECKIE-R			0	0	1		269
R	SPPA	WY		1900-01-01		Wysokie Mazowieckie	PODLASKIE-O			0	0	1		269
R	SPPA	WZ		1900-01-01		Warszawa Zachód	MAZOWIECKIE-R			0	0	1		269
R	SPPA	YA		1900-01-01		Kościerzyna	POMORSKIE-F			0	0	1		269
R	SPPA	YD		1900-01-01		Szydłowiec	MAZOWIECKIE-R			0	0	1		269
R	SPPA	YN		1900-01-01		Szczytno	WARMIŃSKO-MAZURSKIE-J			0	0	1		269
R	SPPA	YR		1900-01-01		Pyrzyce	ZACHODNIO-POMORSKIE-Z			0	0	1		269
R	SPPA	YS		1900-01-01		Wyszków	MAZOWIECKIE-R			0	0	1		269
R	SPPA	YT		1900-01-01		Bytom	ŚLĄSKIE-G			0	0	1		269
R	SPPA	YW		1900-01-01		Bytów	POMORSKIE-F			0	0	1		269
R	SPPA	ZA		1900-01-01		Zamość (ziemski)	LUBELSKIE-L			0	0	1		269
R	SPPA	ZB		1900-01-01		Zambrów	PODLASKIE-O			0	0	1		269
R	SPPA	ZC		1900-01-01		Żywiec	ŚLĄSKIE-G			0	0	1		269
R	SPPA	ZE		1900-01-01		Szczecin	ZACHODNIO-POMORSKIE-Z			0	0	1		269
R	SPPA	ZF		1900-01-01		Złotów	WIELKOPOLSKIE-W			0	0	1		269
R	SPPA	ZG		1900-01-01		Zielona Góra (ziemski)	LUBUSKIE-B			0	0	1		269
R	SPPA	ZL		1900-01-01		Zielona Góra (grodzki)	LUBUSKIE-B			0	0	1		269
R	SPPA	ZM		1900-01-01		Zamość (grodzki)	LUBELSKIE-L			0	0	1		269
R	SPPA	ZN		1900-01-01		Żnin	KUJAWSKO-POMORSKIE-P			0	0	1		269
R	SPPA	ZO		1900-01-01		Zgorzelec	DOLNOŚLĄSKIE-D			0	0	1		269
R	SPPA	ZP		1900-01-01		Zakopane	MAŁOPOLSKIE-M			0	0	1		269
R	SPPA	ZQ		1900-01-01		Żyrardów	MAZOWIECKIE-R			0	0	1		269
R	SPPA	ZR		1900-01-01		Żory	ŚLĄSKIE-G			0	0	1		269
R	SPPA	ZS		1900-01-01		Ząbkowice Śląskie	DOLNOŚLĄSKIE-D			0	0	1		269
R	SPPA	ZT		1900-01-01		Złotoryja	DOLNOŚLĄSKIE-D			0	0	1		269
R	SPPA	ZV		1900-01-01		Żuromin	MAZOWIECKIE-R			0	0	1		269
R	SPPA	ZW		1900-01-01		Zawiercie	ŚLĄSKIE-G			0	0	1		269
R	SPPA	ZX		1900-01-01		Zabrze	ŚLĄSKIE-G			0	0	1		269
R	SPPA	ZY		1900-01-01		Żary	LUBUSKIE-B			0	0	1		269
