# Referencias del diploma TPEA. Generado; no se edita a mano.
R	TPEA	TPEA-A		1979-03-01		Alicante	EA5			0	0	1		281
R	TPEA	TPEA-AB		1979-03-01		Albacete	EA5			0	0	1		281
R	TPEA	TPEA-AL		1979-03-01		Almeria	EA7			0	0	1		281
R	TPEA	TPEA-AV		1979-03-01		Avila	EA1			0	0	1		281
R	TPEA	TPEA-B		1979-03-01		Barcelona	EA3			0	0	1		281
R	TPEA	TPEA-BA		1979-03-01		Badajoz	EA4			0	0	1		281
R	TPEA	TPEA-BI		1979-03-01		Vizcaya	EA2			0	0	1		281
R	TPEA	TPEA-BU		1979-03-01		Burgos	EA1			0	0	1		281
R	TPEA	TPEA-C		1979-03-01		A Coruna	EA1			0	0	1		281
R	TPEA	TPEA-CA		1979-03-01		Cadiz	EA7			0	0	1		281
R	TPEA	TPEA-CC		1979-03-01		Caceres	EA4			0	0	1		281
R	TPEA	TPEA-CE		1979-03-01		Ceuta	EA9			0	0	1		32
R	TPEA	TPEA-CO		1979-03-01		Cordoba	EA7			0	0	1		281
R	TPEA	TPEA-CR		1979-03-01		Ciudad Real	EA4			0	0	1		281
R	TPEA	TPEA-CS		1979-03-01		Castellon	EA5			0	0	1		281
R	TPEA	TPEA-CU		1979-03-01		Cuenca	EA4			0	0	1		281
R	TPEA	TPEA-GC		1979-03-01		Las Palmas de Gran Canaria	EA8			0	0	1		29
R	TPEA	TPEA-GI		1979-03-01		Girona	EA3			0	0	1		281
R	TPEA	TPEA-GR		1979-03-01		Granada	EA7			0	0	1		281
R	TPEA	TPEA-GU		1979-03-01		Guadalajara	EA4			0	0	1		281
R	TPEA	TPEA-H		1979-03-01		Huelva	EA7			0	0	1		281
R	TPEA	TPEA-HU		1979-03-01		Huesca	EA2			0	0	1		281
R	TPEA	TPEA-IB		1979-03-01		Islas Baleares	EA6			0	0	1		21
R	TPEA	TPEA-J		1979-03-01		Jaen	EA7			0	0	1		281
R	TPEA	TPEA-L		1979-03-01		Lleida	EA3			0	0	1		281
R	TPEA	TPEA-LE		1979-03-01		Leon	EA1			0	0	1		281
R	TPEA	TPEA-LO		1979-03-01		La Rioja	EA1			0	0	1		281
R	TPEA	TPEA-LU		1979-03-01		Lugo	EA1			0	0	1		281
R	TPEA	TPEA-M		1979-03-01		Madrid	EA4			0	0	1		281
R	TPEA	TPEA-MA		1979-03-01		Malaga	EA7			0	0	1		281
R	TPEA	TPEA-ML		1979-03-01		Melilla	EA9			0	0	1		32
R	TPEA	TPEA-MU		1979-03-01		Murcia	EA5			0	0	1		281
R	TPEA	TPEA-NA		1979-03-01		Navarra	EA2			0	0	1		281
R	TPEA	TPEA-O		1979-03-01		Asturias	EA1			0	0	1		281
R	TPEA	TPEA-OU		1979-03-01		Ourense	EA1			0	0	1		281
R	TPEA	TPEA-P		1979-03-01		Palencia	EA1			0	0	1		281
R	TPEA	TPEA-PO		1979-03-01		Pontevedra	EA1			0	0	1		281
R	TPEA	TPEA-S		1979-03-01		Cantabria	EA1			0	0	1		281
R	TPEA	TPEA-SA		1979-03-01		Salamanca	EA1			0	0	1		281
R	TPEA	TPEA-SE		1979-03-01		Sevilla	EA7			0	0	1		281
R	TPEA	TPEA-SG		1979-03-01		Segovia	EA1			0	0	1		281
R	TPEA	TPEA-SO		1979-03-01		Soria	EA1			0	0	1		281
R	TPEA	TPEA-SS		1979-03-01		Guipuzcoa	EA2			0	0	1		281
R	TPEA	TPEA-T		1979-03-01		Tarragona	EA3			0	0	1		281
R	TPEA	TPEA-TE		1979-03-01		Teruel	EA2			0	0	1		281
R	TPEA	TPEA-TF		1979-03-01		Santa Cruz de Tenerife	EA8			0	0	1		29
R	TPEA	TPEA-TO		1979-03-01		Toledo	EA4			0	0	1		281
R	TPEA	TPEA-V		1979-03-01		Valencia	EA5			0	0	1		281
R	TPEA	TPEA-VA		1979-03-01		Valladolid	EA1			0	0	1		281
R	TPEA	TPEA-VI		1979-03-01		Alava	EA2			0	0	1		281
R	TPEA	TPEA-Z		1979-03-01		Zaragoza	EA2			0	0	1		281
R	TPEA	TPEA-ZA		1979-03-01		Zamora	EA1			0	0	1		281
