# Referencias del diploma W21M. Generado; no se edita a mano.
R	W21M	005		1955-01-01		Aland Is	OH0			0	0	1		5
R	W21M	007		1955-01-01		Albania	ZA			0	0	1		7
R	W21M	126		1955-01-01		Kaliningrad	UA2			0	0	1		126
R	W21M	145		1955-01-01		Latvia	YL			0	0	1		145
R	W21M	146		1955-01-01		Lithuania	LY			0	0	1		146
R	W21M	224		1955-01-01		Finland	OH			0	0	1		224
R	W21M	236		1955-01-01		Greece	SV			0	0	1		236
R	W21M	239		1955-01-01		Hungary	HA			0	0	1		239
R	W21M	259		1955-01-01		Svalbard	JW			0	0	1		259
R	W21M	266		1955-01-01		Norway	LA			0	0	1		266
R	W21M	269		1955-01-01		Poland	SP			0	0	1		269
R	W21M	275		1955-01-01		Romania	YO			0	0	1		275
R	W21M	284		1955-01-01		Sweden	SM			0	0	1		284
R	W21M	296		1955-01-01		Serbia	YU			0	0	1		296
R	W21M	401		1955-01-01		Angola	D2			0	0	1		401
R	W21M	402		1955-01-01		Botswana	A2			0	0	1		402
R	W21M	408		1955-01-01		Central Africa	TL			0	0	1		408
R	W21M	410		1955-01-01		Chad	TT			0	0	1		410
R	W21M	414		1955-01-01		Dem.Rep. of Congo	9Q			0	0	1		414
R	W21M	436		1955-01-01		Libya	5A			0	0	1		436
R	W21M	462		1955-01-01		South Africa	ZS			0	0	1		462
R	W21M	464		1955-01-01		Namibia	V5			0	0	1		464
R	W21M	502		1955-01-01		North Macedonia	Z3			0	0	1		502
R	W21M	504		1955-01-01		Slovak Republic	OM			0	0	1		504
