# Referencias del diploma WABP. Generado; no se edita a mano.
R	WABP	AAA		1995-01-01		Antwerpse Actieve Amateurs	Antwerpen			0	0	1		209
R	WABP	ACC		1995-01-01		Antwerpse Contest Club	Antwerpen			0	0	1		209
R	WABP	ALT		1995-01-01		Radioamateurs Aalter	Oost-Vlaanderen			0	0	1		209
R	WABP	ARA		1995-01-01		Actieve Radio Amateurs	Antwerpen			0	0	1		209
R	WABP	ARC		1995-01-01		Amateur Radio Club Of Brussels	Brussels			0	0	1		209
R	WABP	ATH		1995-01-01		Radio Club De Ath	Hainaut			0	0	1		209
R	WABP	ATO		1995-01-01		Tienen	Vlaams Brabant			0	0	1		209
R	WABP	BDX		1995-01-01		Brussels DX Team	Brussels			0	0	1		209
R	WABP	BLW		1995-01-01		Brussel West	Brussels			0	0	1		209
R	WABP	BRC		1995-01-01		Bell Radio Club	Brussels			0	0	1		209
R	WABP	BSE		1995-01-01		Brabant Sud-Est	Brabant Wallon			0	0	1		209
R	WABP	BTS		1995-01-01		Brabant Sud	Brabant Wallon			0	0	1		209
R	WABP	BXE		1995-01-01		Bruxelles Est	Brussels			0	0	1		209
R	WABP	CDZ		1995-01-01		Ciney Beauraing Rochefort	Namur			0	0	1		209
R	WABP	CLR		1995-01-01		Charleroi	Hainaut			0	0	1		209
R	WABP	CPN		1995-01-01		Charleroi Pays Noir	Hainaut			0	0	1		209
R	WABP	CRD		1995-01-01		Club Radioamateur De Durnal	Namur			0	0	1		209
R	WABP	DNZ		1995-01-01		Deinze	Oost-Vlaanderen			0	0	1		209
R	WABP	DRC		1995-01-01		Dendermonde	Oost-Vlaanderen			0	0	1		209
R	WABP	DST		1995-01-01		Diest	Vlaams Brabant			0	0	1		209
R	WABP	EKO		1995-01-01		Meetjeslandse Radioamateurs	Oost-Vlaanderen			0	0	1		209
R	WABP	ERA		1995-01-01		Eeklose Radioamateurs	Oost-Vlaanderen			0	0	1		209
R	WABP	GBN		1995-01-01		Geraardsbergen	Oost-Vlaanderen			0	0	1		209
R	WABP	GBX		1995-01-01		Gembloux	Namur			0	0	1		209
R	WABP	GDV		1995-01-01		Gang De Verviers	Liêge			0	0	1		209
R	WABP	GNT		1995-01-01		Gent	Oost-Vlaanderen			0	0	1		209
R	WABP	GTM		1995-01-01		Grensloze Transmissie	Vlaams Brabant			0	0	1		209
R	WABP	HAC		1995-01-01		Hasselt	Limburg			0	0	1		209
R	WABP	HCC		1995-01-01		Haaglandse Contest Club	Vlaams Brabant			0	0	1		209
R	WABP	HOB		1995-01-01		Heist-op-den-Berg	Antwerpen			0	0	1		209
R	WABP	HRT		1995-01-01		Herentals	Antwerpen			0	0	1		209
R	WABP	IPR		1995-01-01		Ieper	West-Vlaanderen			0	0	1		209
R	WABP	KSD		1995-01-01		Koksijde	West-Vlaanderen			0	0	1		209
R	WABP	KTK		1995-01-01		Kortrijk	West-Vlaanderen			0	0	1		209
R	WABP	LGE		1995-01-01		Liege	Liêge			0	0	1		209
R	WABP	LIR		1995-01-01		Lierse Radioamateurs	Antwerpen			0	0	1		209
R	WABP	LLV		1995-01-01		La Louviere	Hainaut			0	0	1		209
R	WABP	LUS		1995-01-01		Luxembourg Sud	Luxembourg			0	0	1		209
R	WABP	LVN		1995-01-01		Leuven	Vlaams Brabant			0	0	1		209
R	WABP	MCL		1995-01-01		Mechelen	Antwerpen			0	0	1		209
R	WABP	MLB		1995-01-01		Midden Limburg	Limburg			0	0	1		209
R	WABP	MNS		1995-01-01		Mons	Hainaut			0	0	1		209
R	WABP	MTT		1995-01-01		Mol-Turnhout	Antwerpen			0	0	1		209
R	WABP	MWV		1995-01-01		Midden West-Vlaanderen	West-Vlaanderen			0	0	1		209
R	WABP	NBT		1995-01-01		Noord Brabant	Vlaams Brabant			0	0	1		209
R	WABP	NLB		1995-01-01		Noord Limburg	Limburg			0	0	1		209
R	WABP	NMR		1995-01-01		Namur	Namur			0	0	1		209
R	WABP	NNV		1995-01-01		Ninove	Oost-Vlaanderen			0	0	1		209
R	WABP	NOK		1995-01-01		Noorderkempen	Antwerpen			0	0	1		209
R	WABP	NOL		1995-01-01		Noord-Oost Limburg	Limburg			0	0	1		209
R	WABP	OBR		1995-01-01		Oost Brabantse Radioamateurs	Vlaams Brabant			0	0	1		209
R	WABP	ODE		1995-01-01		Oudenaarde	Oost-Vlaanderen			0	0	1		209
R	WABP	ONZ		1995-01-01		Oosthoek	West-Vlaanderen			0	0	1		209
R	WABP	ORA		1995-01-01		Opwijkse Radio Amateurs	Vlaams Brabant			0	0	1		209
R	WABP	OSA		1995-01-01		Antwerpen	Antwerpen			0	0	1		209
R	WABP	OSB		1995-01-01		Brugge	West-Vlaanderen			0	0	1		209
R	WABP	OST		1995-01-01		Oostende	West-Vlaanderen			0	0	1		209
R	WABP	PHI		1995-01-01		Section Radio De Philippeville	Namur			0	0	1		209
R	WABP	RAC		1995-01-01		Radio Amateurs Club	Brabant Wallon			0	0	1		209
R	WABP	RAF		1995-01-01		Radio Club Ardenne-Famenne	Luxembourg			0	0	1		209
R	WABP	RAM		1995-01-01		Radio Amateurs Mouscronnois	Hainaut			0	0	1		209
R	WABP	RAT		1995-01-01		Radio Amateur Team	Antwerpen			0	0	1		209
R	WABP	RBO		1995-01-01		Eupen	Liêge			0	0	1		209
R	WABP	RCA		1995-01-01		Radio Club Ardenne-Famenne	Luxembourg			0	0	1		209
R	WABP	RCN		1995-01-01		Radio Club Noord	Oost-Vlaanderen			0	0	1		209
R	WABP	REM		1995-01-01		Radioamateurs Erpe-Mere	Oost-Vlaanderen			0	0	1		209
R	WABP	RST		1995-01-01		Sint-Truiden	Limburg			0	0	1		209
R	WABP	RSX		1995-01-01		Ronse	Oost-Vlaanderen			0	0	1		209
R	WABP	SNW		1995-01-01		Sint-Niklaas	Oost-Vlaanderen			0	0	1		209
R	WABP	TLS		1995-01-01		Tussen Leie en Schelde	Oost-Vlaanderen			0	0	1		209
R	WABP	TOR		1995-01-01		Tournai	Hainaut			0	0	1		209
R	WABP	TRA		1995-01-01		Torhoutse Radio Amateurs	West-Vlaanderen			0	0	1		209
R	WABP	TRC		1995-01-01		Trudo Radioamateurs Club	Limburg			0	0	1		209
R	WABP	TWS		1995-01-01		Together We're Strong	Hainaut			0	0	1		209
R	WABP	UBA		1995-01-01		UBA National Clubstations	Brussels			0	0	1		209
R	WABP	VHF		1995-01-01		Antwerpen VHF	Antwerpen			0	0	1		209
R	WABP	WLD		1995-01-01		Waasland	Oost-Vlaanderen			0	0	1		209
R	WABP	WRA		1995-01-01		Wortegemse Radioamateurs	Oost-Vlaanderen			0	0	1		209
R	WABP	WRC		1995-01-01		West-Vlaamse Radio Club	West-Vlaanderen			0	0	1		209
R	WABP	WTO		1995-01-01		Waterloo	Brabant Wallon			0	0	1		209
R	WABP	ZLB		1995-01-01		Zuid Limburg	Limburg			0	0	1		209
R	WABP	ZLZ		1995-01-01		Zelzate	Oost-Vlaanderen			0	0	1		209
R	WABP	ZOV		1995-01-01		Zuid Oost Vlaanderen	Oost-Vlaanderen			0	0	1		209
R	WABP	ZTM		1995-01-01		Zottegem	Oost-Vlaanderen			0	0	1		209
