# Referencias del diploma WAE. Generado; no se edita a mano.
R	WAE	106		1900-01-01		Guernsey, Alderney	GU			0	0	1		106
R	WAE	114		1900-01-01		Isle of Man	GD			0	0	1		114
R	WAE	117		1900-01-01		ITU HQ Geneva	4U1I			0	0	1		117
R	WAE	118		1900-01-01		Jan Mayen	JX			0	0	1		118
R	WAE	122		1900-01-01		Jersey	GJ			0	0	1		122
R	WAE	126		1900-01-01		Kaliningrad	UA2			0	0	1		126
R	WAE	128		1900-01-01	1960-06-30	Karelo Finish Republic	UN1			0	0	0		128
R	WAE	145		1900-01-01		Latvia	YL			0	0	1		145
R	WAE	146		1900-01-01		Lithuania	LY			0	0	1		146
R	WAE	149		1900-01-01		Azores	CU			0	0	1		149
R	WAE	151		1900-01-01	2012-02-17	Malyj Vysotskij Island	R1MV			0	0	0		151
R	WAE	167		1900-01-01		Market Reef	OJ0			0	0	1		167
R	WAE	179		1900-01-01		Moldova	ER			0	0	1		179
R	WAE	180		1900-01-01		Mount Athos	SV/A			0	0	1		180
R	WAE	203		1900-01-01		Andorra	C3			0	0	1		203
R	WAE	206		1900-01-01		Austria	OE			0	0	1		206
R	WAE	209		1900-01-01		Belgium	ON			0	0	1		209
R	WAE	21		1900-01-01		Balearic Islands	EA			0	0	1		21
R	WAE	210		1947-11-08	1957-03-31	Saarland	9S4			0	0	0		210
R	WAE	212		1900-01-01		Bulgaria	LZ			0	0	1		212
R	WAE	214		1900-01-01		Corsica	TK			0	0	1		214
R	WAE	218		1900-01-01	1992-12-31	Czechoslovakia	OK			0	0	0		218
R	WAE	221		1900-01-01		Denmark	OZ			0	0	1		221
R	WAE	222		1900-01-01		Faroe Islands	OY			0	0	1		222
R	WAE	223		1900-01-01		England	G			0	0	1		223
R	WAE	224		1900-01-01		Finland	OH			0	0	1		224
R	WAE	225		1900-01-01		Sardinia	IS			0	0	1		225
R	WAE	227		1900-01-01		France	F			0	0	1		227
R	WAE	229		1900-01-01	1973-09-17	German Democratic Republic	Y2			0	0	0		229
R	WAE	230		1973-09-17		Germany	DL			0	0	1		230
R	WAE	233		1900-01-01		Gibraltar	ZB			0	0	1		233
R	WAE	236		1900-01-01		Greece	SV			0	0	1		236
R	WAE	239		1900-01-01		Hungary	HA			0	0	1		239
R	WAE	242		1900-01-01		Iceland	TF			0	0	1		242
R	WAE	245		1900-01-01		Ireland	EI			0	0	1		245
R	WAE	246		1900-01-01		Sovereign Military Order of NMalta	1A			0	0	1		246
R	WAE	248		1900-01-01		Italy	I			0	0	1		248
R	WAE	251		1900-01-01		Liechtenstein	HB0			0	0	1		251
R	WAE	254		1900-01-01		Luxembourg	LX			0	0	1		254
R	WAE	257		1900-01-01		Malta	9H			0	0	1		257
R	WAE	259		1900-01-01		Svalbard	JW			0	0	1		259
R	WAE	260		1900-01-01		Monaco	3A			0	0	1		260
R	WAE	263		1900-01-01		Netherlands	PA			0	0	1		263
R	WAE	265		1900-01-01		Northern Ireland	GI			0	0	1		265
R	WAE	266		1900-01-01		Norway	LA			0	0	1		266
R	WAE	269		1900-01-01		Poland	SP			0	0	1		269
R	WAE	27		1900-01-01		Belarus	EU			0	0	1		27
R	WAE	271		1900-01-01	1957-03-31	Triest	I1			0	0	0		271
R	WAE	272		1900-01-01		Portugal	CT			0	0	1		272
R	WAE	275		1900-01-01		Romania	YO			0	0	1		275
R	WAE	278		1900-01-01		San Marino	T7			0	0	1		278
R	WAE	279		1900-01-01		Scotland	GM			0	0	1		279
R	WAE	281		1900-01-01		Spain	EA			0	0	1		281
R	WAE	284		1900-01-01		Sweden	SM			0	0	1		284
R	WAE	287		1900-01-01		Switzerland	HB9			0	0	1		287
R	WAE	288		1900-01-01		Ukraine	UR			0	0	1		288
R	WAE	294		1900-01-01		Wales	GW			0	0	1		294
R	WAE	295		1900-01-01		Vatican City	HV			0	0	1		295
R	WAE	296		1900-01-01		Serbia	YU			0	0	1		296
R	WAE	40		1900-01-01		Crete	SV9			0	0	1		40
R	WAE	45		1900-01-01		Dodecanese	SV5			0	0	1		45
R	WAE	497		1900-01-01		Croatia	9A			0	0	1		497
R	WAE	499		1900-01-01		Slovenia	S5			0	0	1		499
R	WAE	4U1V		1900-01-01		UN Vienna International Center	OE			0	0	1		206
R	WAE	5		1900-01-01		Aland Islands	OH0			0	0	1		5
R	WAE	501		1991-10-10		Bosnia & Herzegovina	E7			0	0	1		501
R	WAE	502		1991-09-08		Northern Macedonia	Z3			0	0	1		502
R	WAE	503		1993-01-01		Czech Republic	OK			0	0	1		503
R	WAE	504		1993-01-01		Slovak Republic	OM			0	0	1		504
R	WAE	514		2006-06-28		Montenegro	4O			0	0	1		514
R	WAE	52		1900-01-01		Estonia	ES			0	0	1		52
R	WAE	522		2008-02-17		Rep. of Kosovo	Z6			0	0	1		522
R	WAE	54		1900-01-01		European Russia	UA			0	0	1		54
R	WAE	61		1900-01-01		Franz Josef Land	R1FJ			0	0	1		61
R	WAE	7		1900-01-01		Albania	ZA			0	0	1		7
R	WAE	81		1900-01-01	1973-09-16	Germany	DL			0	0	0		81
R	WAE	GM/S		1900-01-01		Shetland Islands	GM			0	0	1		279
R	WAE	IT9		1900-01-01		Sicily	I			0	0	1		248
R	WAE	JW/B		1900-01-01		Bear Island	JW			0	0	1		259
R	WAE	TA1		1900-01-01		Turkey (European Part)	TA1			0	0	1		390
