# Referencias del diploma WAEIC. Generado; no se edita a mano.
R	WAEIC	CARLOW		1900-01-01						0	0	1		245
R	WAEIC	CAVAN		1900-01-01						0	0	1		245
R	WAEIC	CLARE		1900-01-01						0	0	1		245
R	WAEIC	CORK		1900-01-01						0	0	1		245
R	WAEIC	DONEGAL		1900-01-01						0	0	1		245
R	WAEIC	DUBLIN		1900-01-01						0	0	1		245
R	WAEIC	GALWAY		1900-01-01						0	0	1		245
R	WAEIC	KERRY		1900-01-01						0	0	1		245
R	WAEIC	KILDARE		1900-01-01						0	0	1		245
R	WAEIC	KILKENNY		1900-01-01						0	0	1		245
R	WAEIC	LAOIS		1900-01-01						0	0	1		245
R	WAEIC	LEITRIM		1900-01-01						0	0	1		245
R	WAEIC	LIMERICK		1900-01-01						0	0	1		245
R	WAEIC	LONGFORD		1900-01-01						0	0	1		245
R	WAEIC	LOUTH		1900-01-01						0	0	1		245
R	WAEIC	MAYO		1900-01-01						0	0	1		245
R	WAEIC	MEATH		1900-01-01						0	0	1		245
R	WAEIC	MONAGHAN		1900-01-01						0	0	1		245
R	WAEIC	OFFALY		1900-01-01						0	0	1		245
R	WAEIC	ROSCOMMON		1900-01-01						0	0	1		245
R	WAEIC	SLIGO		1900-01-01						0	0	1		245
R	WAEIC	TIPPERARY		1900-01-01						0	0	1		245
R	WAEIC	WATERFORD		1900-01-01						0	0	1		245
R	WAEIC	WESTMEATH		1900-01-01						0	0	1		245
R	WAEIC	WEXFORD		1900-01-01						0	0	1		245
R	WAEIC	WICKLOW		1900-01-01						0	0	1		245
