# Referencias del diploma WAI. Generado; no se edita a mano.
R	WAI	B60-DONEGAL		1995-05-01		Donegal				0	0	1		245,265
R	WAI	B61-DONEGAL		1995-05-01		Donegal				0	0	1		245,265
R	WAI	B62-DONEGAL		1995-05-01		Donegal				0	0	1		245,265
R	WAI	B70-DONEGAL		1995-05-01		Donegal				0	0	1		245,265
R	WAI	B71-DONEGAL		1995-05-01		Donegal				0	0	1		245,265
R	WAI	B72-DONEGAL		1995-05-01		Donegal				0	0	1		245,265
R	WAI	B73-DONEGAL		1995-05-01		Donegal				0	0	1		245,265
R	WAI	B80-DONEGAL		1995-05-01		Donegal				0	0	1		245,265
R	WAI	B81-DONEGAL		1995-05-01		Donegal				0	0	1		245,265
R	WAI	B82-DONEGAL		1995-05-01		Donegal				0	0	1		245,265
R	WAI	B83-DONEGAL		1995-05-01		Donegal				0	0	1		245,265
R	WAI	B84-DONEGAL		1995-05-01		Donegal				0	0	1		245,265
R	WAI	B90-DONEGAL		1995-05-01		Donegal				0	0	1		245,265
R	WAI	B91-DONEGAL		1995-05-01		Donegal				0	0	1		245,265
R	WAI	B92-DONEGAL		1995-05-01		Donegal				0	0	1		245,265
R	WAI	B93-DONEGAL		1995-05-01		Donegal				0	0	1		245,265
R	WAI	B94-DONEGAL		1995-05-01		Donegal				0	0	1		245,265
R	WAI	C00-DONEGAL		1995-05-01		Donegal				0	0	1		245,265
R	WAI	C01-DONEGAL		1995-05-01		Donegal				0	0	1		245,265
R	WAI	C02-DONEGAL		1995-05-01		Donegal				0	0	1		245,265
R	WAI	C03-DONEGAL		1995-05-01		Donegal				0	0	1		245,265
R	WAI	C04-DONEGAL		1995-05-01		Donegal				0	0	1		245,265
R	WAI	C10-DONEGAL		1995-05-01		Donegal				0	0	1		245,265
R	WAI	C11-DONEGAL		1995-05-01		Donegal				0	0	1		245,265
R	WAI	C12-DONEGAL		1995-05-01		Donegal				0	0	1		245,265
R	WAI	C13-DONEGAL		1995-05-01		Donegal				0	0	1		245,265
R	WAI	C14-DONEGAL		1995-05-01		Donegal				0	0	1		245,265
R	WAI	C20-DONEGAL		1995-05-01		Donegal				0	0	1		245,265
R	WAI	C21-DONEGAL		1995-05-01		Donegal				0	0	1		245,265
R	WAI	C22-DONEGAL		1995-05-01		Donegal				0	0	1		245,265
R	WAI	C23-DONEGAL		1995-05-01		Donegal				0	0	1		245,265
R	WAI	C24-DONEGAL		1995-05-01		Donegal				0	0	1		245,265
R	WAI	C30-DONEGAL		1995-05-01		Donegal				0	0	1		245,265
R	WAI	C30-TYRONE		1995-05-01		Tyrone				0	0	1		245,265
R	WAI	C31-DERRY		1995-05-01		Derry				0	0	1		245,265
R	WAI	C31-DONEGAL		1995-05-01		Donegal				0	0	1		245,265
R	WAI	C31-TYRONE		1995-05-01		Tyrone				0	0	1		245,265
R	WAI	C32-DERRY		1995-05-01		Derry				0	0	1		245,265
R	WAI	C32-DONEGAL		1995-05-01		Donegal				0	0	1		245,265
R	WAI	C33-DONEGAL		1995-05-01		Donegal				0	0	1		245,265
R	WAI	C34-DONEGAL		1995-05-01		Donegal				0	0	1		245,265
R	WAI	C35-DONEGAL		1995-05-01		Donegal				0	0	1		245,265
R	WAI	C40-DERRY		1995-05-01		Derry				0	0	1		245,265
R	WAI	C40-TYRONE		1995-05-01		Tyrone				0	0	1		245,265
R	WAI	C41-DERRY		1995-05-01		Derry				0	0	1		245,265
R	WAI	C42-DERRY		1995-05-01		Derry				0	0	1		245,265
R	WAI	C42-DONEGAL		1995-05-01		Donegal				0	0	1		245,265
R	WAI	C43-DONEGAL		1995-05-01		Donegal				0	0	1		245,265
R	WAI	C44-DONEGAL		1995-05-01		Donegal				0	0	1		245,265
R	WAI	C45-DONEGAL		1995-05-01		Donegal				0	0	1		245,265
R	WAI	C46-DONEGAL		1995-05-01		Donegal				0	0	1		245,265
R	WAI	C50-DERRY		1995-05-01		Derry				0	0	1		245,265
R	WAI	C50-TYRONE		1995-05-01		Tyrone				0	0	1		245,265
R	WAI	C51-DERRY		1995-05-01		Derry				0	0	1		245,265
R	WAI	C52-DERRY		1995-05-01		Derry				0	0	1		245,265
R	WAI	C52-DONEGAL		1995-05-01		Donegal				0	0	1		245,265
R	WAI	C53-DONEGAL		1995-05-01		Donegal				0	0	1		245,265
R	WAI	C54-DONEGAL		1995-05-01		Donegal				0	0	1		245,265
R	WAI	C55-DONEGAL		1995-05-01		Donegal				0	0	1		245,265
R	WAI	C60-DERRY		1995-05-01		Derry				0	0	1		245,265
R	WAI	C61-DERRY		1995-05-01		Derry				0	0	1		245,265
R	WAI	C62-DERRY		1995-05-01		Derry				0	0	1		245,265
R	WAI	C63-DERRY		1995-05-01		Derry				0	0	1		245,265
R	WAI	C63-DONEGAL		1995-05-01		Donegal				0	0	1		245,265
R	WAI	C64-DONEGAL		1995-05-01		Donegal				0	0	1		245,265
R	WAI	C70-DERRY		1995-05-01		Derry				0	0	1		245,265
R	WAI	C71-DERRY		1995-05-01		Derry				0	0	1		245,265
R	WAI	C72-DERRY		1995-05-01		Derry				0	0	1		245,265
R	WAI	C73-DERRY		1995-05-01		Derry				0	0	1		245,265
R	WAI	C80-DERRY		1995-05-01		Derry				0	0	1		245,265
R	WAI	C81-DERRY		1995-05-01		Derry				0	0	1		245,265
R	WAI	C82-ANTRIM		1995-05-01		Antrim				0	0	1		245,265
R	WAI	C82-DERRY		1995-05-01		Derry				0	0	1		245,265
R	WAI	C83-ANTRIM		1995-05-01		Antrim				0	0	1		245,265
R	WAI	C83-DERRY		1995-05-01		Derry				0	0	1		245,265
R	WAI	C84-ANTRIM		1995-05-01		Antrim				0	0	1		245,265
R	WAI	C90-ANTRIM		1995-05-01		Antrim				0	0	1		245,265
R	WAI	C90-DERRY		1995-05-01		Derry				0	0	1		245,265
R	WAI	C91-ANTRIM		1995-05-01		Antrim				0	0	1		245,265
R	WAI	C91-DERRY		1995-05-01		Derry				0	0	1		245,265
R	WAI	C92-ANTRIM		1995-05-01		Antrim				0	0	1		245,265
R	WAI	C92-DERRY		1995-05-01		Derry				0	0	1		245,265
R	WAI	C93-ANTRIM		1995-05-01		Antrim				0	0	1		245,265
R	WAI	C93-DERRY		1995-05-01		Derry				0	0	1		245,265
R	WAI	C94-ANTRIM		1995-05-01		Antrim				0	0	1		245,265
R	WAI	D00-ANTRIM		1995-05-01		Antrim				0	0	1		245,265
R	WAI	D01-ANTRIM		1995-05-01		Antrim				0	0	1		245,265
R	WAI	D02-ANTRIM		1995-05-01		Antrim				0	0	1		245,265
R	WAI	D03-ANTRIM		1995-05-01		Antrim				0	0	1		245,265
R	WAI	D04-ANTRIM		1995-05-01		Antrim				0	0	1		245,265
R	WAI	D05-ANTRIM		1995-05-01		Antrim				0	0	1		245,265
R	WAI	D10-ANTRIM		1995-05-01		Antrim				0	0	1		245,265
R	WAI	D11-ANTRIM		1995-05-01		Antrim				0	0	1		245,265
R	WAI	D12-ANTRIM		1995-05-01		Antrim				0	0	1		245,265
R	WAI	D13-ANTRIM		1995-05-01		Antrim				0	0	1		245,265
R	WAI	D14-ANTRIM		1995-05-01		Antrim				0	0	1		245,265
R	WAI	D15-ANTRIM		1995-05-01		Antrim				0	0	1		245,265
R	WAI	D20-ANTRIM		1995-05-01		Antrim				0	0	1		245,265
R	WAI	D21-ANTRIM		1995-05-01		Antrim				0	0	1		245,265
R	WAI	D22-ANTRIM		1995-05-01		Antrim				0	0	1		245,265
R	WAI	D23-ANTRIM		1995-05-01		Antrim				0	0	1		245,265
R	WAI	D24-ANTRIM		1995-05-01		Antrim				0	0	1		245,265
R	WAI	D30-ANTRIM		1995-05-01		Antrim				0	0	1		245,265
R	WAI	D31-ANTRIM		1995-05-01		Antrim				0	0	1		245,265
R	WAI	D32-ANTRIM		1995-05-01		Antrim				0	0	1		245,265
R	WAI	D40-ANTRIM		1995-05-01		Antrim				0	0	1		245,265
R	WAI	D41-ANTRIM		1995-05-01		Antrim				0	0	1		245,265
R	WAI	F41-MAYO		1995-05-01		Mayo				0	0	1		245,265
R	WAI	F50-MAYO		1995-05-01		Mayo				0	0	1		245,265
R	WAI	F51-MAYO		1995-05-01		Mayo				0	0	1		245,265
R	WAI	F52-MAYO		1995-05-01		Mayo				0	0	1		245,265
R	WAI	F60-MAYO		1995-05-01		Mayo				0	0	1		245,265
R	WAI	F61-MAYO		1995-05-01		Mayo				0	0	1		245,265
R	WAI	F62-MAYO		1995-05-01		Mayo				0	0	1		245,265
R	WAI	F63-MAYO		1995-05-01		Mayo				0	0	1		245,265
R	WAI	F64-MAYO		1995-05-01		Mayo				0	0	1		245,265
R	WAI	F70-MAYO		1995-05-01		Mayo				0	0	1		245,265
R	WAI	F71-MAYO		1995-05-01		Mayo				0	0	1		245,265
R	WAI	F72-MAYO		1995-05-01		Mayo				0	0	1		245,265
R	WAI	F73-MAYO		1995-05-01		Mayo				0	0	1		245,265
R	WAI	F74-MAYO		1995-05-01		Mayo				0	0	1		245,265
R	WAI	F80-MAYO		1995-05-01		Mayo				0	0	1		245,265
R	WAI	F81-MAYO		1995-05-01		Mayo				0	0	1		245,265
R	WAI	F82-MAYO		1995-05-01		Mayo				0	0	1		245,265
R	WAI	F83-MAYO		1995-05-01		Mayo				0	0	1		245,265
R	WAI	F84-MAYO		1995-05-01		Mayo				0	0	1		245,265
R	WAI	F90-MAYO		1995-05-01		Mayo				0	0	1		245,265
R	WAI	F91-MAYO		1995-05-01		Mayo				0	0	1		245,265
R	WAI	F92-MAYO		1995-05-01		Mayo				0	0	1		245,265
R	WAI	F93-MAYO		1995-05-01		Mayo				0	0	1		245,265
R	WAI	F94-MAYO		1995-05-01		Mayo				0	0	1		245,265
R	WAI	G00-MAYO		1995-05-01		Mayo				0	0	1		245,265
R	WAI	G01-MAYO		1995-05-01		Mayo				0	0	1		245,265
R	WAI	G02-MAYO		1995-05-01		Mayo				0	0	1		245,265
R	WAI	G03-MAYO		1995-05-01		Mayo				0	0	1		245,265
R	WAI	G04-MAYO		1995-05-01		Mayo				0	0	1		245,265
R	WAI	G10-MAYO		1995-05-01		Mayo				0	0	1		245,265
R	WAI	G11-MAYO		1995-05-01		Mayo				0	0	1		245,265
R	WAI	G12-MAYO		1995-05-01		Mayo				0	0	1		245,265
R	WAI	G13-MAYO		1995-05-01		Mayo				0	0	1		245,265
R	WAI	G14-MAYO		1995-05-01		Mayo				0	0	1		245,265
R	WAI	G20-MAYO		1995-05-01		Mayo				0	0	1		245,265
R	WAI	G21-MAYO		1995-05-01		Mayo				0	0	1		245,265
R	WAI	G22-MAYO		1995-05-01		Mayo				0	0	1		245,265
R	WAI	G22-SLIGO		1995-05-01		Sligo				0	0	1		245,265
R	WAI	G23-MAYO		1995-05-01		Mayo				0	0	1		245,265
R	WAI	G23-SLIGO		1995-05-01		Sligo				0	0	1		245,265
R	WAI	G30-MAYO		1995-05-01		Mayo				0	0	1		245,265
R	WAI	G30-SLIGO		1995-05-01		Sligo				0	0	1		245,265
R	WAI	G31-MAYO		1995-05-01		Mayo				0	0	1		245,265
R	WAI	G31-SLIGO		1995-05-01		Sligo				0	0	1		245,265
R	WAI	G32-MAYO		1995-05-01		Mayo				0	0	1		245,265
R	WAI	G32-SLIGO		1995-05-01		Sligo				0	0	1		245,265
R	WAI	G33-SLIGO		1995-05-01		Sligo				0	0	1		245,265
R	WAI	G40-MAYO		1995-05-01		Mayo				0	0	1		245,265
R	WAI	G40-SLIGO		1995-05-01		Sligo				0	0	1		245,265
R	WAI	G41-MAYO		1995-05-01		Mayo				0	0	1		245,265
R	WAI	G41-SLIGO		1995-05-01		Sligo				0	0	1		245,265
R	WAI	G42-SLIGO		1995-05-01		Sligo				0	0	1		245,265
R	WAI	G43-SLIGO		1995-05-01		Sligo				0	0	1		245,265
R	WAI	G47-DONEGAL		1995-05-01		Donegal				0	0	1		245,265
R	WAI	G48-DONEGAL		1995-05-01		Donegal				0	0	1		245,265
R	WAI	G50-MAYO		1995-05-01		Mayo				0	0	1		245,265
R	WAI	G50-ROSCOMM		1995-05-01		Roscommon				0	0	1		245,265
R	WAI	G50-SLIGO		1995-05-01		Sligo				0	0	1		245,265
R	WAI	G51-MAYO		1995-05-01		Mayo				0	0	1		245,265
R	WAI	G51-SLIGO		1995-05-01		Sligo				0	0	1		245,265
R	WAI	G52-SLIGO		1995-05-01		Sligo				0	0	1		245,265
R	WAI	G53-SLIGO		1995-05-01		Sligo				0	0	1		245,265
R	WAI	G54-SLIGO		1995-05-01		Sligo				0	0	1		245,265
R	WAI	G55-SLIGO		1995-05-01		Sligo				0	0	1		245,265
R	WAI	G57-DONEGAL		1995-05-01		Donegal				0	0	1		245,265
R	WAI	G58-DONEGAL		1995-05-01		Donegal				0	0	1		245,265
R	WAI	G59-DONEGAL		1995-05-01		Donegal				0	0	1		245,265
R	WAI	G60-MAYO		1995-05-01		Mayo				0	0	1		245,265
R	WAI	G60-ROSCOMM		1995-05-01		Roscommon				0	0	1		245,265
R	WAI	G60-SLIGO		1995-05-01		Sligo				0	0	1		245,265
R	WAI	G61-SLIGO		1995-05-01		Sligo				0	0	1		245,265
R	WAI	G62-SLIGO		1995-05-01		Sligo				0	0	1		245,265
R	WAI	G63-SLIGO		1995-05-01		Sligo				0	0	1		245,265
R	WAI	G64-SLIGO		1995-05-01		Sligo				0	0	1		245,265
R	WAI	G65-SLIGO		1995-05-01		Sligo				0	0	1		245,265
R	WAI	G67-DONEGAL		1995-05-01		Donegal				0	0	1		245,265
R	WAI	G68-DONEGAL		1995-05-01		Donegal				0	0	1		245,265
R	WAI	G69-DONEGAL		1995-05-01		Donegal				0	0	1		245,265
R	WAI	G70-ROSCOMM		1995-05-01		Roscommon				0	0	1		245,265
R	WAI	G70-SLIGO		1995-05-01		Sligo				0	0	1		245,265
R	WAI	G71-SLIGO		1995-05-01		Sligo				0	0	1		245,265
R	WAI	G72-LEITRIM		1995-05-01		Leitrim				0	0	1		245,265
R	WAI	G72-SLIGO		1995-05-01		Sligo				0	0	1		245,265
R	WAI	G73-LEITRIM		1995-05-01		Leitrim				0	0	1		245,265
R	WAI	G73-SLIGO		1995-05-01		Sligo				0	0	1		245,265
R	WAI	G74-LEITRIM		1995-05-01		Leitrim				0	0	1		245,265
R	WAI	G74-SLIGO		1995-05-01		Sligo				0	0	1		245,265
R	WAI	G75-DONEGAL		1995-05-01		Donegal				0	0	1		245,265
R	WAI	G75-LEITRIM		1995-05-01		Leitrim				0	0	1		245,265
R	WAI	G75-SLIGO		1995-05-01		Sligo				0	0	1		245,265
R	WAI	G76-DONEGAL		1995-05-01		Donegal				0	0	1		245,265
R	WAI	G77-DONEGAL		1995-05-01		Donegal				0	0	1		245,265
R	WAI	G78-DONEGAL		1995-05-01		Donegal				0	0	1		245,265
R	WAI	G79-DONEGAL		1995-05-01		Donegal				0	0	1		245,265
R	WAI	G80-ROSCOMM		1995-05-01		Roscommon				0	0	1		245,265
R	WAI	G80-SLIGO		1995-05-01		Sligo				0	0	1		245,265
R	WAI	G81-LEITRIM		1995-05-01		Leitrim				0	0	1		245,265
R	WAI	G81-ROSCOMM		1995-05-01		Roscommon				0	0	1		245,265
R	WAI	G81-SLIGO		1995-05-01		Sligo				0	0	1		245,265
R	WAI	G82-LEITRIM		1995-05-01		Leitrim				0	0	1		245,265
R	WAI	G82-SLIGO		1995-05-01		Sligo				0	0	1		245,265
R	WAI	G83-LEITRIM		1995-05-01		Leitrim				0	0	1		245,265
R	WAI	G84-LEITRIM		1995-05-01		Leitrim				0	0	1		245,265
R	WAI	G85-DONEGAL		1995-05-01		Donegal				0	0	1		245,265
R	WAI	G85-FERMANA		1995-05-01		Fermanagh				0	0	1		245,265
R	WAI	G85-LEITRIM		1995-05-01		Leitrim				0	0	1		245,265
R	WAI	G86-DONEGAL		1995-05-01		Donegal				0	0	1		245,265
R	WAI	G87-DONEGAL		1995-05-01		Donegal				0	0	1		245,265
R	WAI	G88-DONEGAL		1995-05-01		Donegal				0	0	1		245,265
R	WAI	G89-DONEGAL		1995-05-01		Donegal				0	0	1		245,265
R	WAI	G90-LEITRIM		1995-05-01		Leitrim				0	0	1		245,265
R	WAI	G90-ROSCOMM		1995-05-01		Roscommon				0	0	1		245,265
R	WAI	G91-LEITRIM		1995-05-01		Leitrim				0	0	1		245,265
R	WAI	G91-ROSCOMM		1995-05-01		Roscommon				0	0	1		245,265
R	WAI	G92-CAVAN		1995-05-01		Cavan				0	0	1		245,265
R	WAI	G92-LEITRIM		1995-05-01		Leitrim				0	0	1		245,265
R	WAI	G93-CAVAN		1995-05-01		Cavan				0	0	1		245,265
R	WAI	G93-LEITRIM		1995-05-01		Leitrim				0	0	1		245,265
R	WAI	G94-FERMANA		1995-05-01		Fermanagh				0	0	1		245,265
R	WAI	G94-LEITRIM		1995-05-01		Leitrim				0	0	1		245,265
R	WAI	G95-DONEGAL		1995-05-01		Donegal				0	0	1		245,265
R	WAI	G95-FERMANA		1995-05-01		Fermanagh				0	0	1		245,265
R	WAI	G95-LEITRIM		1995-05-01		Leitrim				0	0	1		245,265
R	WAI	G96-DONEGAL		1995-05-01		Donegal				0	0	1		245,265
R	WAI	G96-FERMANA		1995-05-01		Fermanagh				0	0	1		245,265
R	WAI	G97-DONEGAL		1995-05-01		Donegal				0	0	1		245,265
R	WAI	G98-DONEGAL		1995-05-01		Donegal				0	0	1		245,265
R	WAI	G99-DONEGAL		1995-05-01		Donegal				0	0	1		245,265
R	WAI	H00-LEITRIM		1995-05-01		Leitrim				0	0	1		245,265
R	WAI	H01-CAVAN		1995-05-01		Cavan				0	0	1		245,265
R	WAI	H01-LEITRIM		1995-05-01		Leitrim				0	0	1		245,265
R	WAI	H02-CAVAN		1995-05-01		Cavan				0	0	1		245,265
R	WAI	H02-FERMANA		1995-05-01		Fermanagh				0	0	1		245,265
R	WAI	H02-LEITRIM		1995-05-01		Leitrim				0	0	1		245,265
R	WAI	H03-CAVAN		1995-05-01		Cavan				0	0	1		245,265
R	WAI	H03-FERMANA		1995-05-01		Fermanagh				0	0	1		245,265
R	WAI	H03-LEITRIM		1995-05-01		Leitrim				0	0	1		245,265
R	WAI	H04-FERMANA		1995-05-01		Fermanagh				0	0	1		245,265
R	WAI	H04-LEITRIM		1995-05-01		Leitrim				0	0	1		245,265
R	WAI	H05-FERMANA		1995-05-01		Fermanagh				0	0	1		245,265
R	WAI	H06-DONEGAL		1995-05-01		Donegal				0	0	1		245,265
R	WAI	H06-FERMANA		1995-05-01		Fermanagh				0	0	1		245,265
R	WAI	H07-DONEGAL		1995-05-01		Donegal				0	0	1		245,265
R	WAI	H07-TYRONE		1995-05-01		Tyrone				0	0	1		245,265
R	WAI	H08-DONEGAL		1995-05-01		Donegal				0	0	1		245,265
R	WAI	H08-TYRONE		1995-05-01		Tyrone				0	0	1		245,265
R	WAI	H09-DONEGAL		1995-05-01		Donegal				0	0	1		245,265
R	WAI	H10-LEITRIM		1995-05-01		Leitrim				0	0	1		245,265
R	WAI	H11-CAVAN		1995-05-01		Cavan				0	0	1		245,265
R	WAI	H11-LEITRIM		1995-05-01		Leitrim				0	0	1		245,265
R	WAI	H12-CAVAN		1995-05-01		Cavan				0	0	1		245,265
R	WAI	H12-FERMANA		1995-05-01		Fermanagh				0	0	1		245,265
R	WAI	H13-FERMANA		1995-05-01		Fermanagh				0	0	1		245,265
R	WAI	H14-FERMANA		1995-05-01		Fermanagh				0	0	1		245,265
R	WAI	H15-FERMANA		1995-05-01		Fermanagh				0	0	1		245,265
R	WAI	H16-DONEGAL		1995-05-01		Donegal				0	0	1		245,265
R	WAI	H16-FERMANA		1995-05-01		Fermanagh				0	0	1		245,265
R	WAI	H17-DONEGAL		1995-05-01		Donegal				0	0	1		245,265
R	WAI	H17-FERMANA		1995-05-01		Fermanagh				0	0	1		245,265
R	WAI	H17-TYRONE		1995-05-01		Tyrone				0	0	1		245,265
R	WAI	H18-DONEGAL		1995-05-01		Donegal				0	0	1		245,265
R	WAI	H18-TYRONE		1995-05-01		Tyrone				0	0	1		245,265
R	WAI	H19-DONEGAL		1995-05-01		Donegal				0	0	1		245,265
R	WAI	H20-CAVAN		1995-05-01		Cavan				0	0	1		245,265
R	WAI	H20-LEITRIM		1995-05-01		Leitrim				0	0	1		245,265
R	WAI	H21-CAVAN		1995-05-01		Cavan				0	0	1		245,265
R	WAI	H21-FERMANA		1995-05-01		Fermanagh				0	0	1		245,265
R	WAI	H21-LEITRIM		1995-05-01		Leitrim				0	0	1		245,265
R	WAI	H22-CAVAN		1995-05-01		Cavan				0	0	1		245,265
R	WAI	H22-FERMANA		1995-05-01		Fermanagh				0	0	1		245,265
R	WAI	H23-FERMANA		1995-05-01		Fermanagh				0	0	1		245,265
R	WAI	H24-FERMANA		1995-05-01		Fermanagh				0	0	1		245,265
R	WAI	H25-FERMANA		1995-05-01		Fermanagh				0	0	1		245,265
R	WAI	H25-TYRONE		1995-05-01		Tyrone				0	0	1		245,265
R	WAI	H26-FERMANA		1995-05-01		Fermanagh				0	0	1		245,265
R	WAI	H26-TYRONE		1995-05-01		Tyrone				0	0	1		245,265
R	WAI	H27-FERMANA		1995-05-01		Fermanagh				0	0	1		245,265
R	WAI	H27-TYRONE		1995-05-01		Tyrone				0	0	1		245,265
R	WAI	H28-DONEGAL		1995-05-01		Donegal				0	0	1		245,265
R	WAI	H28-TYRONE		1995-05-01		Tyrone				0	0	1		245,265
R	WAI	H29-DONEGAL		1995-05-01		Donegal				0	0	1		245,265
R	WAI	H29-TYRONE		1995-05-01		Tyrone				0	0	1		245,265
R	WAI	H30-CAVAN		1995-05-01		Cavan				0	0	1		245,265
R	WAI	H31-CAVAN		1995-05-01		Cavan				0	0	1		245,265
R	WAI	H31-FERMANA		1995-05-01		Fermanagh				0	0	1		245,265
R	WAI	H32-CAVAN		1995-05-01		Cavan				0	0	1		245,265
R	WAI	H32-FERMANA		1995-05-01		Fermanagh				0	0	1		245,265
R	WAI	H33-FERMANA		1995-05-01		Fermanagh				0	0	1		245,265
R	WAI	H34-FERMANA		1995-05-01		Fermanagh				0	0	1		245,265
R	WAI	H35-FERMANA		1995-05-01		Fermanagh				0	0	1		245,265
R	WAI	H35-TYRONE		1995-05-01		Tyrone				0	0	1		245,265
R	WAI	H36-FERMANA		1995-05-01		Fermanagh				0	0	1		245,265
R	WAI	H36-TYRONE		1995-05-01		Tyrone				0	0	1		245,265
R	WAI	H37-TYRONE		1995-05-01		Tyrone				0	0	1		245,265
R	WAI	H38-TYRONE		1995-05-01		Tyrone				0	0	1		245,265
R	WAI	H39-DONEGAL		1995-05-01		Donegal				0	0	1		245,265
R	WAI	H39-TYRONE		1995-05-01		Tyrone				0	0	1		245,265
R	WAI	H40-CAVAN		1995-05-01		Cavan				0	0	1		245,265
R	WAI	H41-CAVAN		1995-05-01		Cavan				0	0	1		245,265
R	WAI	H41-FERMANA		1995-05-01		Fermanagh				0	0	1		245,265
R	WAI	H41-MONAGHA		1995-05-01		Monaghan				0	0	1		245,265
R	WAI	H42-CAVAN		1995-05-01		Cavan				0	0	1		245,265
R	WAI	H42-FERMANA		1995-05-01		Fermanagh				0	0	1		245,265
R	WAI	H42-MONAGHA		1995-05-01		Monaghan				0	0	1		245,265
R	WAI	H43-FERMANA		1995-05-01		Fermanagh				0	0	1		245,265
R	WAI	H44-FERMANA		1995-05-01		Fermanagh				0	0	1		245,265
R	WAI	H44-TYRONE		1995-05-01		Tyrone				0	0	1		245,265
R	WAI	H45-FERMANA		1995-05-01		Fermanagh				0	0	1		245,265
R	WAI	H45-TYRONE		1995-05-01		Tyrone				0	0	1		245,265
R	WAI	H46-TYRONE		1995-05-01		Tyrone				0	0	1		245,265
R	WAI	H47-TYRONE		1995-05-01		Tyrone				0	0	1		245,265
R	WAI	H48-TYRONE		1995-05-01		Tyrone				0	0	1		245,265
R	WAI	H49-TYRONE		1995-05-01		Tyrone				0	0	1		245,265
R	WAI	H50-CAVAN		1995-05-01		Cavan				0	0	1		245,265
R	WAI	H51-CAVAN		1995-05-01		Cavan				0	0	1		245,265
R	WAI	H51-MONAGHA		1995-05-01		Monaghan				0	0	1		245,265
R	WAI	H52-FERMANA		1995-05-01		Fermanagh				0	0	1		245,265
R	WAI	H52-MONAGHA		1995-05-01		Monaghan				0	0	1		245,265
R	WAI	H53-FERMANA		1995-05-01		Fermanagh				0	0	1		245,265
R	WAI	H53-MONAGHA		1995-05-01		Monaghan				0	0	1		245,265
R	WAI	H54-FERMANA		1995-05-01		Fermanagh				0	0	1		245,265
R	WAI	H54-MONAGHA		1995-05-01		Monaghan				0	0	1		245,265
R	WAI	H54-TYRONE		1995-05-01		Tyrone				0	0	1		245,265
R	WAI	H55-TYRONE		1995-05-01		Tyrone				0	0	1		245,265
R	WAI	H56-TYRONE		1995-05-01		Tyrone				0	0	1		245,265
R	WAI	H57-TYRONE		1995-05-01		Tyrone				0	0	1		245,265
R	WAI	H58-TYRONE		1995-05-01		Tyrone				0	0	1		245,265
R	WAI	H59-DERRY		1995-05-01		Derry				0	0	1		245,265
R	WAI	H59-TYRONE		1995-05-01		Tyrone				0	0	1		245,265
R	WAI	H60-CAVAN		1995-05-01		Cavan				0	0	1		245,265
R	WAI	H60-MONAGHA		1995-05-01		Monaghan				0	0	1		245,265
R	WAI	H61-CAVAN		1995-05-01		Cavan				0	0	1		245,265
R	WAI	H61-MONAGHA		1995-05-01		Monaghan				0	0	1		245,265
R	WAI	H62-MONAGHA		1995-05-01		Monaghan				0	0	1		245,265
R	WAI	H63-MONAGHA		1995-05-01		Monaghan				0	0	1		245,265
R	WAI	H64-MONAGHA		1995-05-01		Monaghan				0	0	1		245,265
R	WAI	H64-TYRONE		1995-05-01		Tyrone				0	0	1		245,265
R	WAI	H65-MONAGHA		1995-05-01		Monaghan				0	0	1		245,265
R	WAI	H65-TYRONE		1995-05-01		Tyrone				0	0	1		245,265
R	WAI	H66-TYRONE		1995-05-01		Tyrone				0	0	1		245,265
R	WAI	H67-TYRONE		1995-05-01		Tyrone				0	0	1		245,265
R	WAI	H68-DERRY		1995-05-01		Derry				0	0	1		245,265
R	WAI	H68-TYRONE		1995-05-01		Tyrone				0	0	1		245,265
R	WAI	H69-DERRY		1995-05-01		Derry				0	0	1		245,265
R	WAI	H69-TYRONE		1995-05-01		Tyrone				0	0	1		245,265
R	WAI	H70-CAVAN		1995-05-01		Cavan				0	0	1		245,265
R	WAI	H70-MONAGHA		1995-05-01		Monaghan				0	0	1		245,265
R	WAI	H71-MONAGHA		1995-05-01		Monaghan				0	0	1		245,265
R	WAI	H72-ARMAGH		1995-05-01		Armagh				0	0	1		245,265
R	WAI	H72-MONAGHA		1995-05-01		Monaghan				0	0	1		245,265
R	WAI	H73-ARMAGH		1995-05-01		Armagh				0	0	1		245,265
R	WAI	H73-MONAGHA		1995-05-01		Monaghan				0	0	1		245,265
R	WAI	H74-ARMAGH		1995-05-01		Armagh				0	0	1		245,265
R	WAI	H74-MONAGHA		1995-05-01		Monaghan				0	0	1		245,265
R	WAI	H74-TYRONE		1995-05-01		Tyrone				0	0	1		245,265
R	WAI	H75-ARMAGH		1995-05-01		Armagh				0	0	1		245,265
R	WAI	H75-TYRONE		1995-05-01		Tyrone				0	0	1		245,265
R	WAI	H76-TYRONE		1995-05-01		Tyrone				0	0	1		245,265
R	WAI	H77-TYRONE		1995-05-01		Tyrone				0	0	1		245,265
R	WAI	H78-DERRY		1995-05-01		Derry				0	0	1		245,265
R	WAI	H78-TYRONE		1995-05-01		Tyrone				0	0	1		245,265
R	WAI	H79-DERRY		1995-05-01		Derry				0	0	1		245,265
R	WAI	H79-TYRONE		1995-05-01		Tyrone				0	0	1		245,265
R	WAI	H80-LOUTH		1995-05-01		Louth				0	0	1		245,265
R	WAI	H80-MONAGHA		1995-05-01		Monaghan				0	0	1		245,265
R	WAI	H81-ARMAGH		1995-05-01		Armagh				0	0	1		245,265
R	WAI	H81-MONAGHA		1995-05-01		Monaghan				0	0	1		245,265
R	WAI	H82-ARMAGH		1995-05-01		Armagh				0	0	1		245,265
R	WAI	H82-MONAGHA		1995-05-01		Monaghan				0	0	1		245,265
R	WAI	H83-ARMAGH		1995-05-01		Armagh				0	0	1		245,265
R	WAI	H84-ARMAGH		1995-05-01		Armagh				0	0	1		245,265
R	WAI	H85-ARMAGH		1995-05-01		Armagh				0	0	1		245,265
R	WAI	H86-ARMAGH		1995-05-01		Armagh				0	0	1		245,265
R	WAI	H87-DERRY		1995-05-01		Derry				0	0	1		245,265
R	WAI	H88-DERRY		1995-05-01		Derry				0	0	1		245,265
R	WAI	H89-DERRY		1995-05-01		Derry				0	0	1		245,265
R	WAI	H90-LOUTH		1995-05-01		Louth				0	0	1		245,265
R	WAI	H90-MONAGHA		1995-05-01		Monaghan				0	0	1		245,265
R	WAI	H91-ARMAGH		1995-05-01		Armagh				0	0	1		245,265
R	WAI	H91-LOUTH		1995-05-01		Louth				0	0	1		245,265
R	WAI	H91-MONAGHA		1995-05-01		Monaghan				0	0	1		245,265
R	WAI	H92-ARMAGH		1995-05-01		Armagh				0	0	1		245,265
R	WAI	H93-ARMAGH		1995-05-01		Armagh				0	0	1		245,265
R	WAI	H94-ARMAGH		1995-05-01		Armagh				0	0	1		245,265
R	WAI	H95-ARMAGH		1995-05-01		Armagh				0	0	1		245,265
R	WAI	H96-ARMAGH		1995-05-01		Armagh				0	0	1		245,265
R	WAI	H96-TYRONE		1995-05-01		Tyrone				0	0	1		245,265
R	WAI	H97-DERRY		1995-05-01		Derry				0	0	1		245,265
R	WAI	H97-TYRONE		1995-05-01		Tyrone				0	0	1		245,265
R	WAI	H98-ANTRIM		1995-05-01		Antrim				0	0	1		245,265
R	WAI	H98-DERRY		1995-05-01		Derry				0	0	1		245,265
R	WAI	H98-TYRONE		1995-05-01		Tyrone				0	0	1		245,265
R	WAI	H99-ANTRIM		1995-05-01		Antrim				0	0	1		245,265
R	WAI	H99-DERRY		1995-05-01		Derry				0	0	1		245,265
R	WAI	J00-LOUTH		1995-05-01		Louth				0	0	1		245,265
R	WAI	J01-ARMAGH		1995-05-01		Armagh				0	0	1		245,265
R	WAI	J01-LOUTH		1995-05-01		Louth				0	0	1		245,265
R	WAI	J02-ARMAGH		1995-05-01		Armagh				0	0	1		245,265
R	WAI	J02-DOWN		1995-05-01		Down				0	0	1		245,265
R	WAI	J03-ARMAGH		1995-05-01		Armagh				0	0	1		245,265
R	WAI	J03-DOWN		1995-05-01		Down				0	0	1		245,265
R	WAI	J04-ARMAGH		1995-05-01		Armagh				0	0	1		245,265
R	WAI	J04-DOWN		1995-05-01		Down				0	0	1		245,265
R	WAI	J05-ARMAGH		1995-05-01		Armagh				0	0	1		245,265
R	WAI	J05-DOWN		1995-05-01		Down				0	0	1		245,265
R	WAI	J06-ANTRIM		1995-05-01		Antrim				0	0	1		245,265
R	WAI	J06-ARMAGH		1995-05-01		Armagh				0	0	1		245,265
R	WAI	J06-DOWN		1995-05-01		Down				0	0	1		245,265
R	WAI	J06-TYRONE		1995-05-01		Tyrone				0	0	1		245,265
R	WAI	J07-ANTRIM		1995-05-01		Antrim				0	0	1		245,265
R	WAI	J07-TYRONE		1995-05-01		Tyrone				0	0	1		245,265
R	WAI	J08-ANTRIM		1995-05-01		Antrim				0	0	1		245,265
R	WAI	J08-TYRONE		1995-05-01		Tyrone				0	0	1		245,265
R	WAI	J09-ANTRIM		1995-05-01		Antrim				0	0	1		245,265
R	WAI	J10-LOUTH		1995-05-01		Louth				0	0	1		245,265
R	WAI	J11-ARMAGH		1995-05-01		Armagh				0	0	1		245,265
R	WAI	J11-DOWN		1995-05-01		Down				0	0	1		245,265
R	WAI	J11-LOUTH		1995-05-01		Louth				0	0	1		245,265
R	WAI	J12-ARMAGH		1995-05-01		Armagh				0	0	1		245,265
R	WAI	J12-DOWN		1995-05-01		Down				0	0	1		245,265
R	WAI	J13-DOWN		1995-05-01		Down				0	0	1		245,265
R	WAI	J14-DOWN		1995-05-01		Down				0	0	1		245,265
R	WAI	J15-ARMAGH		1995-05-01		Armagh				0	0	1		245,265
R	WAI	J15-DOWN		1995-05-01		Down				0	0	1		245,265
R	WAI	J16-ANTRIM		1995-05-01		Antrim				0	0	1		245,265
R	WAI	J16-ARMAGH		1995-05-01		Armagh				0	0	1		245,265
R	WAI	J16-DOWN		1995-05-01		Down				0	0	1		245,265
R	WAI	J17-ANTRIM		1995-05-01		Antrim				0	0	1		245,265
R	WAI	J18-ANTRIM		1995-05-01		Antrim				0	0	1		245,265
R	WAI	J19-ANTRIM		1995-05-01		Antrim				0	0	1		245,265
R	WAI	J20-DOWN		1995-05-01		Down				0	0	1		245,265
R	WAI	J20-LOUTH		1995-05-01		Louth				0	0	1		245,265
R	WAI	J21-DOWN		1995-05-01		Down				0	0	1		245,265
R	WAI	J21-LOUTH		1995-05-01		Louth				0	0	1		245,265
R	WAI	J22-DOWN		1995-05-01		Down				0	0	1		245,265
R	WAI	J23-DOWN		1995-05-01		Down				0	0	1		245,265
R	WAI	J24-DOWN		1995-05-01		Down				0	0	1		245,265
R	WAI	J25-DOWN		1995-05-01		Down				0	0	1		245,265
R	WAI	J26-ANTRIM		1995-05-01		Antrim				0	0	1		245,265
R	WAI	J26-DOWN		1995-05-01		Down				0	0	1		245,265
R	WAI	J27-ANTRIM		1995-05-01		Antrim				0	0	1		245,265
R	WAI	J28-ANTRIM		1995-05-01		Antrim				0	0	1		245,265
R	WAI	J29-ANTRIM		1995-05-01		Antrim				0	0	1		245,265
R	WAI	J31-DOWN		1995-05-01		Down				0	0	1		245,265
R	WAI	J32-DOWN		1995-05-01		Down				0	0	1		245,265
R	WAI	J33-DOWN		1995-05-01		Down				0	0	1		245,265
R	WAI	J34-DOWN		1995-05-01		Down				0	0	1		245,265
R	WAI	J35-DOWN		1995-05-01		Down				0	0	1		245,265
R	WAI	J36-ANTRIM		1995-05-01		Antrim				0	0	1		245,265
R	WAI	J36-DOWN		1995-05-01		Down				0	0	1		245,265
R	WAI	J37-ANTRIM		1995-05-01		Antrim				0	0	1		245,265
R	WAI	J37-DOWN		1995-05-01		Down				0	0	1		245,265
R	WAI	J38-ANTRIM		1995-05-01		Antrim				0	0	1		245,265
R	WAI	J39-ANTRIM		1995-05-01		Antrim				0	0	1		245,265
R	WAI	J43-DOWN		1995-05-01		Down				0	0	1		245,265
R	WAI	J44-DOWN		1995-05-01		Down				0	0	1		245,265
R	WAI	J45-DOWN		1995-05-01		Down				0	0	1		245,265
R	WAI	J46-DOWN		1995-05-01		Down				0	0	1		245,265
R	WAI	J47-DOWN		1995-05-01		Down				0	0	1		245,265
R	WAI	J48-ANTRIM		1995-05-01		Antrim				0	0	1		245,265
R	WAI	J48-DOWN		1995-05-01		Down				0	0	1		245,265
R	WAI	J49-ANTRIM		1995-05-01		Antrim				0	0	1		245,265
R	WAI	J53-DOWN		1995-05-01		Down				0	0	1		245,265
R	WAI	J54-DOWN		1995-05-01		Down				0	0	1		245,265
R	WAI	J55-DOWN		1995-05-01		Down				0	0	1		245,265
R	WAI	J56-DOWN		1995-05-01		Down				0	0	1		245,265
R	WAI	J57-DOWN		1995-05-01		Down				0	0	1		245,265
R	WAI	J58-DOWN		1995-05-01		Down				0	0	1		245,265
R	WAI	J64-DOWN		1995-05-01		Down				0	0	1		245,265
R	WAI	J65-DOWN		1995-05-01		Down				0	0	1		245,265
R	WAI	J66-DOWN		1995-05-01		Down				0	0	1		245,265
R	WAI	J67-DOWN		1995-05-01		Down				0	0	1		245,265
R	WAI	J68-DOWN		1995-05-01		Down				0	0	1		245,265
R	WAI	L46-GALWAY		1995-05-01		Galway				0	0	1		245,265
R	WAI	L53-GALWAY		1995-05-01		Galway				0	0	1		245,265
R	WAI	L54-GALWAY		1995-05-01		Galway				0	0	1		245,265
R	WAI	L55-GALWAY		1995-05-01		Galway				0	0	1		245,265
R	WAI	L56-GALWAY		1995-05-01		Galway				0	0	1		245,265
R	WAI	L57-MAYO		1995-05-01		Mayo				0	0	1		245,265
R	WAI	L59-MAYO		1995-05-01		Mayo				0	0	1		245,265
R	WAI	L62-GALWAY		1995-05-01		Galway				0	0	1		245,265
R	WAI	L63-GALWAY		1995-05-01		Galway				0	0	1		245,265
R	WAI	L64-GALWAY		1995-05-01		Galway				0	0	1		245,265
R	WAI	L65-GALWAY		1995-05-01		Galway				0	0	1		245,265
R	WAI	L66-GALWAY		1995-05-01		Galway				0	0	1		245,265
R	WAI	L67-MAYO		1995-05-01		Mayo				0	0	1		245,265
R	WAI	L68-MAYO		1995-05-01		Mayo				0	0	1		245,265
R	WAI	L69-MAYO		1995-05-01		Mayo				0	0	1		245,265
R	WAI	L71-GALWAY		1995-05-01		Galway				0	0	1		245,265
R	WAI	L72-GALWAY		1995-05-01		Galway				0	0	1		245,265
R	WAI	L73-GALWAY		1995-05-01		Galway				0	0	1		245,265
R	WAI	L74-GALWAY		1995-05-01		Galway				0	0	1		245,265
R	WAI	L75-GALWAY		1995-05-01		Galway				0	0	1		245,265
R	WAI	L76-GALWAY		1995-05-01		Galway				0	0	1		245,265
R	WAI	L76-MAYO		1995-05-01		Mayo				0	0	1		245,265
R	WAI	L77-MAYO		1995-05-01		Mayo				0	0	1		245,265
R	WAI	L78-MAYO		1995-05-01		Mayo				0	0	1		245,265
R	WAI	L79-MAYO		1995-05-01		Mayo				0	0	1		245,265
R	WAI	L80-GALWAY		1995-05-01		Galway				0	0	1		245,265
R	WAI	L81-GALWAY		1995-05-01		Galway				0	0	1		245,265
R	WAI	L82-GALWAY		1995-05-01		Galway				0	0	1		245,265
R	WAI	L83-GALWAY		1995-05-01		Galway				0	0	1		245,265
R	WAI	L84-GALWAY		1995-05-01		Galway				0	0	1		245,265
R	WAI	L85-GALWAY		1995-05-01		Galway				0	0	1		245,265
R	WAI	L86-GALWAY		1995-05-01		Galway				0	0	1		245,265
R	WAI	L86-MAYO		1995-05-01		Mayo				0	0	1		245,265
R	WAI	L87-MAYO		1995-05-01		Mayo				0	0	1		245,265
R	WAI	L88-MAYO		1995-05-01		Mayo				0	0	1		245,265
R	WAI	L89-MAYO		1995-05-01		Mayo				0	0	1		245,265
R	WAI	L90-GALWAY		1995-05-01		Galway				0	0	1		245,265
R	WAI	L92-GALWAY		1995-05-01		Galway				0	0	1		245,265
R	WAI	L93-GALWAY		1995-05-01		Galway				0	0	1		245,265
R	WAI	L94-GALWAY		1995-05-01		Galway				0	0	1		245,265
R	WAI	L95-GALWAY		1995-05-01		Galway				0	0	1		245,265
R	WAI	L95-MAYO		1995-05-01		Mayo				0	0	1		245,265
R	WAI	L96-GALWAY		1995-05-01		Galway				0	0	1		245,265
R	WAI	L96-MAYO		1995-05-01		Mayo				0	0	1		245,265
R	WAI	L97-MAYO		1995-05-01		Mayo				0	0	1		245,265
R	WAI	L98-MAYO		1995-05-01		Mayo				0	0	1		245,265
R	WAI	L99-MAYO		1995-05-01		Mayo				0	0	1		245,265
R	WAI	M00-CLARE		1995-05-01		Clare				0	0	1		245,265
R	WAI	M02-GALWAY		1995-05-01		Galway				0	0	1		245,265
R	WAI	M03-GALWAY		1995-05-01		Galway				0	0	1		245,265
R	WAI	M04-GALWAY		1995-05-01		Galway				0	0	1		245,265
R	WAI	M05-GALWAY		1995-05-01		Galway				0	0	1		245,265
R	WAI	M05-MAYO		1995-05-01		Mayo				0	0	1		245,265
R	WAI	M06-MAYO		1995-05-01		Mayo				0	0	1		245,265
R	WAI	M07-MAYO		1995-05-01		Mayo				0	0	1		245,265
R	WAI	M08-MAYO		1995-05-01		Mayo				0	0	1		245,265
R	WAI	M09-MAYO		1995-05-01		Mayo				0	0	1		245,265
R	WAI	M10-CLARE		1995-05-01		Clare				0	0	1		245,265
R	WAI	M11-CLARE		1995-05-01		Clare				0	0	1		245,265
R	WAI	M12-GALWAY		1995-05-01		Galway				0	0	1		245,265
R	WAI	M13-GALWAY		1995-05-01		Galway				0	0	1		245,265
R	WAI	M14-GALWAY		1995-05-01		Galway				0	0	1		245,265
R	WAI	M14-MAYO		1995-05-01		Mayo				0	0	1		245,265
R	WAI	M15-GALWAY		1995-05-01		Galway				0	0	1		245,265
R	WAI	M15-MAYO		1995-05-01		Mayo				0	0	1		245,265
R	WAI	M16-MAYO		1995-05-01		Mayo				0	0	1		245,265
R	WAI	M17-MAYO		1995-05-01		Mayo				0	0	1		245,265
R	WAI	M18-MAYO		1995-05-01		Mayo				0	0	1		245,265
R	WAI	M19-MAYO		1995-05-01		Mayo				0	0	1		245,265
R	WAI	M20-CLARE		1995-05-01		Clare				0	0	1		245,265
R	WAI	M21-CLARE		1995-05-01		Clare				0	0	1		245,265
R	WAI	M21-GALWAY		1995-05-01		Galway				0	0	1		245,265
R	WAI	M22-GALWAY		1995-05-01		Galway				0	0	1		245,265
R	WAI	M23-GALWAY		1995-05-01		Galway				0	0	1		245,265
R	WAI	M24-GALWAY		1995-05-01		Galway				0	0	1		245,265
R	WAI	M24-MAYO		1995-05-01		Mayo				0	0	1		245,265
R	WAI	M25-GALWAY		1995-05-01		Galway				0	0	1		245,265
R	WAI	M25-MAYO		1995-05-01		Mayo				0	0	1		245,265
R	WAI	M26-MAYO		1995-05-01		Mayo				0	0	1		245,265
R	WAI	M27-MAYO		1995-05-01		Mayo				0	0	1		245,265
R	WAI	M28-MAYO		1995-05-01		Mayo				0	0	1		245,265
R	WAI	M29-MAYO		1995-05-01		Mayo				0	0	1		245,265
R	WAI	M30-CLARE		1995-05-01		Clare				0	0	1		245,265
R	WAI	M30-GALWAY		1995-05-01		Galway				0	0	1		245,265
R	WAI	M31-CLARE		1995-05-01		Clare				0	0	1		245,265
R	WAI	M31-GALWAY		1995-05-01		Galway				0	0	1		245,265
R	WAI	M32-GALWAY		1995-05-01		Galway				0	0	1		245,265
R	WAI	M33-GALWAY		1995-05-01		Galway				0	0	1		245,265
R	WAI	M34-GALWAY		1995-05-01		Galway				0	0	1		245,265
R	WAI	M35-GALWAY		1995-05-01		Galway				0	0	1		245,265
R	WAI	M35-MAYO		1995-05-01		Mayo				0	0	1		245,265
R	WAI	M36-GALWAY		1995-05-01		Galway				0	0	1		245,265
R	WAI	M36-MAYO		1995-05-01		Mayo				0	0	1		245,265
R	WAI	M37-MAYO		1995-05-01		Mayo				0	0	1		245,265
R	WAI	M38-MAYO		1995-05-01		Mayo				0	0	1		245,265
R	WAI	M39-MAYO		1995-05-01		Mayo				0	0	1		245,265
R	WAI	M40-CLARE		1995-05-01		Clare				0	0	1		245,265
R	WAI	M40-GALWAY		1995-05-01		Galway				0	0	1		245,265
R	WAI	M41-GALWAY		1995-05-01		Galway				0	0	1		245,265
R	WAI	M42-GALWAY		1995-05-01		Galway				0	0	1		245,265
R	WAI	M43-GALWAY		1995-05-01		Galway				0	0	1		245,265
R	WAI	M44-GALWAY		1995-05-01		Galway				0	0	1		245,265
R	WAI	M45-GALWAY		1995-05-01		Galway				0	0	1		245,265
R	WAI	M46-GALWAY		1995-05-01		Galway				0	0	1		245,265
R	WAI	M46-MAYO		1995-05-01		Mayo				0	0	1		245,265
R	WAI	M46-ROSCOMM		1995-05-01		Roscommon				0	0	1		245,265
R	WAI	M47-MAYO		1995-05-01		Mayo				0	0	1		245,265
R	WAI	M47-ROSCOMM		1995-05-01		Roscommon				0	0	1		245,265
R	WAI	M48-MAYO		1995-05-01		Mayo				0	0	1		245,265
R	WAI	M49-MAYO		1995-05-01		Mayo				0	0	1		245,265
R	WAI	M50-GALWAY		1995-05-01		Galway				0	0	1		245,265
R	WAI	M51-GALWAY		1995-05-01		Galway				0	0	1		245,265
R	WAI	M52-GALWAY		1995-05-01		Galway				0	0	1		245,265
R	WAI	M53-GALWAY		1995-05-01		Galway				0	0	1		245,265
R	WAI	M54-GALWAY		1995-05-01		Galway				0	0	1		245,265
R	WAI	M55-GALWAY		1995-05-01		Galway				0	0	1		245,265
R	WAI	M56-GALWAY		1995-05-01		Galway				0	0	1		245,265
R	WAI	M56-ROSCOMM		1995-05-01		Roscommon				0	0	1		245,265
R	WAI	M57-GALWAY		1995-05-01		Galway				0	0	1		245,265
R	WAI	M57-MAYO		1995-05-01		Mayo				0	0	1		245,265
R	WAI	M57-ROSCOMM		1995-05-01		Roscommon				0	0	1		245,265
R	WAI	M58-MAYO		1995-05-01		Mayo				0	0	1		245,265
R	WAI	M58-ROSCOMM		1995-05-01		Roscommon				0	0	1		245,265
R	WAI	M59-MAYO		1995-05-01		Mayo				0	0	1		245,265
R	WAI	M59-ROSCOMM		1995-05-01		Roscommon				0	0	1		245,265
R	WAI	M60-GALWAY		1995-05-01		Galway				0	0	1		245,265
R	WAI	M61-GALWAY		1995-05-01		Galway				0	0	1		245,265
R	WAI	M62-GALWAY		1995-05-01		Galway				0	0	1		245,265
R	WAI	M63-GALWAY		1995-05-01		Galway				0	0	1		245,265
R	WAI	M64-GALWAY		1995-05-01		Galway				0	0	1		245,265
R	WAI	M65-GALWAY		1995-05-01		Galway				0	0	1		245,265
R	WAI	M66-GALWAY		1995-05-01		Galway				0	0	1		245,265
R	WAI	M67-GALWAY		1995-05-01		Galway				0	0	1		245,265
R	WAI	M67-ROSCOMM		1995-05-01		Roscommon				0	0	1		245,265
R	WAI	M68-ROSCOMM		1995-05-01		Roscommon				0	0	1		245,265
R	WAI	M69-ROSCOMM		1995-05-01		Roscommon				0	0	1		245,265
R	WAI	M69-SLIGO		1995-05-01		Sligo				0	0	1		245,265
R	WAI	M70-GALWAY		1995-05-01		Galway				0	0	1		245,265
R	WAI	M71-GALWAY		1995-05-01		Galway				0	0	1		245,265
R	WAI	M72-GALWAY		1995-05-01		Galway				0	0	1		245,265
R	WAI	M73-GALWAY		1995-05-01		Galway				0	0	1		245,265
R	WAI	M74-GALWAY		1995-05-01		Galway				0	0	1		245,265
R	WAI	M75-GALWAY		1995-05-01		Galway				0	0	1		245,265
R	WAI	M75-ROSCOMM		1995-05-01		Roscommon				0	0	1		245,265
R	WAI	M76-GALWAY		1995-05-01		Galway				0	0	1		245,265
R	WAI	M76-ROSCOMM		1995-05-01		Roscommon				0	0	1		245,265
R	WAI	M77-GALWAY		1995-05-01		Galway				0	0	1		245,265
R	WAI	M77-ROSCOMM		1995-05-01		Roscommon				0	0	1		245,265
R	WAI	M78-ROSCOMM		1995-05-01		Roscommon				0	0	1		245,265
R	WAI	M79-ROSCOMM		1995-05-01		Roscommon				0	0	1		245,265
R	WAI	M79-SLIGO		1995-05-01		Sligo				0	0	1		245,265
R	WAI	M80-GALWAY		1995-05-01		Galway				0	0	1		245,265
R	WAI	M80-TIPPERA		1995-05-01		Tipperary				0	0	1		245,265
R	WAI	M81-GALWAY		1995-05-01		Galway				0	0	1		245,265
R	WAI	M82-GALWAY		1995-05-01		Galway				0	0	1		245,265
R	WAI	M82-ROSCOMM		1995-05-01		Roscommon				0	0	1		245,265
R	WAI	M83-GALWAY		1995-05-01		Galway				0	0	1		245,265
R	WAI	M83-ROSCOMM		1995-05-01		Roscommon				0	0	1		245,265
R	WAI	M84-GALWAY		1995-05-01		Galway				0	0	1		245,265
R	WAI	M84-ROSCOMM		1995-05-01		Roscommon				0	0	1		245,265
R	WAI	M85-GALWAY		1995-05-01		Galway				0	0	1		245,265
R	WAI	M85-ROSCOMM		1995-05-01		Roscommon				0	0	1		245,265
R	WAI	M86-ROSCOMM		1995-05-01		Roscommon				0	0	1		245,265
R	WAI	M87-ROSCOMM		1995-05-01		Roscommon				0	0	1		245,265
R	WAI	M88-ROSCOMM		1995-05-01		Roscommon				0	0	1		245,265
R	WAI	M89-ROSCOMM		1995-05-01		Roscommon				0	0	1		245,265
R	WAI	M90-GALWAY		1995-05-01		Galway				0	0	1		245,265
R	WAI	M90-OFFALY		1995-05-01		Offaly				0	0	1		245,265
R	WAI	M90-TIPPERA		1995-05-01		Tipperary				0	0	1		245,265
R	WAI	M91-GALWAY		1995-05-01		Galway				0	0	1		245,265
R	WAI	M91-OFFALY		1995-05-01		Offaly				0	0	1		245,265
R	WAI	M91-TIPPERA		1995-05-01		Tipperary				0	0	1		245,265
R	WAI	M92-GALWAY		1995-05-01		Galway				0	0	1		245,265
R	WAI	M92-OFFALY		1995-05-01		Offaly				0	0	1		245,265
R	WAI	M92-ROSCOMM		1995-05-01		Roscommon				0	0	1		245,265
R	WAI	M93-OFFALY		1995-05-01		Offaly				0	0	1		245,265
R	WAI	M93-ROSCOMM		1995-05-01		Roscommon				0	0	1		245,265
R	WAI	M94-ROSCOMM		1995-05-01		Roscommon				0	0	1		245,265
R	WAI	M95-LONGFOR		1995-05-01		Longford				0	0	1		245,265
R	WAI	M95-ROSCOMM		1995-05-01		Roscommon				0	0	1		245,265
R	WAI	M96-LONGFOR		1995-05-01		Longford				0	0	1		245,265
R	WAI	M96-ROSCOMM		1995-05-01		Roscommon				0	0	1		245,265
R	WAI	M97-ROSCOMM		1995-05-01		Roscommon				0	0	1		245,265
R	WAI	M98-ROSCOMM		1995-05-01		Roscommon				0	0	1		245,265
R	WAI	M99-LEITRIM		1995-05-01		Leitrim				0	0	1		245,265
R	WAI	M99-ROSCOMM		1995-05-01		Roscommon				0	0	1		245,265
R	WAI	N00-OFFALY		1995-05-01		Offaly				0	0	1		245,265
R	WAI	N00-TIPPERA		1995-05-01		Tipperary				0	0	1		245,265
R	WAI	N01-GALWAY		1995-05-01		Galway				0	0	1		245,265
R	WAI	N01-OFFALY		1995-05-01		Offaly				0	0	1		245,265
R	WAI	N02-GALWAY		1995-05-01		Galway				0	0	1		245,265
R	WAI	N02-OFFALY		1995-05-01		Offaly				0	0	1		245,265
R	WAI	N03-OFFALY		1995-05-01		Offaly				0	0	1		245,265
R	WAI	N03-ROSCOMM		1995-05-01		Roscommon				0	0	1		245,265
R	WAI	N03-WESTMEA		1995-05-01		Westmeath				0	0	1		245,265
R	WAI	N04-ROSCOMM		1995-05-01		Roscommon				0	0	1		245,265
R	WAI	N04-WESTMEA		1995-05-01		Westmeath				0	0	1		245,265
R	WAI	N05-LONGFOR		1995-05-01		Longford				0	0	1		245,265
R	WAI	N05-ROSCOMM		1995-05-01		Roscommon				0	0	1		245,265
R	WAI	N05-WESTMEA		1995-05-01		Westmeath				0	0	1		245,265
R	WAI	N06-LONGFOR		1995-05-01		Longford				0	0	1		245,265
R	WAI	N06-ROSCOMM		1995-05-01		Roscommon				0	0	1		245,265
R	WAI	N07-LONGFOR		1995-05-01		Longford				0	0	1		245,265
R	WAI	N07-ROSCOMM		1995-05-01		Roscommon				0	0	1		245,265
R	WAI	N08-LEITRIM		1995-05-01		Leitrim				0	0	1		245,265
R	WAI	N08-LONGFOR		1995-05-01		Longford				0	0	1		245,265
R	WAI	N08-ROSCOMM		1995-05-01		Roscommon				0	0	1		245,265
R	WAI	N09-LEITRIM		1995-05-01		Leitrim				0	0	1		245,265
R	WAI	N09-ROSCOMM		1995-05-01		Roscommon				0	0	1		245,265
R	WAI	N10-OFFALY		1995-05-01		Offaly				0	0	1		245,265
R	WAI	N11-OFFALY		1995-05-01		Offaly				0	0	1		245,265
R	WAI	N12-OFFALY		1995-05-01		Offaly				0	0	1		245,265
R	WAI	N13-OFFALY		1995-05-01		Offaly				0	0	1		245,265
R	WAI	N13-WESTMEA		1995-05-01		Westmeath				0	0	1		245,265
R	WAI	N14-WESTMEA		1995-05-01		Westmeath				0	0	1		245,265
R	WAI	N15-LONGFOR		1995-05-01		Longford				0	0	1		245,265
R	WAI	N15-WESTMEA		1995-05-01		Westmeath				0	0	1		245,265
R	WAI	N16-LONGFOR		1995-05-01		Longford				0	0	1		245,265
R	WAI	N17-LONGFOR		1995-05-01		Longford				0	0	1		245,265
R	WAI	N18-LEITRIM		1995-05-01		Leitrim				0	0	1		245,265
R	WAI	N18-LONGFOR		1995-05-01		Longford				0	0	1		245,265
R	WAI	N19-LEITRIM		1995-05-01		Leitrim				0	0	1		245,265
R	WAI	N19-LONGFOR		1995-05-01		Longford				0	0	1		245,265
R	WAI	N20-LAOIS		1995-05-01		Laois				0	0	1		245,265
R	WAI	N20-OFFALY		1995-05-01		Offaly				0	0	1		245,265
R	WAI	N21-LAOIS		1995-05-01		Laois				0	0	1		245,265
R	WAI	N21-OFFALY		1995-05-01		Offaly				0	0	1		245,265
R	WAI	N22-OFFALY		1995-05-01		Offaly				0	0	1		245,265
R	WAI	N23-OFFALY		1995-05-01		Offaly				0	0	1		245,265
R	WAI	N23-WESTMEA		1995-05-01		Westmeath				0	0	1		245,265
R	WAI	N24-OFFALY		1995-05-01		Offaly				0	0	1		245,265
R	WAI	N24-WESTMEA		1995-05-01		Westmeath				0	0	1		245,265
R	WAI	N25-LONGFOR		1995-05-01		Longford				0	0	1		245,265
R	WAI	N25-WESTMEA		1995-05-01		Westmeath				0	0	1		245,265
R	WAI	N26-LONGFOR		1995-05-01		Longford				0	0	1		245,265
R	WAI	N26-WESTMEA		1995-05-01		Westmeath				0	0	1		245,265
R	WAI	N27-LONGFOR		1995-05-01		Longford				0	0	1		245,265
R	WAI	N28-CAVAN		1995-05-01		Cavan				0	0	1		245,265
R	WAI	N28-LONGFOR		1995-05-01		Longford				0	0	1		245,265
R	WAI	N29-CAVAN		1995-05-01		Cavan				0	0	1		245,265
R	WAI	N29-LEITRIM		1995-05-01		Leitrim				0	0	1		245,265
R	WAI	N29-LONGFOR		1995-05-01		Longford				0	0	1		245,265
R	WAI	N30-LAOIS		1995-05-01		Laois				0	0	1		245,265
R	WAI	N31-LAOIS		1995-05-01		Laois				0	0	1		245,265
R	WAI	N31-OFFALY		1995-05-01		Offaly				0	0	1		245,265
R	WAI	N32-OFFALY		1995-05-01		Offaly				0	0	1		245,265
R	WAI	N33-OFFALY		1995-05-01		Offaly				0	0	1		245,265
R	WAI	N33-WESTMEA		1995-05-01		Westmeath				0	0	1		245,265
R	WAI	N34-WESTMEA		1995-05-01		Westmeath				0	0	1		245,265
R	WAI	N35-WESTMEA		1995-05-01		Westmeath				0	0	1		245,265
R	WAI	N36-LONGFOR		1995-05-01		Longford				0	0	1		245,265
R	WAI	N36-WESTMEA		1995-05-01		Westmeath				0	0	1		245,265
R	WAI	N37-LONGFOR		1995-05-01		Longford				0	0	1		245,265
R	WAI	N37-WESTMEA		1995-05-01		Westmeath				0	0	1		245,265
R	WAI	N38-CAVAN		1995-05-01		Cavan				0	0	1		245,265
R	WAI	N38-LONGFOR		1995-05-01		Longford				0	0	1		245,265
R	WAI	N38-WESTMEA		1995-05-01		Westmeath				0	0	1		245,265
R	WAI	N39-CAVAN		1995-05-01		Cavan				0	0	1		245,265
R	WAI	N39-LONGFOR		1995-05-01		Longford				0	0	1		245,265
R	WAI	N40-LAOIS		1995-05-01		Laois				0	0	1		245,265
R	WAI	N40-OFFALY		1995-05-01		Offaly				0	0	1		245,265
R	WAI	N41-LAOIS		1995-05-01		Laois				0	0	1		245,265
R	WAI	N41-OFFALY		1995-05-01		Offaly				0	0	1		245,265
R	WAI	N42-OFFALY		1995-05-01		Offaly				0	0	1		245,265
R	WAI	N43-OFFALY		1995-05-01		Offaly				0	0	1		245,265
R	WAI	N43-WESTMEA		1995-05-01		Westmeath				0	0	1		245,265
R	WAI	N44-WESTMEA		1995-05-01		Westmeath				0	0	1		245,265
R	WAI	N45-WESTMEA		1995-05-01		Westmeath				0	0	1		245,265
R	WAI	N46-WESTMEA		1995-05-01		Westmeath				0	0	1		245,265
R	WAI	N47-LONGFOR		1995-05-01		Longford				0	0	1		245,265
R	WAI	N47-MEATH		1995-05-01		Meath				0	0	1		245,265
R	WAI	N47-WESTMEA		1995-05-01		Westmeath				0	0	1		245,265
R	WAI	N48-CAVAN		1995-05-01		Cavan				0	0	1		245,265
R	WAI	N48-LONGFOR		1995-05-01		Longford				0	0	1		245,265
R	WAI	N48-MEATH		1995-05-01		Meath				0	0	1		245,265
R	WAI	N48-WESTMEA		1995-05-01		Westmeath				0	0	1		245,265
R	WAI	N49-CAVAN		1995-05-01		Cavan				0	0	1		245,265
R	WAI	N50-LAOIS		1995-05-01		Laois				0	0	1		245,265
R	WAI	N51-KILDARE		1995-05-01		Kildare				0	0	1		245,265
R	WAI	N51-LAOIS		1995-05-01		Laois				0	0	1		245,265
R	WAI	N51-OFFALY		1995-05-01		Offaly				0	0	1		245,265
R	WAI	N52-OFFALY		1995-05-01		Offaly				0	0	1		245,265
R	WAI	N53-MEATH		1995-05-01		Meath				0	0	1		245,265
R	WAI	N53-OFFALY		1995-05-01		Offaly				0	0	1		245,265
R	WAI	N53-WESTMEA		1995-05-01		Westmeath				0	0	1		245,265
R	WAI	N54-MEATH		1995-05-01		Meath				0	0	1		245,265
R	WAI	N54-OFFALY		1995-05-01		Offaly				0	0	1		245,265
R	WAI	N54-WESTMEA		1995-05-01		Westmeath				0	0	1		245,265
R	WAI	N55-WESTMEA		1995-05-01		Westmeath				0	0	1		245,265
R	WAI	N56-MEATH		1995-05-01		Meath				0	0	1		245,265
R	WAI	N56-WESTMEA		1995-05-01		Westmeath				0	0	1		245,265
R	WAI	N57-MEATH		1995-05-01		Meath				0	0	1		245,265
R	WAI	N57-WESTMEA		1995-05-01		Westmeath				0	0	1		245,265
R	WAI	N58-CAVAN		1995-05-01		Cavan				0	0	1		245,265
R	WAI	N58-MEATH		1995-05-01		Meath				0	0	1		245,265
R	WAI	N59-CAVAN		1995-05-01		Cavan				0	0	1		245,265
R	WAI	N60-KILDARE		1995-05-01		Kildare				0	0	1		245,265
R	WAI	N60-LAOIS		1995-05-01		Laois				0	0	1		245,265
R	WAI	N61-KILDARE		1995-05-01		Kildare				0	0	1		245,265
R	WAI	N61-LAOIS		1995-05-01		Laois				0	0	1		245,265
R	WAI	N61-OFFALY		1995-05-01		Offaly				0	0	1		245,265
R	WAI	N62-KILDARE		1995-05-01		Kildare				0	0	1		245,265
R	WAI	N62-OFFALY		1995-05-01		Offaly				0	0	1		245,265
R	WAI	N63-KILDARE		1995-05-01		Kildare				0	0	1		245,265
R	WAI	N63-MEATH		1995-05-01		Meath				0	0	1		245,265
R	WAI	N63-OFFALY		1995-05-01		Offaly				0	0	1		245,265
R	WAI	N64-KILDARE		1995-05-01		Kildare				0	0	1		245,265
R	WAI	N64-MEATH		1995-05-01		Meath				0	0	1		245,265
R	WAI	N64-WESTMEA		1995-05-01		Westmeath				0	0	1		245,265
R	WAI	N65-MEATH		1995-05-01		Meath				0	0	1		245,265
R	WAI	N65-WESTMEA		1995-05-01		Westmeath				0	0	1		245,265
R	WAI	N66-MEATH		1995-05-01		Meath				0	0	1		245,265
R	WAI	N66-WESTMEA		1995-05-01		Westmeath				0	0	1		245,265
R	WAI	N67-MEATH		1995-05-01		Meath				0	0	1		245,265
R	WAI	N67-WESTMEA		1995-05-01		Westmeath				0	0	1		245,265
R	WAI	N68-CAVAN		1995-05-01		Cavan				0	0	1		245,265
R	WAI	N68-MEATH		1995-05-01		Meath				0	0	1		245,265
R	WAI	N69-CAVAN		1995-05-01		Cavan				0	0	1		245,265
R	WAI	N69-MEATH		1995-05-01		Meath				0	0	1		245,265
R	WAI	N70-KILDARE		1995-05-01		Kildare				0	0	1		245,265
R	WAI	N71-KILDARE		1995-05-01		Kildare				0	0	1		245,265
R	WAI	N72-KILDARE		1995-05-01		Kildare				0	0	1		245,265
R	WAI	N73-KILDARE		1995-05-01		Kildare				0	0	1		245,265
R	WAI	N73-MEATH		1995-05-01		Meath				0	0	1		245,265
R	WAI	N74-KILDARE		1995-05-01		Kildare				0	0	1		245,265
R	WAI	N74-MEATH		1995-05-01		Meath				0	0	1		245,265
R	WAI	N75-MEATH		1995-05-01		Meath				0	0	1		245,265
R	WAI	N76-MEATH		1995-05-01		Meath				0	0	1		245,265
R	WAI	N77-MEATH		1995-05-01		Meath				0	0	1		245,265
R	WAI	N78-CAVAN		1995-05-01		Cavan				0	0	1		245,265
R	WAI	N78-MEATH		1995-05-01		Meath				0	0	1		245,265
R	WAI	N79-CAVAN		1995-05-01		Cavan				0	0	1		245,265
R	WAI	N79-MEATH		1995-05-01		Meath				0	0	1		245,265
R	WAI	N79-MONAGHA		1995-05-01		Monaghan				0	0	1		245,265
R	WAI	N80-KILDARE		1995-05-01		Kildare				0	0	1		245,265
R	WAI	N80-WICKLOW		1995-05-01		Wicklow				0	0	1		245,265
R	WAI	N81-KILDARE		1995-05-01		Kildare				0	0	1		245,265
R	WAI	N82-KILDARE		1995-05-01		Kildare				0	0	1		245,265
R	WAI	N83-KILDARE		1995-05-01		Kildare				0	0	1		245,265
R	WAI	N83-MEATH		1995-05-01		Meath				0	0	1		245,265
R	WAI	N84-KILDARE		1995-05-01		Kildare				0	0	1		245,265
R	WAI	N84-MEATH		1995-05-01		Meath				0	0	1		245,265
R	WAI	N85-MEATH		1995-05-01		Meath				0	0	1		245,265
R	WAI	N85-TYRONE		1995-05-01		Tyrone				0	0	1		245,265
R	WAI	N86-MEATH		1995-05-01		Meath				0	0	1		245,265
R	WAI	N86-TYRONE		1995-05-01		Tyrone				0	0	1		245,265
R	WAI	N87-MEATH		1995-05-01		Meath				0	0	1		245,265
R	WAI	N87-TYRONE		1995-05-01		Tyrone				0	0	1		245,265
R	WAI	N88-MEATH		1995-05-01		Meath				0	0	1		245,265
R	WAI	N88-TYRONE		1995-05-01		Tyrone				0	0	1		245,265
R	WAI	N89-CAVAN		1995-05-01		Cavan				0	0	1		245,265
R	WAI	N89-LOUTH		1995-05-01		Louth				0	0	1		245,265
R	WAI	N89-MEATH		1995-05-01		Meath				0	0	1		245,265
R	WAI	N89-MONAGHA		1995-05-01		Monaghan				0	0	1		245,265
R	WAI	N90-KILDARE		1995-05-01		Kildare				0	0	1		245,265
R	WAI	N90-WICKLOW		1995-05-01		Wicklow				0	0	1		245,265
R	WAI	N91-KILDARE		1995-05-01		Kildare				0	0	1		245,265
R	WAI	N91-WICKLOW		1995-05-01		Wicklow				0	0	1		245,265
R	WAI	N92-DUBLIN		1995-05-01		Dublin				0	0	1		245,265
R	WAI	N92-KILDARE		1995-05-01		Kildare				0	0	1		245,265
R	WAI	N93-DUBLIN		1995-05-01		Dublin				0	0	1		245,265
R	WAI	N93-KILDARE		1995-05-01		Kildare				0	0	1		245,265
R	WAI	N93-MEATH		1995-05-01		Meath				0	0	1		245,265
R	WAI	N94-KILDARE		1995-05-01		Kildare				0	0	1		245,265
R	WAI	N94-MEATH		1995-05-01		Meath				0	0	1		245,265
R	WAI	N95-MEATH		1995-05-01		Meath				0	0	1		245,265
R	WAI	N96-MEATH		1995-05-01		Meath				0	0	1		245,265
R	WAI	N97-MEATH		1995-05-01		Meath				0	0	1		245,265
R	WAI	N98-LOUTH		1995-05-01		Louth				0	0	1		245,265
R	WAI	N98-MEATH		1995-05-01		Meath				0	0	1		245,265
R	WAI	N99-LOUTH		1995-05-01		Louth				0	0	1		245,265
R	WAI	N99-MEATH		1995-05-01		Meath				0	0	1		245,265
R	WAI	O00-WICKLOW		1995-05-01		Wicklow				0	0	1		245,265
R	WAI	O01-DUBLIN		1995-05-01		Dublin				0	0	1		245,265
R	WAI	O01-KILDARE		1995-05-01		Kildare				0	0	1		245,265
R	WAI	O01-WICKLOW		1995-05-01		Wicklow				0	0	1		245,265
R	WAI	O02-DUBLIN		1995-05-01		Dublin				0	0	1		245,265
R	WAI	O02-KILDARE		1995-05-01		Kildare				0	0	1		245,265
R	WAI	O02-WICKLOW		1995-05-01		Wicklow				0	0	1		245,265
R	WAI	O03-DUBLIN		1995-05-01		Dublin				0	0	1		245,265
R	WAI	O03-KILDARE		1995-05-01		Kildare				0	0	1		245,265
R	WAI	O03-MEATH		1995-05-01		Meath				0	0	1		245,265
R	WAI	O04-DUBLIN		1995-05-01		Dublin				0	0	1		245,265
R	WAI	O04-MEATH		1995-05-01		Meath				0	0	1		245,265
R	WAI	O05-DUBLIN		1995-05-01		Dublin				0	0	1		245,265
R	WAI	O05-MEATH		1995-05-01		Meath				0	0	1		245,265
R	WAI	O06-DUBLIN		1995-05-01		Dublin				0	0	1		245,265
R	WAI	O06-MEATH		1995-05-01		Meath				0	0	1		245,265
R	WAI	O07-LOUTH		1995-05-01		Louth				0	0	1		245,265
R	WAI	O07-MEATH		1995-05-01		Meath				0	0	1		245,265
R	WAI	O08-LOUTH		1995-05-01		Louth				0	0	1		245,265
R	WAI	O08-MEATH		1995-05-01		Meath				0	0	1		245,265
R	WAI	O09-LOUTH		1995-05-01		Louth				0	0	1		245,265
R	WAI	O10-WICKLOW		1995-05-01		Wicklow				0	0	1		245,265
R	WAI	O11-DUBLIN		1995-05-01		Dublin				0	0	1		245,265
R	WAI	O11-WICKLOW		1995-05-01		Wicklow				0	0	1		245,265
R	WAI	O12-DUBLIN		1995-05-01		Dublin				0	0	1		245,265
R	WAI	O12-WICKLOW		1995-05-01		Wicklow				0	0	1		245,265
R	WAI	O13-DUBLIN		1995-05-01		Dublin				0	0	1		245,265
R	WAI	O14-DUBLIN		1995-05-01		Dublin				0	0	1		245,265
R	WAI	O14-MEATH		1995-05-01		Meath				0	0	1		245,265
R	WAI	O15-DUBLIN		1995-05-01		Dublin				0	0	1		245,265
R	WAI	O15-MEATH		1995-05-01		Meath				0	0	1		245,265
R	WAI	O16-DUBLIN		1995-05-01		Dublin				0	0	1		245,265
R	WAI	O16-MEATH		1995-05-01		Meath				0	0	1		245,265
R	WAI	O17-LOUTH		1995-05-01		Louth				0	0	1		245,265
R	WAI	O17-MEATH		1995-05-01		Meath				0	0	1		245,265
R	WAI	O18-LOUTH		1995-05-01		Louth				0	0	1		245,265
R	WAI	O19-LOUTH		1995-05-01		Louth				0	0	1		245,265
R	WAI	O20-WICKLOW		1995-05-01		Wicklow				0	0	1		245,265
R	WAI	O21-DUBLIN		1995-05-01		Dublin				0	0	1		245,265
R	WAI	O21-WICKLOW		1995-05-01		Wicklow				0	0	1		245,265
R	WAI	O22-DUBLIN		1995-05-01		Dublin				0	0	1		245,265
R	WAI	O22-WICKLOW		1995-05-01		Wicklow				0	0	1		245,265
R	WAI	O23-DUBLIN		1995-05-01		Dublin				0	0	1		245,265
R	WAI	O24-DUBLIN		1995-05-01		Dublin				0	0	1		245,265
R	WAI	O25-DUBLIN		1995-05-01		Dublin				0	0	1		245,265
R	WAI	O26-DUBLIN		1995-05-01		Dublin				0	0	1		245,265
R	WAI	O30-WICKLOW		1995-05-01		Wicklow				0	0	1		245,265
R	WAI	O31-WICKLOW		1995-05-01		Wicklow				0	0	1		245,265
R	WAI	O33-DUBLIN		1995-05-01		Dublin				0	0	1		245,265
R	WAI	O34-DUBLIN		1995-05-01		Dublin				0	0	1		245,265
R	WAI	O35-DUBLIN		1995-05-01		Dublin				0	0	1		245,265
R	WAI	O36-DUBLIN		1995-05-01		Dublin				0	0	1		245,265
R	WAI	Q20-KERRY		1995-05-01		Kerry				0	0	1		245,265
R	WAI	Q30-KERRY		1995-05-01		Kerry				0	0	1		245,265
R	WAI	Q31-KERRY		1995-05-01		Kerry				0	0	1		245,265
R	WAI	Q40-KERRY		1995-05-01		Kerry				0	0	1		245,265
R	WAI	Q41-KERRY		1995-05-01		Kerry				0	0	1		245,265
R	WAI	Q50-KERRY		1995-05-01		Kerry				0	0	1		245,265
R	WAI	Q51-KERRY		1995-05-01		Kerry				0	0	1		245,265
R	WAI	Q52-KERRY		1995-05-01		Kerry				0	0	1		245,265
R	WAI	Q60-KERRY		1995-05-01		Kerry				0	0	1		245,265
R	WAI	Q61-KERRY		1995-05-01		Kerry				0	0	1		245,265
R	WAI	Q62-KERRY		1995-05-01		Kerry				0	0	1		245,265
R	WAI	Q63-KERRY		1995-05-01		Kerry				0	0	1		245,265
R	WAI	Q64-CLARE		1995-05-01		Clare				0	0	1		245,265
R	WAI	Q70-KERRY		1995-05-01		Kerry				0	0	1		245,265
R	WAI	Q71-KERRY		1995-05-01		Kerry				0	0	1		245,265
R	WAI	Q72-KERRY		1995-05-01		Kerry				0	0	1		245,265
R	WAI	Q73-KERRY		1995-05-01		Kerry				0	0	1		245,265
R	WAI	Q74-CLARE		1995-05-01		Clare				0	0	1		245,265
R	WAI	Q75-CLARE		1995-05-01		Clare				0	0	1		245,265
R	WAI	Q80-KERRY		1995-05-01		Kerry				0	0	1		245,265
R	WAI	Q81-KERRY		1995-05-01		Kerry				0	0	1		245,265
R	WAI	Q82-KERRY		1995-05-01		Kerry				0	0	1		245,265
R	WAI	Q83-KERRY		1995-05-01		Kerry				0	0	1		245,265
R	WAI	Q84-CLARE		1995-05-01		Clare				0	0	1		245,265
R	WAI	Q84-KERRY		1995-05-01		Kerry				0	0	1		245,265
R	WAI	Q85-CLARE		1995-05-01		Clare				0	0	1		245,265
R	WAI	Q86-CLARE		1995-05-01		Clare				0	0	1		245,265
R	WAI	Q90-KERRY		1995-05-01		Kerry				0	0	1		245,265
R	WAI	Q91-KERRY		1995-05-01		Kerry				0	0	1		245,265
R	WAI	Q92-KERRY		1995-05-01		Kerry				0	0	1		245,265
R	WAI	Q93-KERRY		1995-05-01		Kerry				0	0	1		245,265
R	WAI	Q94-KERRY		1995-05-01		Kerry				0	0	1		245,265
R	WAI	Q95-CLARE		1995-05-01		Clare				0	0	1		245,265
R	WAI	Q96-CLARE		1995-05-01		Clare				0	0	1		245,265
R	WAI	Q97-CLARE		1995-05-01		Clare				0	0	1		245,265
R	WAI	R00-KERRY		1995-05-01		Kerry				0	0	1		245,265
R	WAI	R01-KERRY		1995-05-01		Kerry				0	0	1		245,265
R	WAI	R02-KERRY		1995-05-01		Kerry				0	0	1		245,265
R	WAI	R02-LIMERIC		1995-05-01		Limerick				0	0	1		245,265
R	WAI	R03-KERRY		1995-05-01		Kerry				0	0	1		245,265
R	WAI	R03-LIMERIC		1995-05-01		Limerick				0	0	1		245,265
R	WAI	R04-CLARE		1995-05-01		Clare				0	0	1		245,265
R	WAI	R04-KERRY		1995-05-01		Kerry				0	0	1		245,265
R	WAI	R04-LIMERIC		1995-05-01		Limerick				0	0	1		245,265
R	WAI	R05-CLARE		1995-05-01		Clare				0	0	1		245,265
R	WAI	R06-CLARE		1995-05-01		Clare				0	0	1		245,265
R	WAI	R07-CLARE		1995-05-01		Clare				0	0	1		245,265
R	WAI	R08-CLARE		1995-05-01		Clare				0	0	1		245,265
R	WAI	R09-CLARE		1995-05-01		Clare				0	0	1		245,265
R	WAI	R10-CORK		1995-05-01		Cork				0	0	1		245,265
R	WAI	R10-KERRY		1995-05-01		Kerry				0	0	1		245,265
R	WAI	R11-CORK		1995-05-01		Cork				0	0	1		245,265
R	WAI	R11-KERRY		1995-05-01		Kerry				0	0	1		245,265
R	WAI	R11-LIMERIC		1995-05-01		Limerick				0	0	1		245,265
R	WAI	R12-KERRY		1995-05-01		Kerry				0	0	1		245,265
R	WAI	R12-LIMERIC		1995-05-01		Limerick				0	0	1		245,265
R	WAI	R13-KERRY		1995-05-01		Kerry				0	0	1		245,265
R	WAI	R13-LIMERIC		1995-05-01		Limerick				0	0	1		245,265
R	WAI	R14-CLARE		1995-05-01		Clare				0	0	1		245,265
R	WAI	R14-KERRY		1995-05-01		Kerry				0	0	1		245,265
R	WAI	R14-LIMERIC		1995-05-01		Limerick				0	0	1		245,265
R	WAI	R15-CLARE		1995-05-01		Clare				0	0	1		245,265
R	WAI	R15-LIMERIC		1995-05-01		Limerick				0	0	1		245,265
R	WAI	R16-CLARE		1995-05-01		Clare				0	0	1		245,265
R	WAI	R17-CLARE		1995-05-01		Clare				0	0	1		245,265
R	WAI	R18-CLARE		1995-05-01		Clare				0	0	1		245,265
R	WAI	R19-CLARE		1995-05-01		Clare				0	0	1		245,265
R	WAI	R20-CORK		1995-05-01		Cork				0	0	1		245,265
R	WAI	R21-CORK		1995-05-01		Cork				0	0	1		245,265
R	WAI	R21-LIMERIC		1995-05-01		Limerick				0	0	1		245,265
R	WAI	R22-CORK		1995-05-01		Cork				0	0	1		245,265
R	WAI	R22-LIMERIC		1995-05-01		Limerick				0	0	1		245,265
R	WAI	R23-LIMERIC		1995-05-01		Limerick				0	0	1		245,265
R	WAI	R24-LIMERIC		1995-05-01		Limerick				0	0	1		245,265
R	WAI	R25-CLARE		1995-05-01		Clare				0	0	1		245,265
R	WAI	R25-LIMERIC		1995-05-01		Limerick				0	0	1		245,265
R	WAI	R26-CLARE		1995-05-01		Clare				0	0	1		245,265
R	WAI	R27-CLARE		1995-05-01		Clare				0	0	1		245,265
R	WAI	R28-CLARE		1995-05-01		Clare				0	0	1		245,265
R	WAI	R29-CLARE		1995-05-01		Clare				0	0	1		245,265
R	WAI	R30-CORK		1995-05-01		Cork				0	0	1		245,265
R	WAI	R31-CORK		1995-05-01		Cork				0	0	1		245,265
R	WAI	R31-LIMERIC		1995-05-01		Limerick				0	0	1		245,265
R	WAI	R32-CORK		1995-05-01		Cork				0	0	1		245,265
R	WAI	R32-LIMERIC		1995-05-01		Limerick				0	0	1		245,265
R	WAI	R33-LIMERIC		1995-05-01		Limerick				0	0	1		245,265
R	WAI	R34-LIMERIC		1995-05-01		Limerick				0	0	1		245,265
R	WAI	R35-CLARE		1995-05-01		Clare				0	0	1		245,265
R	WAI	R35-LIMERIC		1995-05-01		Limerick				0	0	1		245,265
R	WAI	R36-CLARE		1995-05-01		Clare				0	0	1		245,265
R	WAI	R37-CLARE		1995-05-01		Clare				0	0	1		245,265
R	WAI	R38-CLARE		1995-05-01		Clare				0	0	1		245,265
R	WAI	R39-CLARE		1995-05-01		Clare				0	0	1		245,265
R	WAI	R39-GALWAY		1995-05-01		Galway				0	0	1		245,265
R	WAI	R40-CORK		1995-05-01		Cork				0	0	1		245,265
R	WAI	R41-CORK		1995-05-01		Cork				0	0	1		245,265
R	WAI	R42-CORK		1995-05-01		Cork				0	0	1		245,265
R	WAI	R42-LIMERIC		1995-05-01		Limerick				0	0	1		245,265
R	WAI	R43-LIMERIC		1995-05-01		Limerick				0	0	1		245,265
R	WAI	R44-LIMERIC		1995-05-01		Limerick				0	0	1		245,265
R	WAI	R45-CLARE		1995-05-01		Clare				0	0	1		245,265
R	WAI	R45-LIMERIC		1995-05-01		Limerick				0	0	1		245,265
R	WAI	R46-CLARE		1995-05-01		Clare				0	0	1		245,265
R	WAI	R47-CLARE		1995-05-01		Clare				0	0	1		245,265
R	WAI	R48-CLARE		1995-05-01		Clare				0	0	1		245,265
R	WAI	R49-CLARE		1995-05-01		Clare				0	0	1		245,265
R	WAI	R49-GALWAY		1995-05-01		Galway				0	0	1		245,265
R	WAI	R50-CORK		1995-05-01		Cork				0	0	1		245,265
R	WAI	R51-CORK		1995-05-01		Cork				0	0	1		245,265
R	WAI	R51-LIMERIC		1995-05-01		Limerick				0	0	1		245,265
R	WAI	R52-CORK		1995-05-01		Cork				0	0	1		245,265
R	WAI	R52-LIMERIC		1995-05-01		Limerick				0	0	1		245,265
R	WAI	R53-LIMERIC		1995-05-01		Limerick				0	0	1		245,265
R	WAI	R54-LIMERIC		1995-05-01		Limerick				0	0	1		245,265
R	WAI	R55-CLARE		1995-05-01		Clare				0	0	1		245,265
R	WAI	R55-LIMERIC		1995-05-01		Limerick				0	0	1		245,265
R	WAI	R56-CLARE		1995-05-01		Clare				0	0	1		245,265
R	WAI	R56-LIMERIC		1995-05-01		Limerick				0	0	1		245,265
R	WAI	R57-CLARE		1995-05-01		Clare				0	0	1		245,265
R	WAI	R58-CLARE		1995-05-01		Clare				0	0	1		245,265
R	WAI	R59-CLARE		1995-05-01		Clare				0	0	1		245,265
R	WAI	R59-GALWAY		1995-05-01		Galway				0	0	1		245,265
R	WAI	R60-CORK		1995-05-01		Cork				0	0	1		245,265
R	WAI	R61-CORK		1995-05-01		Cork				0	0	1		245,265
R	WAI	R61-LIMERIC		1995-05-01		Limerick				0	0	1		245,265
R	WAI	R62-LIMERIC		1995-05-01		Limerick				0	0	1		245,265
R	WAI	R63-LIMERIC		1995-05-01		Limerick				0	0	1		245,265
R	WAI	R64-LIMERIC		1995-05-01		Limerick				0	0	1		245,265
R	WAI	R65-CLARE		1995-05-01		Clare				0	0	1		245,265
R	WAI	R65-LIMERIC		1995-05-01		Limerick				0	0	1		245,265
R	WAI	R65-TIPPERA		1995-05-01		Tipperary				0	0	1		245,265
R	WAI	R66-CLARE		1995-05-01		Clare				0	0	1		245,265
R	WAI	R66-LIMERIC		1995-05-01		Limerick				0	0	1		245,265
R	WAI	R66-TIPPERA		1995-05-01		Tipperary				0	0	1		245,265
R	WAI	R67-CLARE		1995-05-01		Clare				0	0	1		245,265
R	WAI	R67-TIPPERA		1995-05-01		Tipperary				0	0	1		245,265
R	WAI	R68-CLARE		1995-05-01		Clare				0	0	1		245,265
R	WAI	R69-CLARE		1995-05-01		Clare				0	0	1		245,265
R	WAI	R69-GALWAY		1995-05-01		Galway				0	0	1		245,265
R	WAI	R70-CORK		1995-05-01		Cork				0	0	1		245,265
R	WAI	R71-CORK		1995-05-01		Cork				0	0	1		245,265
R	WAI	R71-LIMERIC		1995-05-01		Limerick				0	0	1		245,265
R	WAI	R72-LIMERIC		1995-05-01		Limerick				0	0	1		245,265
R	WAI	R72-TIPPERA		1995-05-01		Tipperary				0	0	1		245,265
R	WAI	R73-LIMERIC		1995-05-01		Limerick				0	0	1		245,265
R	WAI	R73-TIPPERA		1995-05-01		Tipperary				0	0	1		245,265
R	WAI	R74-LIMERIC		1995-05-01		Limerick				0	0	1		245,265
R	WAI	R74-TIPPERA		1995-05-01		Tipperary				0	0	1		245,265
R	WAI	R75-LIMERIC		1995-05-01		Limerick				0	0	1		245,265
R	WAI	R75-TIPPERA		1995-05-01		Tipperary				0	0	1		245,265
R	WAI	R76-LIMERIC		1995-05-01		Limerick				0	0	1		245,265
R	WAI	R76-TIPPERA		1995-05-01		Tipperary				0	0	1		245,265
R	WAI	R77-CLARE		1995-05-01		Clare				0	0	1		245,265
R	WAI	R77-TIPPERA		1995-05-01		Tipperary				0	0	1		245,265
R	WAI	R78-CLARE		1995-05-01		Clare				0	0	1		245,265
R	WAI	R78-TIPPERA		1995-05-01		Tipperary				0	0	1		245,265
R	WAI	R79-CLARE		1995-05-01		Clare				0	0	1		245,265
R	WAI	R79-GALWAY		1995-05-01		Galway				0	0	1		245,265
R	WAI	R79-TIPPERA		1995-05-01		Tipperary				0	0	1		245,265
R	WAI	R80-CORK		1995-05-01		Cork				0	0	1		245,265
R	WAI	R80-TIPPERA		1995-05-01		Tipperary				0	0	1		245,265
R	WAI	R80-WATERFO		1995-05-01		Waterford				0	0	1		245,265
R	WAI	R81-CORK		1995-05-01		Cork				0	0	1		245,265
R	WAI	R81-LIMERIC		1995-05-01		Limerick				0	0	1		245,265
R	WAI	R81-TIPPERA		1995-05-01		Tipperary				0	0	1		245,265
R	WAI	R82-LIMERIC		1995-05-01		Limerick				0	0	1		245,265
R	WAI	R82-TIPPERA		1995-05-01		Tipperary				0	0	1		245,265
R	WAI	R83-TIPPERA		1995-05-01		Tipperary				0	0	1		245,265
R	WAI	R84-LIMERIC		1995-05-01		Limerick				0	0	1		245,265
R	WAI	R84-TIPPERA		1995-05-01		Tipperary				0	0	1		245,265
R	WAI	R85-LIMERIC		1995-05-01		Limerick				0	0	1		245,265
R	WAI	R85-TIPPERA		1995-05-01		Tipperary				0	0	1		245,265
R	WAI	R86-LIMERIC		1995-05-01		Limerick				0	0	1		245,265
R	WAI	R86-TIPPERA		1995-05-01		Tipperary				0	0	1		245,265
R	WAI	R87-TIPPERA		1995-05-01		Tipperary				0	0	1		245,265
R	WAI	R88-CLARE		1995-05-01		Clare				0	0	1		245,265
R	WAI	R88-TIPPERA		1995-05-01		Tipperary				0	0	1		245,265
R	WAI	R89-CLARE		1995-05-01		Clare				0	0	1		245,265
R	WAI	R89-GALWAY		1995-05-01		Galway				0	0	1		245,265
R	WAI	R89-TIPPERA		1995-05-01		Tipperary				0	0	1		245,265
R	WAI	R90-CORK		1995-05-01		Cork				0	0	1		245,265
R	WAI	R90-TIPPERA		1995-05-01		Tipperary				0	0	1		245,265
R	WAI	R90-WATERFO		1995-05-01		Waterford				0	0	1		245,265
R	WAI	R91-TIPPERA		1995-05-01		Tipperary				0	0	1		245,265
R	WAI	R92-TIPPERA		1995-05-01		Tipperary				0	0	1		245,265
R	WAI	R93-TIPPERA		1995-05-01		Tipperary				0	0	1		245,265
R	WAI	R94-TIPPERA		1995-05-01		Tipperary				0	0	1		245,265
R	WAI	R95-TIPPERA		1995-05-01		Tipperary				0	0	1		245,265
R	WAI	R96-TIPPERA		1995-05-01		Tipperary				0	0	1		245,265
R	WAI	R97-TIPPERA		1995-05-01		Tipperary				0	0	1		245,265
R	WAI	R98-OFFALY		1995-05-01		Offaly				0	0	1		245,265
R	WAI	R98-TIPPERA		1995-05-01		Tipperary				0	0	1		245,265
R	WAI	R99-OFFALY		1995-05-01		Offaly				0	0	1		245,265
R	WAI	R99-TIPPERA		1995-05-01		Tipperary				0	0	1		245,265
R	WAI	S00-TIPPERA		1995-05-01		Tipperary				0	0	1		245,265
R	WAI	S00-WATERFO		1995-05-01		Waterford				0	0	1		245,265
R	WAI	S01-TIPPERA		1995-05-01		Tipperary				0	0	1		245,265
R	WAI	S01-WATERFO		1995-05-01		Waterford				0	0	1		245,265
R	WAI	S02-TIPPERA		1995-05-01		Tipperary				0	0	1		245,265
R	WAI	S03-TIPPERA		1995-05-01		Tipperary				0	0	1		245,265
R	WAI	S04-TIPPERA		1995-05-01		Tipperary				0	0	1		245,265
R	WAI	S05-TIPPERA		1995-05-01		Tipperary				0	0	1		245,265
R	WAI	S06-TIPPERA		1995-05-01		Tipperary				0	0	1		245,265
R	WAI	S07-OFFALY		1995-05-01		Offaly				0	0	1		245,265
R	WAI	S07-TIPPERA		1995-05-01		Tipperary				0	0	1		245,265
R	WAI	S08-OFFALY		1995-05-01		Offaly				0	0	1		245,265
R	WAI	S08-TIPPERA		1995-05-01		Tipperary				0	0	1		245,265
R	WAI	S09-OFFALY		1995-05-01		Offaly				0	0	1		245,265
R	WAI	S09-TIPPERA		1995-05-01		Tipperary				0	0	1		245,265
R	WAI	S10-TIPPERA		1995-05-01		Tipperary				0	0	1		245,265
R	WAI	S10-WATERFO		1995-05-01		Waterford				0	0	1		245,265
R	WAI	S11-TIPPERA		1995-05-01		Tipperary				0	0	1		245,265
R	WAI	S11-WATERFO		1995-05-01		Waterford				0	0	1		245,265
R	WAI	S12-TIPPERA		1995-05-01		Tipperary				0	0	1		245,265
R	WAI	S12-WATERFO		1995-05-01		Waterford				0	0	1		245,265
R	WAI	S13-TIPPERA		1995-05-01		Tipperary				0	0	1		245,265
R	WAI	S14-TIPPERA		1995-05-01		Tipperary				0	0	1		245,265
R	WAI	S15-TIPPERA		1995-05-01		Tipperary				0	0	1		245,265
R	WAI	S16-TIPPERA		1995-05-01		Tipperary				0	0	1		245,265
R	WAI	S17-LAOIS		1995-05-01		Laois				0	0	1		245,265
R	WAI	S17-TIPPERA		1995-05-01		Tipperary				0	0	1		245,265
R	WAI	S18-LAOIS		1995-05-01		Laois				0	0	1		245,265
R	WAI	S18-OFFALY		1995-05-01		Offaly				0	0	1		245,265
R	WAI	S18-TIPPERA		1995-05-01		Tipperary				0	0	1		245,265
R	WAI	S19-LAOIS		1995-05-01		Laois				0	0	1		245,265
R	WAI	S19-OFFALY		1995-05-01		Offaly				0	0	1		245,265
R	WAI	S19-TIPPERA		1995-05-01		Tipperary				0	0	1		245,265
R	WAI	S20-WATERFO		1995-05-01		Waterford				0	0	1		245,265
R	WAI	S21-WATERFO		1995-05-01		Waterford				0	0	1		245,265
R	WAI	S22-TIPPERA		1995-05-01		Tipperary				0	0	1		245,265
R	WAI	S22-WATERFO		1995-05-01		Waterford				0	0	1		245,265
R	WAI	S23-TIPPERA		1995-05-01		Tipperary				0	0	1		245,265
R	WAI	S24-TIPPERA		1995-05-01		Tipperary				0	0	1		245,265
R	WAI	S25-TIPPERA		1995-05-01		Tipperary				0	0	1		245,265
R	WAI	S26-KILKENN		1995-05-01		Kilkenny				0	0	1		245,265
R	WAI	S26-TIPPERA		1995-05-01		Tipperary				0	0	1		245,265
R	WAI	S27-KILKENN		1995-05-01		Kilkenny				0	0	1		245,265
R	WAI	S27-LAOIS		1995-05-01		Laois				0	0	1		245,265
R	WAI	S27-TIPPERA		1995-05-01		Tipperary				0	0	1		245,265
R	WAI	S28-LAOIS		1995-05-01		Laois				0	0	1		245,265
R	WAI	S28-TIPPERA		1995-05-01		Tipperary				0	0	1		245,265
R	WAI	S29-LAOIS		1995-05-01		Laois				0	0	1		245,265
R	WAI	S29-OFFALY		1995-05-01		Offaly				0	0	1		245,265
R	WAI	S30-WATERFO		1995-05-01		Waterford				0	0	1		245,265
R	WAI	S31-WATERFO		1995-05-01		Waterford				0	0	1		245,265
R	WAI	S32-TIPPERA		1995-05-01		Tipperary				0	0	1		245,265
R	WAI	S32-WATERFO		1995-05-01		Waterford				0	0	1		245,265
R	WAI	S33-KILKENN		1995-05-01		Kilkenny				0	0	1		245,265
R	WAI	S33-TIPPERA		1995-05-01		Tipperary				0	0	1		245,265
R	WAI	S34-KILKENN		1995-05-01		Kilkenny				0	0	1		245,265
R	WAI	S34-TIPPERA		1995-05-01		Tipperary				0	0	1		245,265
R	WAI	S35-KILKENN		1995-05-01		Kilkenny				0	0	1		245,265
R	WAI	S35-TIPPERA		1995-05-01		Tipperary				0	0	1		245,265
R	WAI	S36-KILKENN		1995-05-01		Kilkenny				0	0	1		245,265
R	WAI	S36-TIPPERA		1995-05-01		Tipperary				0	0	1		245,265
R	WAI	S37-KILKENN		1995-05-01		Kilkenny				0	0	1		245,265
R	WAI	S37-LAOIS		1995-05-01		Laois				0	0	1		245,265
R	WAI	S38-LAOIS		1995-05-01		Laois				0	0	1		245,265
R	WAI	S39-LAOIS		1995-05-01		Laois				0	0	1		245,265
R	WAI	S40-WATERFO		1995-05-01		Waterford				0	0	1		245,265
R	WAI	S41-KILKENN		1995-05-01		Kilkenny				0	0	1		245,265
R	WAI	S41-WATERFO		1995-05-01		Waterford				0	0	1		245,265
R	WAI	S42-KILKENN		1995-05-01		Kilkenny				0	0	1		245,265
R	WAI	S42-TIPPERA		1995-05-01		Tipperary				0	0	1		245,265
R	WAI	S42-WATERFO		1995-05-01		Waterford				0	0	1		245,265
R	WAI	S43-KILKENN		1995-05-01		Kilkenny				0	0	1		245,265
R	WAI	S43-TIPPERA		1995-05-01		Tipperary				0	0	1		245,265
R	WAI	S44-KILKENN		1995-05-01		Kilkenny				0	0	1		245,265
R	WAI	S45-KILKENN		1995-05-01		Kilkenny				0	0	1		245,265
R	WAI	S46-KILKENN		1995-05-01		Kilkenny				0	0	1		245,265
R	WAI	S47-KILKENN		1995-05-01		Kilkenny				0	0	1		245,265
R	WAI	S47-LAOIS		1995-05-01		Laois				0	0	1		245,265
R	WAI	S48-LAOIS		1995-05-01		Laois				0	0	1		245,265
R	WAI	S49-LAOIS		1995-05-01		Laois				0	0	1		245,265
R	WAI	S50-WATERFO		1995-05-01		Waterford				0	0	1		245,265
R	WAI	S51-KILKENN		1995-05-01		Kilkenny				0	0	1		245,265
R	WAI	S51-WATERFO		1995-05-01		Waterford				0	0	1		245,265
R	WAI	S52-KILKENN		1995-05-01		Kilkenny				0	0	1		245,265
R	WAI	S53-KILKENN		1995-05-01		Kilkenny				0	0	1		245,265
R	WAI	S54-KILKENN		1995-05-01		Kilkenny				0	0	1		245,265
R	WAI	S55-KILKENN		1995-05-01		Kilkenny				0	0	1		245,265
R	WAI	S56-KILKENN		1995-05-01		Kilkenny				0	0	1		245,265
R	WAI	S57-KILKENN		1995-05-01		Kilkenny				0	0	1		245,265
R	WAI	S57-LAOIS		1995-05-01		Laois				0	0	1		245,265
R	WAI	S58-KILKENN		1995-05-01		Kilkenny				0	0	1		245,265
R	WAI	S58-LAOIS		1995-05-01		Laois				0	0	1		245,265
R	WAI	S59-LAOIS		1995-05-01		Laois				0	0	1		245,265
R	WAI	S60-WATERFO		1995-05-01		Waterford				0	0	1		245,265
R	WAI	S61-KILKENN		1995-05-01		Kilkenny				0	0	1		245,265
R	WAI	S61-WATERFO		1995-05-01		Waterford				0	0	1		245,265
R	WAI	S61-WEXFORD		1995-05-01		Wexford				0	0	1		245,265
R	WAI	S62-KILKENN		1995-05-01		Kilkenny				0	0	1		245,265
R	WAI	S62-WEXFORD		1995-05-01		Wexford				0	0	1		245,265
R	WAI	S63-KILKENN		1995-05-01		Kilkenny				0	0	1		245,265
R	WAI	S64-KILKENN		1995-05-01		Kilkenny				0	0	1		245,265
R	WAI	S65-CARLOW		1995-05-01		Carlow				0	0	1		245,265
R	WAI	S65-KILKENN		1995-05-01		Kilkenny				0	0	1		245,265
R	WAI	S66-CARLOW		1995-05-01		Carlow				0	0	1		245,265
R	WAI	S66-KILKENN		1995-05-01		Kilkenny				0	0	1		245,265
R	WAI	S67-CARLOW		1995-05-01		Carlow				0	0	1		245,265
R	WAI	S67-KILKENN		1995-05-01		Kilkenny				0	0	1		245,265
R	WAI	S67-LAOIS		1995-05-01		Laois				0	0	1		245,265
R	WAI	S68-KILDARE		1995-05-01		Kildare				0	0	1		245,265
R	WAI	S68-LAOIS		1995-05-01		Laois				0	0	1		245,265
R	WAI	S69-KILDARE		1995-05-01		Kildare				0	0	1		245,265
R	WAI	S69-LAOIS		1995-05-01		Laois				0	0	1		245,265
R	WAI	S70-WATERFO		1995-05-01		Waterford				0	0	1		245,265
R	WAI	S70-WEXFORD		1995-05-01		Wexford				0	0	1		245,265
R	WAI	S71-WATERFO		1995-05-01		Waterford				0	0	1		245,265
R	WAI	S71-WEXFORD		1995-05-01		Wexford				0	0	1		245,265
R	WAI	S72-KILKENN		1995-05-01		Kilkenny				0	0	1		245,265
R	WAI	S72-WEXFORD		1995-05-01		Wexford				0	0	1		245,265
R	WAI	S73-CARLOW		1995-05-01		Carlow				0	0	1		245,265
R	WAI	S73-KILKENN		1995-05-01		Kilkenny				0	0	1		245,265
R	WAI	S73-WEXFORD		1995-05-01		Wexford				0	0	1		245,265
R	WAI	S74-CARLOW		1995-05-01		Carlow				0	0	1		245,265
R	WAI	S74-KILKENN		1995-05-01		Kilkenny				0	0	1		245,265
R	WAI	S74-WEXFORD		1995-05-01		Wexford				0	0	1		245,265
R	WAI	S75-CARLOW		1995-05-01		Carlow				0	0	1		245,265
R	WAI	S75-KILKENN		1995-05-01		Kilkenny				0	0	1		245,265
R	WAI	S76-CARLOW		1995-05-01		Carlow				0	0	1		245,265
R	WAI	S77-CARLOW		1995-05-01		Carlow				0	0	1		245,265
R	WAI	S77-KILDARE		1995-05-01		Kildare				0	0	1		245,265
R	WAI	S77-LAOIS		1995-05-01		Laois				0	0	1		245,265
R	WAI	S78-CARLOW		1995-05-01		Carlow				0	0	1		245,265
R	WAI	S78-KILDARE		1995-05-01		Kildare				0	0	1		245,265
R	WAI	S78-LAOIS		1995-05-01		Laois				0	0	1		245,265
R	WAI	S79-KILDARE		1995-05-01		Kildare				0	0	1		245,265
R	WAI	S80-WEXFORD		1995-05-01		Wexford				0	0	1		245,265
R	WAI	S81-WEXFORD		1995-05-01		Wexford				0	0	1		245,265
R	WAI	S82-WEXFORD		1995-05-01		Wexford				0	0	1		245,265
R	WAI	S83-WEXFORD		1995-05-01		Wexford				0	0	1		245,265
R	WAI	S84-CARLOW		1995-05-01		Carlow				0	0	1		245,265
R	WAI	S84-WEXFORD		1995-05-01		Wexford				0	0	1		245,265
R	WAI	S85-CARLOW		1995-05-01		Carlow				0	0	1		245,265
R	WAI	S85-WEXFORD		1995-05-01		Wexford				0	0	1		245,265
R	WAI	S86-CARLOW		1995-05-01		Carlow				0	0	1		245,265
R	WAI	S86-WEXFORD		1995-05-01		Wexford				0	0	1		245,265
R	WAI	S86-WICKLOW		1995-05-01		Wicklow				0	0	1		245,265
R	WAI	S87-CARLOW		1995-05-01		Carlow				0	0	1		245,265
R	WAI	S87-WICKLOW		1995-05-01		Wicklow				0	0	1		245,265
R	WAI	S88-CARLOW		1995-05-01		Carlow				0	0	1		245,265
R	WAI	S88-KILDARE		1995-05-01		Kildare				0	0	1		245,265
R	WAI	S88-WICKLOW		1995-05-01		Wicklow				0	0	1		245,265
R	WAI	S89-KILDARE		1995-05-01		Kildare				0	0	1		245,265
R	WAI	S89-WICKLOW		1995-05-01		Wicklow				0	0	1		245,265
R	WAI	S90-WEXFORD		1995-05-01		Wexford				0	0	1		245,265
R	WAI	S91-WEXFORD		1995-05-01		Wexford				0	0	1		245,265
R	WAI	S92-WEXFORD		1995-05-01		Wexford				0	0	1		245,265
R	WAI	S93-WEXFORD		1995-05-01		Wexford				0	0	1		245,265
R	WAI	S94-WEXFORD		1995-05-01		Wexford				0	0	1		245,265
R	WAI	S95-CARLOW		1995-05-01		Carlow				0	0	1		245,265
R	WAI	S95-WEXFORD		1995-05-01		Wexford				0	0	1		245,265
R	WAI	S96-CARLOW		1995-05-01		Carlow				0	0	1		245,265
R	WAI	S96-WEXFORD		1995-05-01		Wexford				0	0	1		245,265
R	WAI	S96-WICKLOW		1995-05-01		Wicklow				0	0	1		245,265
R	WAI	S97-CARLOW		1995-05-01		Carlow				0	0	1		245,265
R	WAI	S97-WICKLOW		1995-05-01		Wicklow				0	0	1		245,265
R	WAI	S98-CARLOW		1995-05-01		Carlow				0	0	1		245,265
R	WAI	S98-WICKLOW		1995-05-01		Wicklow				0	0	1		245,265
R	WAI	S99-WICKLOW		1995-05-01		Wicklow				0	0	1		245,265
R	WAI	T00-WEXFORD		1995-05-01		Wexford				0	0	1		245,265
R	WAI	T01-WEXFORD		1995-05-01		Wexford				0	0	1		245,265
R	WAI	T02-WEXFORD		1995-05-01		Wexford				0	0	1		245,265
R	WAI	T03-WEXFORD		1995-05-01		Wexford				0	0	1		245,265
R	WAI	T04-WEXFORD		1995-05-01		Wexford				0	0	1		245,265
R	WAI	T05-WEXFORD		1995-05-01		Wexford				0	0	1		245,265
R	WAI	T06-WEXFORD		1995-05-01		Wexford				0	0	1		245,265
R	WAI	T06-WICKLOW		1995-05-01		Wicklow				0	0	1		245,265
R	WAI	T07-WEXFORD		1995-05-01		Wexford				0	0	1		245,265
R	WAI	T07-WICKLOW		1995-05-01		Wicklow				0	0	1		245,265
R	WAI	T08-CARLOW		1995-05-01		Carlow				0	0	1		245,265
R	WAI	T08-WICKLOW		1995-05-01		Wicklow				0	0	1		245,265
R	WAI	T09-WICKLOW		1995-05-01		Wicklow				0	0	1		245,265
R	WAI	T10-WEXFORD		1995-05-01		Wexford				0	0	1		245,265
R	WAI	T11-WEXFORD		1995-05-01		Wexford				0	0	1		245,265
R	WAI	T12-WEXFORD		1995-05-01		Wexford				0	0	1		245,265
R	WAI	T13-WEXFORD		1995-05-01		Wexford				0	0	1		245,265
R	WAI	T14-WEXFORD		1995-05-01		Wexford				0	0	1		245,265
R	WAI	T15-WEXFORD		1995-05-01		Wexford				0	0	1		245,265
R	WAI	T16-WEXFORD		1995-05-01		Wexford				0	0	1		245,265
R	WAI	T17-WEXFORD		1995-05-01		Wexford				0	0	1		245,265
R	WAI	T17-WICKLOW		1995-05-01		Wicklow				0	0	1		245,265
R	WAI	T18-WICKLOW		1995-05-01		Wicklow				0	0	1		245,265
R	WAI	T19-WICKLOW		1995-05-01		Wicklow				0	0	1		245,265
R	WAI	T20-WEXFORD		1995-05-01		Wexford				0	0	1		245,265
R	WAI	T24-WEXFORD		1995-05-01		Wexford				0	0	1		245,265
R	WAI	T25-WEXFORD		1995-05-01		Wexford				0	0	1		245,265
R	WAI	T26-WEXFORD		1995-05-01		Wexford				0	0	1		245,265
R	WAI	T26-WICKLOW		1995-05-01		Wicklow				0	0	1		245,265
R	WAI	T27-WEXFORD		1995-05-01		Wexford				0	0	1		245,265
R	WAI	T27-WICKLOW		1995-05-01		Wicklow				0	0	1		245,265
R	WAI	T28-WICKLOW		1995-05-01		Wicklow				0	0	1		245,265
R	WAI	T29-WICKLOW		1995-05-01		Wicklow				0	0	1		245,265
R	WAI	T37-WICKLOW		1995-05-01		Wicklow				0	0	1		245,265
R	WAI	T38-WICKLOW		1995-05-01		Wicklow				0	0	1		245,265
R	WAI	T39-WICKLOW		1995-05-01		Wicklow				0	0	1		245,265
R	WAI	V19-KERRY		1995-05-01		Kerry				0	0	1		245,265
R	WAI	V25-KERRY		1995-05-01		Kerry				0	0	1		245,265
R	WAI	V26-KERRY		1995-05-01		Kerry				0	0	1		245,265
R	WAI	V29-KERRY		1995-05-01		Kerry				0	0	1		245,265
R	WAI	V36-KERRY		1995-05-01		Kerry				0	0	1		245,265
R	WAI	V37-KERRY		1995-05-01		Kerry				0	0	1		245,265
R	WAI	V39-KERRY		1995-05-01		Kerry				0	0	1		245,265
R	WAI	V43-CORK		1995-05-01		Cork				0	0	1		245,265
R	WAI	V44-CORK		1995-05-01		Cork				0	0	1		245,265
R	WAI	V45-KERRY		1995-05-01		Kerry				0	0	1		245,265
R	WAI	V46-KERRY		1995-05-01		Kerry				0	0	1		245,265
R	WAI	V47-KERRY		1995-05-01		Kerry				0	0	1		245,265
R	WAI	V48-KERRY		1995-05-01		Kerry				0	0	1		245,265
R	WAI	V49-KERRY		1995-05-01		Kerry				0	0	1		245,265
R	WAI	V53-CORK		1995-05-01		Cork				0	0	1		245,265
R	WAI	V54-CORK		1995-05-01		Cork				0	0	1		245,265
R	WAI	V55-CORK		1995-05-01		Cork				0	0	1		245,265
R	WAI	V55-KERRY		1995-05-01		Kerry				0	0	1		245,265
R	WAI	V56-KERRY		1995-05-01		Kerry				0	0	1		245,265
R	WAI	V57-KERRY		1995-05-01		Kerry				0	0	1		245,265
R	WAI	V58-KERRY		1995-05-01		Kerry				0	0	1		245,265
R	WAI	V59-KERRY		1995-05-01		Kerry				0	0	1		245,265
R	WAI	V63-CORK		1995-05-01		Cork				0	0	1		245,265
R	WAI	V64-CORK		1995-05-01		Cork				0	0	1		245,265
R	WAI	V65-CORK		1995-05-01		Cork				0	0	1		245,265
R	WAI	V65-KERRY		1995-05-01		Kerry				0	0	1		245,265
R	WAI	V66-KERRY		1995-05-01		Kerry				0	0	1		245,265
R	WAI	V67-KERRY		1995-05-01		Kerry				0	0	1		245,265
R	WAI	V68-KERRY		1995-05-01		Kerry				0	0	1		245,265
R	WAI	V69-KERRY		1995-05-01		Kerry				0	0	1		245,265
R	WAI	V72-CORK		1995-05-01		Cork				0	0	1		245,265
R	WAI	V73-CORK		1995-05-01		Cork				0	0	1		245,265
R	WAI	V74-CORK		1995-05-01		Cork				0	0	1		245,265
R	WAI	V75-CORK		1995-05-01		Cork				0	0	1		245,265
R	WAI	V75-KERRY		1995-05-01		Kerry				0	0	1		245,265
R	WAI	V76-KERRY		1995-05-01		Kerry				0	0	1		245,265
R	WAI	V77-KERRY		1995-05-01		Kerry				0	0	1		245,265
R	WAI	V78-KERRY		1995-05-01		Kerry				0	0	1		245,265
R	WAI	V79-KERRY		1995-05-01		Kerry				0	0	1		245,265
R	WAI	V81-CORK		1995-05-01		Cork				0	0	1		245,265
R	WAI	V82-CORK		1995-05-01		Cork				0	0	1		245,265
R	WAI	V83-CORK		1995-05-01		Cork				0	0	1		245,265
R	WAI	V84-CORK		1995-05-01		Cork				0	0	1		245,265
R	WAI	V85-CORK		1995-05-01		Cork				0	0	1		245,265
R	WAI	V85-KERRY		1995-05-01		Kerry				0	0	1		245,265
R	WAI	V86-CORK		1995-05-01		Cork				0	0	1		245,265
R	WAI	V86-KERRY		1995-05-01		Kerry				0	0	1		245,265
R	WAI	V87-KERRY		1995-05-01		Kerry				0	0	1		245,265
R	WAI	V88-KERRY		1995-05-01		Kerry				0	0	1		245,265
R	WAI	V89-KERRY		1995-05-01		Kerry				0	0	1		245,265
R	WAI	V91-CORK		1995-05-01		Cork				0	0	1		245,265
R	WAI	V92-CORK		1995-05-01		Cork				0	0	1		245,265
R	WAI	V93-CORK		1995-05-01		Cork				0	0	1		245,265
R	WAI	V94-CORK		1995-05-01		Cork				0	0	1		245,265
R	WAI	V95-CORK		1995-05-01		Cork				0	0	1		245,265
R	WAI	V96-CORK		1995-05-01		Cork				0	0	1		245,265
R	WAI	V96-KERRY		1995-05-01		Kerry				0	0	1		245,265
R	WAI	V97-KERRY		1995-05-01		Kerry				0	0	1		245,265
R	WAI	V98-KERRY		1995-05-01		Kerry				0	0	1		245,265
R	WAI	V99-KERRY		1995-05-01		Kerry				0	0	1		245,265
R	WAI	W02-CORK		1995-05-01		Cork				0	0	1		245,265
R	WAI	W03-CORK		1995-05-01		Cork				0	0	1		245,265
R	WAI	W04-CORK		1995-05-01		Cork				0	0	1		245,265
R	WAI	W05-CORK		1995-05-01		Cork				0	0	1		245,265
R	WAI	W06-CORK		1995-05-01		Cork				0	0	1		245,265
R	WAI	W06-KERRY		1995-05-01		Kerry				0	0	1		245,265
R	WAI	W07-KERRY		1995-05-01		Kerry				0	0	1		245,265
R	WAI	W08-KERRY		1995-05-01		Kerry				0	0	1		245,265
R	WAI	W09-KERRY		1995-05-01		Kerry				0	0	1		245,265
R	WAI	W12-CORK		1995-05-01		Cork				0	0	1		245,265
R	WAI	W13-CORK		1995-05-01		Cork				0	0	1		245,265
R	WAI	W14-CORK		1995-05-01		Cork				0	0	1		245,265
R	WAI	W15-CORK		1995-05-01		Cork				0	0	1		245,265
R	WAI	W16-CORK		1995-05-01		Cork				0	0	1		245,265
R	WAI	W16-KERRY		1995-05-01		Kerry				0	0	1		245,265
R	WAI	W17-CORK		1995-05-01		Cork				0	0	1		245,265
R	WAI	W17-KERRY		1995-05-01		Kerry				0	0	1		245,265
R	WAI	W18-CORK		1995-05-01		Cork				0	0	1		245,265
R	WAI	W18-KERRY		1995-05-01		Kerry				0	0	1		245,265
R	WAI	W19-CORK		1995-05-01		Cork				0	0	1		245,265
R	WAI	W19-KERRY		1995-05-01		Kerry				0	0	1		245,265
R	WAI	W23-CORK		1995-05-01		Cork				0	0	1		245,265
R	WAI	W24-CORK		1995-05-01		Cork				0	0	1		245,265
R	WAI	W25-CORK		1995-05-01		Cork				0	0	1		245,265
R	WAI	W26-CORK		1995-05-01		Cork				0	0	1		245,265
R	WAI	W27-CORK		1995-05-01		Cork				0	0	1		245,265
R	WAI	W28-CORK		1995-05-01		Cork				0	0	1		245,265
R	WAI	W28-KERRY		1995-05-01		Kerry				0	0	1		245,265
R	WAI	W29-CORK		1995-05-01		Cork				0	0	1		245,265
R	WAI	W33-CORK		1995-05-01		Cork				0	0	1		245,265
R	WAI	W34-CORK		1995-05-01		Cork				0	0	1		245,265
R	WAI	W35-CORK		1995-05-01		Cork				0	0	1		245,265
R	WAI	W36-CORK		1995-05-01		Cork				0	0	1		245,265
R	WAI	W37-CORK		1995-05-01		Cork				0	0	1		245,265
R	WAI	W38-CORK		1995-05-01		Cork				0	0	1		245,265
R	WAI	W39-CORK		1995-05-01		Cork				0	0	1		245,265
R	WAI	W43-CORK		1995-05-01		Cork				0	0	1		245,265
R	WAI	W44-CORK		1995-05-01		Cork				0	0	1		245,265
R	WAI	W45-CORK		1995-05-01		Cork				0	0	1		245,265
R	WAI	W46-CORK		1995-05-01		Cork				0	0	1		245,265
R	WAI	W47-CORK		1995-05-01		Cork				0	0	1		245,265
R	WAI	W48-CORK		1995-05-01		Cork				0	0	1		245,265
R	WAI	W49-CORK		1995-05-01		Cork				0	0	1		245,265
R	WAI	W53-CORK		1995-05-01		Cork				0	0	1		245,265
R	WAI	W54-CORK		1995-05-01		Cork				0	0	1		245,265
R	WAI	W55-CORK		1995-05-01		Cork				0	0	1		245,265
R	WAI	W56-CORK		1995-05-01		Cork				0	0	1		245,265
R	WAI	W57-CORK		1995-05-01		Cork				0	0	1		245,265
R	WAI	W58-CORK		1995-05-01		Cork				0	0	1		245,265
R	WAI	W59-CORK		1995-05-01		Cork				0	0	1		245,265
R	WAI	W63-CORK		1995-05-01		Cork				0	0	1		245,265
R	WAI	W64-CORK		1995-05-01		Cork				0	0	1		245,265
R	WAI	W65-CORK		1995-05-01		Cork				0	0	1		245,265
R	WAI	W66-CORK		1995-05-01		Cork				0	0	1		245,265
R	WAI	W67-CORK		1995-05-01		Cork				0	0	1		245,265
R	WAI	W68-CORK		1995-05-01		Cork				0	0	1		245,265
R	WAI	W69-CORK		1995-05-01		Cork				0	0	1		245,265
R	WAI	W74-CORK		1995-05-01		Cork				0	0	1		245,265
R	WAI	W75-CORK		1995-05-01		Cork				0	0	1		245,265
R	WAI	W76-CORK		1995-05-01		Cork				0	0	1		245,265
R	WAI	W77-CORK		1995-05-01		Cork				0	0	1		245,265
R	WAI	W78-CORK		1995-05-01		Cork				0	0	1		245,265
R	WAI	W79-CORK		1995-05-01		Cork				0	0	1		245,265
R	WAI	W85-CORK		1995-05-01		Cork				0	0	1		245,265
R	WAI	W86-CORK		1995-05-01		Cork				0	0	1		245,265
R	WAI	W87-CORK		1995-05-01		Cork				0	0	1		245,265
R	WAI	W88-CORK		1995-05-01		Cork				0	0	1		245,265
R	WAI	W89-CORK		1995-05-01		Cork				0	0	1		245,265
R	WAI	W89-WATERFO		1995-05-01		Waterford				0	0	1		245,265
R	WAI	W96-CORK		1995-05-01		Cork				0	0	1		245,265
R	WAI	W97-CORK		1995-05-01		Cork				0	0	1		245,265
R	WAI	W98-CORK		1995-05-01		Cork				0	0	1		245,265
R	WAI	W98-WATERFO		1995-05-01		Waterford				0	0	1		245,265
R	WAI	W99-CORK		1995-05-01		Cork				0	0	1		245,265
R	WAI	W99-WATERFO		1995-05-01		Waterford				0	0	1		245,265
R	WAI	X06-CORK		1995-05-01		Cork				0	0	1		245,265
R	WAI	X07-CORK		1995-05-01		Cork				0	0	1		245,265
R	WAI	X08-CORK		1995-05-01		Cork				0	0	1		245,265
R	WAI	X08-WATERFO		1995-05-01		Waterford				0	0	1		245,265
R	WAI	X09-WATERFO		1995-05-01		Waterford				0	0	1		245,265
R	WAI	X16-CORK		1995-05-01		Cork				0	0	1		245,265
R	WAI	X17-CORK		1995-05-01		Cork				0	0	1		245,265
R	WAI	X17-WATERFO		1995-05-01		Waterford				0	0	1		245,265
R	WAI	X18-CORK		1995-05-01		Cork				0	0	1		245,265
R	WAI	X18-WATERFO		1995-05-01		Waterford				0	0	1		245,265
R	WAI	X19-WATERFO		1995-05-01		Waterford				0	0	1		245,265
R	WAI	X27-WATERFO		1995-05-01		Waterford				0	0	1		245,265
R	WAI	X28-WATERFO		1995-05-01		Waterford				0	0	1		245,265
R	WAI	X29-WATERFO		1995-05-01		Waterford				0	0	1		245,265
R	WAI	X38-WATERFO		1995-05-01		Waterford				0	0	1		245,265
R	WAI	X39-WATERFO		1995-05-01		Waterford				0	0	1		245,265
R	WAI	X49-WATERFO		1995-05-01		Waterford				0	0	1		245,265
R	WAI	X59-WATERFO		1995-05-01		Waterford				0	0	1		245,265
R	WAI	X69-WATERFO		1995-05-01		Waterford				0	0	1		245,265
R	WAI	X79-WEXFORD		1995-05-01		Wexford				0	0	1		245,265
R	WAI	X99-WEXFORD		1995-05-01		Wexford				0	0	1		245,265
