# Referencias del diploma WAIL. Generado; no se edita a mano.
R	WAIL	AB-001	ITA-138	1900-01-01		Punta Penna	Abruzzo	Vasto		0	0	1		248
R	WAIL	AB-002	ITA-108	1900-01-01		Molo Nord, radice	Abruzzo	Ortona		0	0	1		248
R	WAIL	AB-003	N/A	1900-01-01		Faro di Pescara	Abruzzo	Pescara		0	0	1		248
R	WAIL	BA-001	ITA-318	1900-01-01		Torre la Scanzana o del Faro	Basilicata	Scanzano Jonico		0	0	1		248
R	WAIL	CA-001	ITA-178	1900-01-01		Castello d'Ischia	Campania	Ischia		0	0	1		248
R	WAIL	CA-002	ITA-262	1900-01-01		Isola d'Ischia, estr. molo	Campania	Ischia		0	0	1		248
R	WAIL	CA-003	ITA-132	1900-01-01		Punta Imperatore, estr. S/W	Campania	Ischia		0	0	1		248
R	WAIL	CA-004	ITA-027	1900-01-01		Capo Miseno	Campania	Bacoli		0	0	1		248
R	WAIL	CA-005	ITA-103	1900-01-01		Molo San Vincenzo estr.	Campania	Napoli		0	0	1		248
R	WAIL	CA-007	ITA-064 ITA-182	1900-01-01		Fanale d'atterraggio	Campania	Castellammare di Stabia		0	0	1		248
R	WAIL	CA-008	ITA-124	1900-01-01		Punta Carena, sotto Isola di Capri	Campania	Capri		0	0	1		248
R	WAIL	CA-009	ITA-019	1900-01-01		Capo d'Orso	Campania	Maiori		0	0	1		248
R	WAIL	CA-010	ITA-030	1900-01-01		Capo Palinuro	Campania	Centola		0	0	1		248
R	WAIL	CA-011	ITA-079	1900-01-01		Faro Scario, sulla spiaggia a E del paese	Campania	San Giovanni a Piro		0	0	1		248
R	WAIL	CA-012	ITA-296	1900-01-01		Punta Pioppetto	Campania	Procida		0	0	1		248
R	WAIL	CA-015	ITA-276	1900-01-01		Portici, banchina estr.	Campania	Portici		0	0	1		248
R	WAIL	CA-016	ITA-243	1900-01-01		Punta Campanella, vicino Torre Minerva	Campania	Massa Lubrense		0	0	1		248
R	WAIL	CA-019	ITA-185	1900-01-01		Punta Fortino	Campania	Agropoli		0	0	1		248
R	WAIL	CA-020	ITA-089	1900-01-01		Isola di Licosa	Campania	Castellabbate		0	0	1		248
R	WAIL	CL-001	ITA-016	1900-01-01		Capo di Bonifati	Calabria	Capo Bonifati		0	0	1		248
R	WAIL	CL-002	ITA-111	1900-01-01		Paola	Calabria	Paola		0	0	1		248
R	WAIL	CL-003	ITA-045	1900-01-01		Capo Suvero	Calabria	Gizzeria		0	0	1		248
R	WAIL	CL-004	ITA-004	1900-01-01		Calata Buccarelli (molo foraneo), estr.	Calabria	Vibo Valentia		0	0	1		248
R	WAIL	CL-005	ITA-047	1900-01-01		Capo Vaticano	Calabria	Ricadi		0	0	1		248
R	WAIL	CL-006	ITA-050	1900-01-01		Scilla - Sul castello	Calabria	Scilla		0	0	1		248
R	WAIL	CL-007	ITA-139	1900-01-01		Punta Pezzo	Calabria	Villa San Giovanni		0	0	1		248
R	WAIL	CL-008	ITA-014	1900-01-01		Capo dell'Armi	Calabria	Motta San Giovanni		0	0	1		248
R	WAIL	CL-009	ITA-043	1900-01-01		Capo Spartivento Calabro	Calabria	Palizzi		0	0	1		248
R	WAIL	CL-010	ITA-147	1900-01-01		Punta Stilo	Calabria	Monasterace		0	0	1		248
R	WAIL	CL-011	ITA-033	1900-01-01		Capo Rizzuto	Calabria	Isola di Capo Rizzuto		0	0	1		248
R	WAIL	CL-012	ITA-010	1900-01-01		Capo Colonne	Calabria	Crotone		0	0	1		248
R	WAIL	CL-013	ITA-122	1900-01-01		Punta Alice	Calabria	Ciro' Marina		0	0	1		248
R	WAIL	CL-015	ITA-191	1900-01-01		Capo Trionto	Calabria	Rossano Calabro		0	0	1		248
R	WAIL	CL-016	ITA-310	1900-01-01		Laghi di Marina di Sibari, Punta Coscio	Calabria	Cassano allo Jonio		0	0	1		248
R	WAIL	CL-017	N/A	1900-01-01		Faro Votivo di Mormanno	Calabria	Mormanno		0	0	1		248
R	WAIL	ER-001	ITA-051	1900-01-01		Molo di Levante, radice	Emilia-R.	Cattolica		0	0	1		248
R	WAIL	ER-002	ITA-152	1900-01-01		A s dell'entrata	Emilia-R.	Rimini		0	0	1		248
R	WAIL	ER-003	ITA-052	1900-01-01		A S/W dell'entrata	Emilia-R.	Cesenatico		0	0	1		248
R	WAIL	ER-004	ITA-114	1900-01-01		Molo Sud, radice	Emilia-R.	Ravenna		0	0	1		248
R	WAIL	ER-005	ITA-116	1900-01-01		Molo Nord - Porto Garibaldi	Emilia-R.	Comacchio		0	0	1		248
R	WAIL	ER-006	ITA-196	1900-01-01		Cervia	Emilia-R.	Cervia		0	0	1		248
R	WAIL	ER-007	ITA-073 ITA-176	1900-01-01		Porto di Po di Goro	Emilia-R.	Goro		0	0	1		248
R	WAIL	ER-008	N/A	1900-01-01		Faro ai Caduti di Gaggio Montano	Emilia-R.	Gaggio Montano		0	0	1		248
R	WAIL	FV-001	ITA-174	1900-01-01		Faro della Vittoria	Friuli-V. G.	Trieste		0	0	1		248
R	WAIL	LA-001	ITA-293	1900-01-01		Monte Cappuccini	Lazio	Civitavecchia		0	0	1		248
R	WAIL	LA-002	ITA-012	1900-01-01		Capo d'Anzio	Lazio	Anzio		0	0	1		248
R	WAIL	LA-003	ITA-009	1900-01-01		Capo Circeo	Lazio	Capo Circeo		0	0	1		248
R	WAIL	LA-004	ITA-277	1900-01-01		Isola di Ponza, faraglione della Guardia	Lazio	Isola di Ponza		0	0	1		248
R	WAIL	LA-005	ITA-172	1900-01-01		Isola di Ventotene	Lazio	Ventotene		0	0	1		248
R	WAIL	LA-006	ITA-105	1900-01-01		Monte Orlando	Lazio	Gaeta		0	0	1		248
R	WAIL	LA-007	ITA-324	1900-01-01		Vecchio Faro di Fiumara	Lazio	Fiumicino		0	0	1		248
R	WAIL	LA-010	ITA-210	1900-01-01		Isola di Zannone, Capo Negro	Lazio	Ponza		0	0	1		248
R	WAIL	LA-012	ITA-215	1900-01-01		Colle di Punta della Madonna	Lazio	Ponza		0	0	1		248
R	WAIL	LI-001	ITA-013	1900-01-01		Capo dell'Arma - Punta Verde	Liguria	Sanremo		0	0	1		248
R	WAIL	LI-002	ITA-118	1900-01-01		Molo lungo a 150 m dall'estremita'	Liguria	Imperia - Porto Maurizio		0	0	1		248
R	WAIL	LI-003	ITA-015	1900-01-01		Capo Mele	Liguria	Andora - Capo Mele		0	0	1		248
R	WAIL	LI-004	ITA-017	1900-01-01		Capo di Vado Ligure	Liguria	Bergeggi		0	0	1		248
R	WAIL	LI-005	ITA-177	1900-01-01		Lanterna di Genova	Liguria	Genova		0	0	1		248
R	WAIL	LI-006	ITA-151	1900-01-01		Punta Vagno	Liguria	Genova		0	0	1		248
R	WAIL	LI-008	ITA-131	1900-01-01		Punta di Portofino	Liguria	Portofino		0	0	1		248
R	WAIL	LI-009	ITA-282	1900-01-01		Isola del Tino - Faro di San Venerio	Liguria	La Spezia		0	0	1		248
R	WAIL	LI-010	ITA-165	1900-01-01		Sobborgo di Pegazzano	Liguria	La Spezia		0	0	1		248
R	WAIL	LI-016	N/A	1900-01-01		Scoglio Torre della Scuola	Liguria	Portovenere		0	0	1		248
R	WAIL	LO-001	N/A	1900-01-01		Monumento ai Caduti di Besozzo	Lombardia	Besozzo		0	0	1		248
R	WAIL	LO-002	N/A	1900-01-01		Faro Voltiano	Lombardia	Brunate		0	0	1		248
R	WAIL	LO-003	N/A	1900-01-01		San Martino della Battaglia	Lombardia	Desenzano del Garda		0	0	1		248
R	WAIL	LO-004	N/A	1900-01-01		Torre San Marco	Lombardia	Gardone Riviera		0	0	1		248
R	WAIL	LO-005	N/A	1900-01-01		Desenzano del Garda	Lombardia	Desenzano del Garda		0	0	1		248
R	WAIL	MA-001	ITA-154	1900-01-01		Parte S/W del porto	Marche	San Benedetto del Tronto		0	0	1		248
R	WAIL	MA-002	ITA-112	1900-01-01		Pedaso	Marche	Pedaso		0	0	1		248
R	WAIL	MA-003	ITA-104	1900-01-01		Colle Cappuccini	Marche	Ancona		0	0	1		248
R	WAIL	MA-004	ITA-181	1900-01-01		Diga Levante, radice	Marche	Senigallia		0	0	1		248
R	WAIL	MA-005	ITA-065	1900-01-01		Circa 350 m a sud dell'entrata	Marche	Fano		0	0	1		248
R	WAIL	MA-006	ITA-106	1900-01-01		Monte San Bartolo	Marche	Pesaro		0	0	1		248
R	WAIL	MA-007	ITA-323	1900-01-01		Fanale votivo sulla chiesa del Cristo Re	Marche	Civitanova Marche		0	0	1		248
R	WAIL	MO-001	ITA-167	1900-01-01		Sulla parte alta della cittadella	Molise	Termoli		0	0	1		248
R	WAIL	PI-001	N/A	1900-01-01		Intra	Piemonte	Verbania		0	0	1		248
R	WAIL	PU-001	ITA-040	1900-01-01		Capo San Vito	Puglia	Taranto		0	0	1		248
R	WAIL	PU-003	ITA-171	1900-01-01		Torre San Giovanni	Puglia	Ugento		0	0	1		248
R	WAIL	PU-004	ITA-039	1900-01-01		Capo Santa Maria di Leuca	Puglia	Castrignano del Capo		0	0	1		248
R	WAIL	PU-005	ITA-137	1900-01-01		Punta Palascia	Puglia	Otranto		0	0	1		248
R	WAIL	PU-006	ITA-170	1900-01-01		Torre Sant'Andrea	Puglia	Melendugno		0	0	1		248
R	WAIL	PU-007	ITA-142	1900-01-01		Punta San Cataldo di Lecce	Puglia	Lecce		0	0	1		248
R	WAIL	PU-008	ITA-107	1900-01-01		Monumento al Marinaio d'Italia	Puglia	Brindisi		0	0	1		248
R	WAIL	PU-009	ITA-150	1900-01-01		Punta Torre Canne	Puglia	Fasano		0	0	1		248
R	WAIL	PU-010	ITA-141	1900-01-01		Punta San Cataldo	Puglia	Bari		0	0	1		248
R	WAIL	PU-011	ITA-313	1900-01-01		Molo di Tramontana, a 40 m dall'estremita'	Puglia	Barletta		0	0	1		248
R	WAIL	PU-012	ITA-099	1900-01-01		Molo di Levante, radice	Puglia	Manfredonia		0	0	1		248
R	WAIL	PU-013	ITA-169	1900-01-01		Torre Preposti	Puglia	Mattinata		0	0	1		248
R	WAIL	PU-014	ITA-090	1900-01-01		Isola di Sant'Eufemia	Puglia	Vieste		0	0	1		248
R	WAIL	PU-016	ITA-224	1900-01-01		Sul gomito tra Molo Foraneo e San Michele	Puglia	Molfetta		0	0	1		248
R	WAIL	PU-019	ITA-275	1900-01-01		Mar Grande, Allineamento 193 post.	Puglia	Taranto		0	0	1		248
R	WAIL	PU-022	ITA-238	1900-01-01		All. posteriore	Puglia	Porto Cesareo		0	0	1		248
R	WAIL	PU-023	ITA-084	1900-01-01		Isola di Sant'Andrea	Puglia	Gallipoli		0	0	1		248
R	WAIL	PU-026	ITA-264	1900-01-01		Punta Craulo	Puglia	Otranto		0	0	1		248
R	WAIL	PU-028	ITA-175	1900-01-01		Le Pedagne	Puglia	Brindisi		0	0	1		248
R	WAIL	PU-029	ITA-187	1900-01-01		Castello Alfonsino, Diga di Forte a Mare	Puglia	Brindisi		0	0	1		248
R	WAIL	PU-035	ITA-272 ITA-321	1900-01-01		Molo Sant'Antonio, 120m estremita'	Puglia	Trani		0	0	1		248
R	WAIL	PU-037	ITA-245	1900-01-01		Punta del Diavolo - Isola San Domino	Puglia	Isole Tremiti		0	0	1		248
R	WAIL	PU-039	ITA-274	1900-01-01		Isola di San Nicola - costa N/E	Puglia	Isole Tremiti		0	0	1		248
R	WAIL	PU-040	ITA-212	1900-01-01		Sulla costa N	Puglia	Isole Tremiti		0	0	1		248
R	WAIL	SA-001	SAR-021	1900-01-01		Capo Testa	Sardegna	Santa Teresa di Gallura		0	0	1		225
R	WAIL	SA-002	SAR-015	1900-01-01		Capo Ferro - estr. N	Sardegna	Arzachena		0	0	1		225
R	WAIL	SA-003	SAR-024	1900-01-01		Isola della Bocca	Sardegna	Olbia		0	0	1		225
R	WAIL	SA-004	SAR-037	1900-01-01		Punta Timone - Isola di Tavolara	Sardegna	Olbia		0	0	1		225
R	WAIL	SA-005	SAR-011	1900-01-01		Capo Comino	Sardegna	Siniscola		0	0	1		225
R	WAIL	SA-006	SAR-008	1900-01-01		Capo Bellavista	Sardegna	Tortoli'		0	0	1		225
R	WAIL	SA-007	SAR-010	1900-01-01		Capo Carbonara	Sardegna	Villasimius		0	0	1		225
R	WAIL	SA-008	SAR-019	1900-01-01		Capo Sant'Elia	Sardegna	Cagliari		0	0	1		225
R	WAIL	SA-009	SAR-020	1900-01-01		Capo Spartivento	Sardegna	Domus de Maria		0	0	1		225
R	WAIL	SA-010	SAR-032	1900-01-01		Porto Ponte Romano, costa N/E del porto	Sardegna	Sant'Antioco		0	0	1		225
R	WAIL	SA-011	SAR-018	1900-01-01		Capo Sandalo	Sardegna	Carloforte		0	0	1		225
R	WAIL	SA-012	SAR-017	1900-01-01		Capo San Marco	Sardegna	Cabras		0	0	1		225
R	WAIL	SA-013	SAR-042	1900-01-01		Capo Caccia	Sardegna	Alghero		0	0	1		225
R	WAIL	SA-014	SAR-023	1900-01-01		Punta dello Scorno - Isola dell'Asinara	Sardegna	Porto Torres		0	0	1		225
R	WAIL	SA-015	SAR-033	1900-01-01		Porto Torres	Sardegna	Porto Torres		0	0	1		225
R	WAIL	SA-017	SAR-048	1900-01-01		Isola Razzoli - Punta N/W	Sardegna	La Maddalena		0	0	1		225
R	WAIL	SA-018	SAR-007	1900-01-01		Isola di Santa Maria - Punta Filetto	Sardegna	La Maddalena		0	0	1		225
R	WAIL	SA-019	SAR-036	1900-01-01		Punta Sardegna	Sardegna	Palau		0	0	1		225
R	WAIL	SA-020	SAR-043	1900-01-01		Capo d'Orso	Sardegna	Palau		0	0	1		225
R	WAIL	SA-021	SAR-005	1900-01-01		Isolotti dei Monaci - A S/W del gruppo	Sardegna	La Maddalena		0	0	1		225
R	WAIL	SA-023	SAR-027	1900-01-01		Isolotto Figarolo	Sardegna	Golfo Aranci		0	0	1		225
R	WAIL	SA-025	SAR-013	1900-01-01		Capo Ferrato	Sardegna	Muravera		0	0	1		225
R	WAIL	SA-026	SAR-001	1900-01-01		Isola dei Cavoli, parte N/E	Sardegna	Villasimius		0	0	1		225
R	WAIL	SA-027	SAR-012	1900-01-01		Torre Sant'Efisio	Sardegna	Pula		0	0	1		225
R	WAIL	SA-028	SAR-004	1900-01-01		Isolotto il Toro	Sardegna	Sant'Antioco		0	0	1		225
R	WAIL	SA-029	SAR-034	1900-01-01		Scoglio la Ghinghetta	Sardegna	Portoscuso		0	0	1		225
R	WAIL	SA-031	SAR-003	1900-01-01		Isolotto Mal di Ventre	Sardegna	Cabras		0	0	1		225
R	WAIL	SA-032	SAR-016	1900-01-01		Capo Mannu	Sardegna	San Vero Milis		0	0	1		225
R	WAIL	SA-033	SAR-046	1900-01-01		Porto Conte, Torre Nuova	Sardegna	Alghero		0	0	1		225
R	WAIL	SA-035	SAR-038	1900-01-01		Scoglio Mangiabarche	Sardegna	Calasetta		0	0	1		225
R	WAIL	SI-001	ITA-031	1900-01-01		Capo Peloro	Sicilia	Messina		0	0	1		248
R	WAIL	SI-002	ITA-143	1900-01-01		Punta San Raineri	Sicilia	Messina		0	0	1		248
R	WAIL	SI-003	ITA-153	1900-01-01		Molo sopraflutto, sul gomito	Sicilia	Riposto		0	0	1		248
R	WAIL	SI-004	ITA-028	1900-01-01		Capo Mulini	Sicilia	Acireale		0	0	1		248
R	WAIL	SI-005	ITA-158	1900-01-01		Sciara Biscari	Sicilia	Catania		0	0	1		248
R	WAIL	SI-007	ITA-035	1900-01-01		Capo Santa Croce	Sicilia	Augusta		0	0	1		248
R	WAIL	SI-008	ITA-062	1900-01-01		Dromo Giggia all. posteriore 273 51	Sicilia	Augusta		0	0	1		248
R	WAIL	SI-009	ITA-003	1900-01-01		Caderini Porto Grande, all. ant. 267 12	Sicilia	Siracusa		0	0	1		248
R	WAIL	SI-010	ITA-049	1900-01-01		Carrozziere Porto Grande, all. post. 267 12	Sicilia	Siracusa		0	0	1		248
R	WAIL	SI-011	ITA-029	1900-01-01		Capo Murro di Porco	Sicilia	Siracusa		0	0	1		248
R	WAIL	SI-012	ITA-057	1900-01-01		Cozzo Spadaro	Sicilia	Portopalo di Capo Passero		0	0	1		248
R	WAIL	SI-013	ITA-042	1900-01-01		Capo Scalambri, Scaramia	Sicilia	Santa Croce Camerina		0	0	1		248
R	WAIL	SI-014	ITA-157	1900-01-01		San Giacomo - Molo di levante, radice	Sicilia	Licata		0	0	1		248
R	WAIL	SI-015	ITA-034	1900-01-01		Capo Rossello	Sicilia	Realmonte		0	0	1		248
R	WAIL	SI-016	ITA-038	1900-01-01		Capo San Marco	Sicilia	Sciacca		0	0	1		248
R	WAIL	SI-017	ITA-024	1900-01-01		Capo Granitola	Sicilia	Campobello di Mazara		0	0	1		248
R	WAIL	SI-018	ITA-146	1900-01-01		Punta Spadillo	Sicilia	Pantelleria		0	0	1		248
R	WAIL	SI-019	ITA-110	1900-01-01		Punta San Leonardo	Sicilia	Pantelleria		0	0	1		248
R	WAIL	SI-020	ITA-025	1900-01-01		Capo Grecale, estr. N/E	Sicilia	Isola di Lampedusa		0	0	1		248
R	WAIL	SI-021	ITA-123	1900-01-01		Punta Beppe Tuccio	Sicilia	Isola di Linosa		0	0	1		248
R	WAIL	SI-022	ITA-102	1900-01-01		Molo di ponente	Sicilia	Marsala		0	0	1		248
R	WAIL	SI-023	ITA-135	1900-01-01		Punta Marsala, costa SE dell'isola	Sicilia	Favignana		0	0	1		248
R	WAIL	SI-024	ITA-145	1900-01-01		Punta Sottile, estr. W	Sicilia	Favignana		0	0	1		248
R	WAIL	SI-025	ITA-133	1900-01-01		Punta Libeccio - Isola di Marettimo	Sicilia	Favignana		0	0	1		248
R	WAIL	SI-026	ITA-155	1900-01-01		150 m dall'estr.	Sicilia	San Vito lo Capo		0	0	1		248
R	WAIL	SI-027	ITA-136	1900-01-01		Punta Omo Morto , costa N/E dell'isola	Sicilia	Ustica		0	0	1		248
R	WAIL	SI-028	ITA-125	1900-01-01		Punta Gavazzi, costa S/W dell'isola	Sicilia	Ustica		0	0	1		248
R	WAIL	SI-029	ITA-023	1900-01-01		Capo Gallo	Sicilia	Palermo		0	0	1		248
R	WAIL	SI-030	ITA-048	1900-01-01		Capo Zafferano	Sicilia	Santa Flavia		0	0	1		248
R	WAIL	SI-031	ITA-008	1900-01-01		Capo Cefalu', punta N/E	Sicilia	Cefalu'		0	0	1		248
R	WAIL	SI-032	ITA-018	1900-01-01		Capo d'Orlando	Sicilia	Capo d'Orlando		0	0	1		248
R	WAIL	SI-033	ITA-026	1900-01-01		Capo Milazzo, estr. N	Sicilia	Milazzo		0	0	1		248
R	WAIL	SI-034	ITA-032	1900-01-01		Capo Rasocolmo	Sicilia	Messina		0	0	1		248
R	WAIL	SI-035	ITA-020	1900-01-01		Capo Faro, costa N/E	Sicilia	Santa Marina Salina		0	0	1		248
R	WAIL	SI-038	ITA-213	1900-01-01		Punta dei Porci -Isola di Vulcano	Sicilia	Lipari		0	0	1		248
R	WAIL	SI-039	ITA-222	1900-01-01		Marina Corta - Isola di Lipari	Sicilia	Lipari		0	0	1		248
R	WAIL	SI-040	ITA-250	1900-01-01		Punta Lingua	Sicilia	Santa Marina Salina		0	0	1		248
R	WAIL	SI-042	ITA-163	1900-01-01		Strombolicchio	Sicilia	Lipari		0	0	1		248
R	WAIL	SI-044	ITA-070	1900-01-01		Antico castello Regina Giovanna	Sicilia	Brucoli		0	0	1		248
R	WAIL	SI-045	ITA-249	1900-01-01		Punta Gennalena, all. 273 51	Sicilia	Augusta		0	0	1		248
R	WAIL	SI-047	ITA-236	1900-01-01		Penisola Magnisi	Sicilia	Melilli - Priolo Gargallo		0	0	1		248
R	WAIL	SI-050	ITA-060	1900-01-01		Capo Passero, Castello di Carlo V	Sicilia	Portopalo di Capo Passero		0	0	1		248
R	WAIL	SI-051	ITA-059	1900-01-01		Isola delle Correnti	Sicilia	Portopalo di Capo Passero		0	0	1		248
R	WAIL	SI-053	ITA-241	1900-01-01		Sulla spiaggia	Sicilia	Pozzallo		0	0	1		248
R	WAIL	SI-055	ITA-080	1900-01-01		Scoglitti - Sulla spiaggia	Sicilia	Vittoria		0	0	1		248
R	WAIL	SI-059	ITA-208	1900-01-01		Capo Grosso - Isola di Levanzo	Sicilia	Favignana		0	0	1		248
R	WAIL	SI-060	ITA-091	1900-01-01		Isolotto Formica	Sicilia	Trapani		0	0	1		248
R	WAIL	SI-061	ITA-162	1900-01-01		Scoglio Porcelli	Sicilia	Trapani		0	0	1		248
R	WAIL	SI-062	ITA-161	1900-01-01		Scoglio Palumbo	Sicilia	Trapani		0	0	1		248
R	WAIL	SI-064	ITA-201	1900-01-01		Diga foranea, sul gomito	Sicilia	Palermo		0	0	1		248
R	WAIL	SI-067	N/A	1900-01-01		Castello Normanno	Sicilia	Castellammare del Golfo		0	0	1		248
R	WAIL	TO-001	ITA-100	1900-01-01		Molo di ponente, radice	Toscana	Carrara		0	0	1		248
R	WAIL	TO-002	ITA-173	1900-01-01		Diga foranea, imboccatura darsena	Toscana	Viareggio		0	0	1		248
R	WAIL	TO-003	ITA-097	1900-01-01		Presso l'imboccatura S dell'avamporto	Toscana	Livorno		0	0	1		248
R	WAIL	TO-004	ITA-127	1900-01-01		Punta del Ferraione	Toscana	Capraia		0	0	1		248
R	WAIL	TO-005	ITA-109	1900-01-01		Sommita'	Toscana	Palmaiola - Rio Marina		0	0	1		248
R	WAIL	TO-006	ITA-022	1900-01-01		Faro di Capo Focardo	Toscana	Elba - Capoliveri		0	0	1		248
R	WAIL	TO-007	ITA-140	1900-01-01		Punta Polveraia	Toscana	Elba - Marciana		0	0	1		248
R	WAIL	TO-008	ITA-083	1900-01-01		Forte Stella	Toscana	Elba - Portoferraio		0	0	1		248
R	WAIL	TO-009	ITA-001	1900-01-01		A levante della colonia agricola	Toscana	Pianosa		0	0	1		248
R	WAIL	TO-010	ITA-166 ITA-263	1900-01-01		Baia di Talamone, saliente S delle mura	Toscana	Orbetello		0	0	1		248
R	WAIL	TO-011	ITA-134	1900-01-01		Punta Lividonia	Toscana	Monte Argentario		0	0	1		248
R	WAIL	TO-012	ITA-130	1900-01-01		Vaccarecce, Punta di Capel Rosso, estr. S	Toscana	Giglio		0	0	1		248
R	WAIL	TO-013	ITA-082	1900-01-01		Porto Ercole - Forte La Rocca	Toscana	Monte Argentario		0	0	1		248
R	WAIL	TO-014	ITA-258	1900-01-01		Secche della Meloria - estremita' N	Toscana	Livorno		0	0	1		248
R	WAIL	TO-015	ITA-168 ITA-290	1900-01-01		Secche della Meloria - Torre estremita' S	Toscana	Livorno		0	0	1		248
R	WAIL	TO-016	ITA-283	1900-01-01		Diga curvilinea	Toscana	Livorno		0	0	1		248
R	WAIL	TO-017	ITA-164	1900-01-01		Secche di Vada	Toscana	Rosignano Marittimo		0	0	1		248
R	WAIL	TO-019	ITA-285 ITA-295	1900-01-01		Faro di Capo di Poro	Toscana	Elba - Marina di Campo		0	0	1		248
R	WAIL	TO-021	ITA-160	1900-01-01		Scoglio d'Africa	Toscana	Elba - Campo		0	0	1		248
R	WAIL	TO-022	ITA-288	1900-01-01		La Rocchetta, sullo sperone	Toscana	Piombino		0	0	1		248
R	WAIL	TO-025	ITA-203	1900-01-01		Formiche di Grosseto	Toscana	Grosseto		0	0	1		248
R	WAIL	TO-026	ITA-246	1900-01-01		Punta del Fenaio, estr. N dell'isola	Toscana	Giglio		0	0	1		248
R	WAIL	TO-029	ITA-209	1900-01-01		Isola di Giannutri, Punta del capel Rosso	Toscana	Monte Argentario		0	0	1		248
R	WAIL	TO-031	ITA-257	1900-01-01		Isola d'Elba, Moletto della Sanita', estr.	Toscana	Elba - Portoferraio		0	0	1		248
R	WAIL	TO-032	N/A	1900-01-01		Vecchio Semaforo di Montegrosso	Toscana	Rio		0	0	1		248
R	WAIL	TO-033	N/A	1900-01-01		Monumento ai Caduti del Vega 10	Toscana	Calci		0	0	1		248
R	WAIL	TO-034	N/A	1900-01-01		Vecchio Semaforo di Piombino	Toscana	Piombino		0	0	1		248
R	WAIL	TR-001	N/A	1900-01-01		Riva del Garda	Trentino-AA	Riva del Garda		0	0	1		248
R	WAIL	UM-001	N/A	1900-01-01		Chiesa di S. Vito a Passignano	Umbria	Passignano Trasimeno		0	0	1		248
R	WAIL	VE-001	ITA-129	1900-01-01		Punta Maestra	Veneto	Porto Tolle		0	0	1		248
R	WAIL	VE-002	ITA-054	1900-01-01		Radice diga sud, faro di atterraggio	Veneto	Chioggia		0	0	1		248
R	WAIL	VE-003	ITA-180 ITA-255	1900-01-01		Alberoni - A S/S/W del Forte Alberoni	Veneto	Venezia		0	0	1		248
R	WAIL	VE-004	ITA-113	1900-01-01		Porto di Lido, Faro Pagoda, estr diga nord	Veneto	Venezia		0	0	1		248
R	WAIL	VE-005	ITA-088	1900-01-01		Isola di Murano - All. posteriore	Veneto	Venezia		0	0	1		248
R	WAIL	VE-006	ITA-119	1900-01-01		Porto Piave Vecchia - Faro di Jesolo	Veneto	Cavallino Treporti		0	0	1		248
R	WAIL	VE-007	ITA-148	1900-01-01		Punta Tagliamento	Veneto	San Michele Tagliamento		0	0	1		248
R	WAIL	VE-008	N/A	1900-01-01		Isola di Albarella (Rovigo)	Veneto	Rosolina		0	0	1		248
R	WAIL	VE-012	ITA-259	1900-01-01		Porto di Lido, all. 300 40, ant.	Veneto	Venezia		0	0	1		248
R	WAIL	VE-013	N/A	1900-01-01		Caorle - Sulla punta ad E dell'abitato	Veneto	Caorle		0	0	1		248
