# Referencias del diploma WAS. Generado; no se edita a mano.
R	WAS	AK		1900-01-01		Alaska				0	0	1		6
R	WAS	AL		1900-01-01		Alabama				0	0	1		291
R	WAS	AR		1900-01-01		Arkansas				0	0	1		291
R	WAS	AZ		1900-01-01		Arizona				0	0	1		291
R	WAS	CA		1900-01-01		California				0	0	1		291
R	WAS	CO		1900-01-01		Colorado				0	0	1		291
R	WAS	CT		1900-01-01		Connecticut				0	0	1		291
R	WAS	DE		1900-01-01		Delaware				0	0	1		291
R	WAS	FL		1900-01-01		Florida				0	0	1		291
R	WAS	GA		1900-01-01		Georgia				0	0	1		291
R	WAS	HI		1900-01-01		Hawaii				0	0	1		110
R	WAS	IA		1900-01-01		Iowa				0	0	1		291
R	WAS	ID		1900-01-01		Idaho				0	0	1		291
R	WAS	IL		1900-01-01		Illinois				0	0	1		291
R	WAS	IN		1900-01-01		Indiana				0	0	1		291
R	WAS	KS		1900-01-01		Kansas				0	0	1		291
R	WAS	KY		1900-01-01		Kentucky				0	0	1		291
R	WAS	LA		1900-01-01		Louisiana				0	0	1		291
R	WAS	MA		1900-01-01		Massachusetts				0	0	1		291
R	WAS	MD		1900-01-01		Maryland				0	0	1		291
R	WAS	ME		1900-01-01		Maine				0	0	1		291
R	WAS	MI		1900-01-01		Michigan				0	0	1		291
R	WAS	MN		1900-01-01		Minnesota				0	0	1		291
R	WAS	MO		1900-01-01		Missouri				0	0	1		291
R	WAS	MS		1900-01-01		Mississippi				0	0	1		291
R	WAS	MT		1900-01-01		Montana				0	0	1		291
R	WAS	NC		1900-01-01		North Carolina				0	0	1		291
R	WAS	ND		1900-01-01		North Dakota				0	0	1		291
R	WAS	NE		1900-01-01		Nebraska				0	0	1		291
R	WAS	NH		1900-01-01		New Hampshire				0	0	1		291
R	WAS	NJ		1900-01-01		New Jersey				0	0	1		291
R	WAS	NM		1900-01-01		New Mexico				0	0	1		291
R	WAS	NV		1900-01-01		Nevada				0	0	1		291
R	WAS	NY		1900-01-01		New York				0	0	1		291
R	WAS	OH		1900-01-01		Ohio				0	0	1		291
R	WAS	OK		1900-01-01		Oklahoma				0	0	1		291
R	WAS	OR		1900-01-01		Oregon				0	0	1		291
R	WAS	PA		1900-01-01		Pennsylvania				0	0	1		291
R	WAS	RI		1900-01-01		Rhode Island				0	0	1		291
R	WAS	SC		1900-01-01		South Carolina				0	0	1		291
R	WAS	SD		1900-01-01		South Dakota				0	0	1		291
R	WAS	TN		1900-01-01		Tennessee				0	0	1		291
R	WAS	TX		1900-01-01		Texas				0	0	1		291
R	WAS	UT		1900-01-01		Utah				0	0	1		291
R	WAS	VA		1900-01-01		Virginia				0	0	1		291
R	WAS	VT		1900-01-01		Vermont				0	0	1		291
R	WAS	WA		1900-01-01		Washington				0	0	1		291
R	WAS	WI		1900-01-01		Wisconsin				0	0	1		291
R	WAS	WV		1900-01-01		West Virginia				0	0	1		291
R	WAS	WY		1900-01-01		Wyoming				0	0	1		291
