# Referencias del diploma WAZ. Generado; no se edita a mano.
R	WAZ	1		1900-01-01		Northwestern of North America				0	0	1		1,6
R	WAZ	10		1900-01-01		Western of South America				0	0	1		71,104,120,136
R	WAZ	11		1900-01-01		Central of South America				0	0	1		56,108,132,253,273
R	WAZ	12		1900-01-01		Southwest of South America				0	0	1		13,47,112,125,199,217
R	WAZ	13		1900-01-01		Southeast of South America				0	0	1		13,100,141,144,235,238,240,241
R	WAZ	14		1900-01-01		Western of Europe				0	0	1		21,106,114,117,122,149,203,209,221,222,223,227,230,233,245,251,254,260,263,265,266,272,279,281,284,287,294
R	WAZ	15		1900-01-01		Central European				0	0	1		5,7,52,126,145,146,167,206,214,218,224,225,239,246,248,257,269,278,295,296,497,499,501,502,503,504,514,522
R	WAZ	16		1900-01-01		Eastern of Europe				0	0	1		15,27,54,179,288
R	WAZ	17		1900-01-01		Western of Siberia EX				0	0	1		15,130,135,262,280,292
R	WAZ	18		1900-01-01		Central Siberian				0	0	1		15
R	WAZ	19		1900-01-01		Eastern Siberian				0	0	1		15
R	WAZ	2		1900-01-01		Northeastern of North America				0	0	1		1
R	WAZ	20		1900-01-01		Balkan				0	0	1		40,45,180,212,215,236,275,283,336,342,354,384,390,510
R	WAZ	21		1900-01-01		Southwestern of Asia				0	0	1		3,14,18,68,75,226,304,330,333,348,370,372,376,378,391,492
R	WAZ	22		1900-01-01		Southern of Asia				0	0	1		142,159,305,306,315,324,369
R	WAZ	23		1900-01-01		Central of Asia				0	0	1		15,318,363
R	WAZ	24		1900-01-01		Eastern of Asia				0	0	1		152,318,321,386,505
R	WAZ	25		1900-01-01		Japanese				0	0	1		137,339,344
R	WAZ	26		1900-01-01		Southeastern  of Asia				0	0	1		11,143,247,293,309,312,387
R	WAZ	27		1900-01-01		Philippine				0	0	1		22,103,166,173,177,192,375,506
R	WAZ	28		1900-01-01		Indonesian				0	0	1		46,163,185,299,327,345,381,511
R	WAZ	29		1900-01-01		Western of Australia				0	0	1		13,35,38,150
R	WAZ	3		1900-01-01		Western of North America				0	0	1		1,291
R	WAZ	30		1900-01-01		Eastern of Australia				0	0	1		13,147,150,153,171,303,512
R	WAZ	31		1900-01-01		Central Pacific				0	0	1		20,31,48,110,123,134,138,157,168,174,197,270,282,297,301,490,509
R	WAZ	32		1900-01-01		New Zealand				0	0	1		9,13,16,34,133,158,160,162,170,172,175,176,188,189,190,191,234,298,460,489,507,508,513,515
R	WAZ	33		1900-01-01		Northwestern of Africa				0	0	1		29,32,248,256,302,400,446,474
R	WAZ	34		1900-01-01		Northeastern of Africa				0	0	1		244,436,466,478,521
R	WAZ	35		1900-01-01		Central of Africa				0	0	1		107,109,187,409,416,422,424,428,434,442,444,450,456,458,480,483
R	WAZ	36		1900-01-01		Equatorial of Africa				0	0	1		49,195,205,219,250,401,404,406,408,410,412,414,420,454,482
R	WAZ	37		1900-01-01		Eastern of Africa				0	0	1		51,53,181,232,286,382,430,440,470,492
R	WAZ	38		1900-01-01		South African				0	0	1		13,24,201,274,402,432,452,462,464,468,488,493
R	WAZ	39		1900-01-01		Madagascar				0	0	1		4,10,13,33,41,99,111,124,131,165,169,207,276,379,411,438,453
R	WAZ	4		1900-01-01		Central of North America				0	0	1		1,291
R	WAZ	40		1900-01-01		North Atlantic				0	0	1		61,118,237,242,259
R	WAZ	5		1900-01-01		Eastern of North America				0	0	1		1,64,211,252,277,289,291
R	WAZ	6		1900-01-01		Southern of North America				0	0	1		50,204
R	WAZ	7		1900-01-01		Central American				0	0	1		36,37,66,74,76,80,86,88,216,308
R	WAZ	8		1900-01-01		West Indies  C6 (Bahamas)				0	0	1		12,17,43,60,62,65,69,70,72,77,78,79,82,84,89,94,95,96,97,98,105,182,202,213,249,255,285,516,518,519
R	WAZ	9		1900-01-01		Northern of South America				0	0	1		63,85,90,91,116,129,140,148,161,517,520
