# Referencias del diploma WDRC. Generado; no se edita a mano.
R	WDRC	179		2000-01-01		ER	Moldova			0	0	1		179
R	WDRC	206		2000-01-01		OE	Austria			0	0	1		206
R	WDRC	212		2000-01-01		LZ	Bulgaria			0	0	1		212
R	WDRC	230		2000-01-01		DL	Germany			0	0	1		230
R	WDRC	239		2000-01-01		HA	Hungary			0	0	1		239
R	WDRC	275		2000-01-01		YO	Romania			0	0	1		275
R	WDRC	288		2000-01-01		UR	Ukraine			0	0	1		288
R	WDRC	296		2000-01-01		YU	Serbia			0	0	1		296
R	WDRC	497		2000-01-01		9A	Croatia			0	0	1		497
R	WDRC	504		2000-01-01		OM	Slovak Republic			0	0	1		504
