# Referencias del diploma WUST. Generado; no se edita a mano.
R	WUST	103		1900-01-01		KH2 - Guam				0	0	1		103
R	WUST	105		1900-01-01		KG4 - Guantanamo Bay				0	0	1		105
R	WUST	123		1900-01-01		KH3 - Johnston Is.				0	0	1		123
R	WUST	134		1900-01-01		KH5K - Kingman Reef				0	0	1		134
R	WUST	138		1900-01-01		KH7K - Kure Is.				0	0	1		138
R	WUST	166		1900-01-01		KH0 - Mariana Island				0	0	1		166
R	WUST	174		1900-01-01		KH4 - Midway Is.				0	0	1		174
R	WUST	182		1900-01-01		KP1 - Navassa Is.				0	0	1		182
R	WUST	197		1900-01-01		KH5 - Palmyra & Jarvis Is.				0	0	1		197
R	WUST	20		1900-01-01		KH1 - Baker & Howland Is.				0	0	1		20
R	WUST	202		1900-01-01		KP4 - Puerto Rico				0	0	1		202
R	WUST	285		1900-01-01		KP2 - US Virgin Is.				0	0	1		285
R	WUST	297		1900-01-01		KH9 - Wake Is.				0	0	1		297
R	WUST	43		1900-01-01		KP5 - Desecheo Is.				0	0	1		43
R	WUST	515		1900-01-01		KH8S - Swains Is.				0	0	1		515
R	WUST	9		1900-01-01		KH8 - American Samoa				0	0	1		9
