# Referencias del diploma ZWP. Generado; no se edita a mano.
R	ZWP	BGP01		1900-01-01		GORZOW WIELKOPOLSKI				0	0	1		269
R	ZWP	BGW01		1900-01-01		KOSTRZYN N.ODRA				0	0	1		269
R	ZWP	BGW02		1900-01-01		SANTOK I				0	0	1		269
R	ZWP	BGW03		1900-01-01		SANTOK II				0	0	1		269
R	ZWP	BKD01		1900-01-01		BYTNICA				0	0	1		269
R	ZWP	BKD02		1900-01-01		GUBIN				0	0	1		269
R	ZWP	BKD03		1900-01-01		KROSNO ODRZANSKIE				0	0	1		269
R	ZWP	BKD04		1900-01-01		BOBROWICE				0	0	1		269
R	ZWP	BMI01		1900-01-01		MIEDZYRZECZ				0	0	1		269
R	ZWP	BNG01		1900-01-01		BOBRZANY                Z.W JANOWCU				0	0	1		269
R	ZWP	BNG02		1900-01-01		NOWOSZOW        (8KM OD M.ILOWA)				0	0	1		269
R	ZWP	BNG03		1900-01-01		SZPROTAWA				0	0	1		269
R	ZWP	BNG04		1900-01-01		WITKOW				0	0	1		269
R	ZWP	BNG05		1900-01-01		ZAGAN I                         Z.SAGAN				0	0	1		269
R	ZWP	BNG06		1900-01-01		ZAGAN II                          Z.STARY				0	0	1		269
R	ZWP	BNG07		1900-01-01		DZIETRZYCHOWICE				0	0	1		269
R	ZWP	BNG08		1900-01-01		CHICHY				0	0	1		269
R	ZWP	BNG09		1900-01-01		SIECIEBORZYCE				0	0	1		269
R	ZWP	BNG10		1900-01-01		CHOTKOW				0	0	1		269
R	ZWP	BNG11		1900-01-01		DLUGIE				0	0	1		269
R	ZWP	BNG12		1900-01-01		GORZUPIA DOLNA				0	0	1		269
R	ZWP	BNG13		1900-01-01		MIODNICA				0	0	1		269
R	ZWP	BNG14		1900-01-01		ZIMNA BRZEZNICA				0	0	1		269
R	ZWP	BNL01		1900-01-01		BOROW POLSKI				0	0	1		269
R	ZWP	BNL02		1900-01-01		BYTOM ODRZANSKI				0	0	1		269
R	ZWP	BNL03		1900-01-01		KOZUCHOW				0	0	1		269
R	ZWP	BNL04		1900-01-01		OTYN				0	0	1		269
R	ZWP	BNL05		1900-01-01		SIEDLISKO				0	0	1		269
R	ZWP	BNL06		1900-01-01		BRONISZOW				0	0	1		269
R	ZWP	BNL07		1900-01-01		KONOTOP				0	0	1		269
R	ZWP	BNL08		1900-01-01		SOLNIKI				0	0	1		269
R	ZWP	BNL09		1900-01-01		CZCIRADZ				0	0	1		269
R	ZWP	BNL10		1900-01-01		STUDZIENIEC				0	0	1		269
R	ZWP	BNL11		1900-01-01		STYPULOW  (SRODKOWY)				0	0	1		269
R	ZWP	BNL12		1900-01-01		DRWALEWICE  (DRWALOWICE)				0	0	1		269
R	ZWP	BNL13		1900-01-01		MILAKOW				0	0	1		269
R	ZWP	BNL14		1900-01-01		MIROCIN GORNY				0	0	1		269
R	ZWP	BNL15		1900-01-01		SOBOLICE				0	0	1		269
R	ZWP	BSC01		1900-01-01		GORZYCA				0	0	1		269
R	ZWP	BSC02		1900-01-01		OSNO LUBUSKIE				0	0	1		269
R	ZWP	BSK01		1900-01-01		CHOMETOWO				0	0	1		269
R	ZWP	BSK02		1900-01-01		DREZDENKO				0	0	1		269
R	ZWP	BSK03		1900-01-01		STARE OSIECZNO				0	0	1		269
R	ZWP	BSK04		1900-01-01		DANKOW POMORSKI				0	0	1		269
R	ZWP	BSK05		1900-01-01		STRZELCE KRAJENSKIE				0	0	1		269
R	ZWP	BSN01		1900-01-01		LUBNIEWICE				0	0	1		269
R	ZWP	BSN02		1900-01-01		SLONSK				0	0	1		269
R	ZWP	BSN03		1900-01-01		SULECIN				0	0	1		269
R	ZWP	BSN04		1900-01-01		TORZYM				0	0	1		269
R	ZWP	BSO01		1900-01-01		LAGOW				0	0	1		269
R	ZWP	BSO02		1900-01-01		SWIEBODZIN				0	0	1		269
R	ZWP	BSO03		1900-01-01		SZCZANIEC				0	0	1		269
R	ZWP	BWP01		1900-01-01		TARNOW JEZIERNY				0	0	1		269
R	ZWP	BWP02		1900-01-01		WSCHOWA				0	0	1		269
R	ZWP	BWP03		1900-01-01		SLAWA				0	0	1		269
R	ZWP	BWP04		1900-01-01		KRZEPIELOW				0	0	1		269
R	ZWP	BWP05		1900-01-01		JEDRZYCHOWICE				0	0	1		269
R	ZWP	BWP06		1900-01-01		KRAZKOWO				0	0	1		269
R	ZWP	BZG01		1900-01-01		LETNICA N.BYSTRZYCA				0	0	1		269
R	ZWP	BZG02		1900-01-01		NOWOGROD BOBRZANSKI				0	0	1		269
R	ZWP	BZG03		1900-01-01		SULECHOW				0	0	1		269
R	ZWP	BZG04		1900-01-01		BUCHALOW				0	0	1		269
R	ZWP	BZG05		1900-01-01		CZERWIENSK				0	0	1		269
R	ZWP	BZG06		1900-01-01		KARGOWA				0	0	1		269
R	ZWP	BZG07		1900-01-01		BIALOWICE I                  KOSC.OBR.				0	0	1		269
R	ZWP	BZG08		1900-01-01		BIALOWICE II				0	0	1		269
R	ZWP	BZG09		1900-01-01		SWIDNICA				0	0	1		269
R	ZWP	BZY01		1900-01-01		LUBSKO				0	0	1		269
R	ZWP	BZY02		1900-01-01		PRZEWOZ				0	0	1		269
R	ZWP	BZY03		1900-01-01		TRZEBIElL I				0	0	1		269
R	ZWP	BZY04		1900-01-01		ZARY				0	0	1		269
R	ZWP	BZY05		1900-01-01		ZARKI WIELKIE				0	0	1		269
R	ZWP	BZY06		1900-01-01		DLUZEK				0	0	1		269
R	ZWP	BZY07		1900-01-01		GORZYN				0	0	1		269
R	ZWP	BZY08		1900-01-01		TRZEBIEL II                         ZAMEK				0	0	1		269
R	ZWP	BZY09		1900-01-01		LIPNIKI LUZYCKIE				0	0	1		269
R	ZWP	BZY10		1900-01-01		BIECZ I                   STARY ZAMEK				0	0	1		269
R	ZWP	BZY11		1900-01-01		BIECZ II                  NOWY ZAMEK				0	0	1		269
R	ZWP	CAQ01		1900-01-01		LOPATKI           (LOPATKI-CEGIELNIA)				0	0	1		269
R	ZWP	CAQ02		1900-01-01		WOLA WEZYKOWA				0	0	1		269
R	ZWP	CBJ01		1900-01-01		MIKORZYCE				0	0	1		269
R	ZWP	CBJ02		1900-01-01		RUSIEC				0	0	1		269
R	ZWP	CBJ03		1900-01-01		KRZESLOW				0	0	1		269
R	ZWP	CBW01		1900-01-01		BRZEZINY				0	0	1		269
R	ZWP	CDD01		1900-01-01		UNIEJOW				0	0	1		269
R	ZWP	CDD02		1900-01-01		BORZEWISKO				0	0	1		269
R	ZWP	CDD03		1900-01-01		SPYCIMIERZ              (SPICYMIERZ)				0	0	1		269
R	ZWP	CDD04		1900-01-01		DABROWKA				0	0	1		269
R	ZWP	CEC01		1900-01-01		BESIEKIERY				0	0	1		269
R	ZWP	CEC02		1900-01-01		LECZYCA				0	0	1		269
R	ZWP	CEC03		1900-01-01		TUM				0	0	1		269
R	ZWP	CEC04		1900-01-01		NOWY GAJ                         (GAJ)				0	0	1		269
R	ZWP	CGV01		1900-01-01		STRYKOW I				0	0	1		269
R	ZWP	CGV02		1900-01-01		STRYKOW II				0	0	1		269
R	ZWP	CGV03		1900-01-01		BELDOW				0	0	1		269
R	ZWP	CGV04		1900-01-01		NAKIELNICA				0	0	1		269
R	ZWP	CIA01		1900-01-01		SIERADZ				0	0	1		269
R	ZWP	CIA02		1900-01-01		BURZENIN				0	0	1		269
R	ZWP	CIA03		1900-01-01		CHOJNE				0	0	1		269
R	ZWP	CIA04		1900-01-01		KALINOWA				0	0	1		269
R	ZWP	CIA05		1900-01-01		SEDZIMIROWICE				0	0	1		269
R	ZWP	CIA06		1900-01-01		KOSCIERZYN				0	0	1		269
R	ZWP	CIR01		1900-01-01		SKIERNIEWICE				0	0	1		269
R	ZWP	CIT01		1900-01-01		PIOTRKOW TRYB. I                 Z.BYKI				0	0	1		269
R	ZWP	CIT02		1900-01-01		PIOTRKOW TRYB. II           Z.KROLEWSKI				0	0	1		269
R	ZWP	CIW01		1900-01-01		BOLIMOW				0	0	1		269
R	ZWP	CIZ01		1900-01-01		LOWICZ				0	0	1		269
R	ZWP	CIZ02		1900-01-01		SOBOTA				0	0	1		269
R	ZWP	CIZ03		1900-01-01		SELIGI				0	0	1		269
R	ZWP	CKU01		1900-01-01		OPOROW				0	0	1		269
R	ZWP	CKU02		1900-01-01		LANIETA				0	0	1		269
R	ZWP	CKU03		1900-01-01		ORLOW				0	0	1		269
R	ZWP	CKU04		1900-01-01		ZYCHLIN				0	0	1		269
R	ZWP	CLY01		1900-01-01		GORKI DUZE				0	0	1		269
R	ZWP	COH01		1900-01-01		DRZEWICA				0	0	1		269
R	ZWP	COH02		1900-01-01		OPOCZNO				0	0	1		269
R	ZWP	COH03		1900-01-01		ZAMECZEK             Z.DAMUJOWICE				0	0	1		269
R	ZWP	COH04		1900-01-01		BIALACZOW				0	0	1		269
R	ZWP	COH05		1900-01-01		ZARNOW                        KOSC.OBR.				0	0	1		269
R	ZWP	CPB01		1900-01-01		LUTOMIERSK				0	0	1		269
R	ZWP	CPB02		1900-01-01		PABIANICE				0	0	1		269
R	ZWP	CPB03		1900-01-01		MALANOW				0	0	1		269
R	ZWP	CPT01		1900-01-01		BAKOWA GORA				0	0	1		269
R	ZWP	CPT02		1900-01-01		GORZKOWICE				0	0	1		269
R	ZWP	CPT03		1900-01-01		MAJKOWICE I				0	0	1		269
R	ZWP	CPT04		1900-01-01		SULEJOW				0	0	1		269
R	ZWP	CPT05		1900-01-01		WOLBORZ I				0	0	1		269
R	ZWP	CPT06		1900-01-01		WITOW				0	0	1		269
R	ZWP	CPT07		1900-01-01		MAJKOWICE II                Z.SURDEGA				0	0	1		269
R	ZWP	CPT08		1900-01-01		MAJKOWICE III				0	0	1		269
R	ZWP	CPT09		1900-01-01		WOLBORZ II				0	0	1		269
R	ZWP	CPT10		1900-01-01		SKOTNIKI				0	0	1		269
R	ZWP	CPV01		1900-01-01		BRZEZNICA        AKT.NW.BRZEZNICA				0	0	1		269
R	ZWP	CPV02		1900-01-01		DZIALOSZYN				0	0	1		269
R	ZWP	CPV03		1900-01-01		SIEMKOWICE				0	0	1		269
R	ZWP	CPV04		1900-01-01		CHORZENICE				0	0	1		269
R	ZWP	CPV05		1900-01-01		BIALA				0	0	1		269
R	ZWP	CPV06		1900-01-01		KIELCZYGLOW				0	0	1		269
R	ZWP	CPV07		1900-01-01		PRUSICKO				0	0	1		269
R	ZWP	CPV08		1900-01-01		NOWA BRZEZNICA II         KOSC.OBR.				0	0	1		269
R	ZWP	CRE01		1900-01-01		PRZEDBORZ				0	0	1		269
R	ZWP	CRE02		1900-01-01		RADOMSKO				0	0	1		269
R	ZWP	CRE03		1900-01-01		PUKARZOW				0	0	1		269
R	ZWP	CRE04		1900-01-01		CHELMO				0	0	1		269
R	ZWP	CRX01		1900-01-01		RAWA MAZOWIECKA				0	0	1		269
R	ZWP	CTZ01		1900-01-01		BEDKOW				0	0	1		269
R	ZWP	CTZ02		1900-01-01		INOWLODZ I				0	0	1		269
R	ZWP	CTZ03		1900-01-01		UJAZD				0	0	1		269
R	ZWP	CTZ04		1900-01-01		INOWLODZ II                    KOSC.OBR.				0	0	1		269
R	ZWP	CUL01		1900-01-01		WOJSLAWICE				0	0	1		269
R	ZWP	CUL02		1900-01-01		SZADEK				0	0	1		269
R	ZWP	CUS01		1900-01-01		BOLESLAWIEC (LODZKI)				0	0	1		269
R	ZWP	CUS02		1900-01-01		WIERUSZOW				0	0	1		269
R	ZWP	CUS03		1900-01-01		KATY WALICHNOWSKIE				0	0	1		269
R	ZWP	CWU01		1900-01-01		WIELUN				0	0	1		269
R	ZWP	CWU02		1900-01-01		KAMIONKA				0	0	1		269
R	ZWP	CWU03		1900-01-01		MASLOWICE				0	0	1		269
R	ZWP	CWU04		1900-01-01		KRZYWORZEKA               KOSC.OBR.				0	0	1		269
R	ZWP	DAB01		1900-01-01		WALBRZYCH I                     Z.KSIAZ				0	0	1		269
R	ZWP	DAB02		1900-01-01		WALBRZYCH II             Z.STARY KSIAZ				0	0	1		269
R	ZWP	DAB03		1900-01-01		WALBRZYCH III                NOWY DWOR				0	0	1		269
R	ZWP	DAB04		1900-01-01		WALBRZYCH IV                Z.ZEDLITZOW				0	0	1		269
R	ZWP	DAB05		1900-01-01		CIESZOW                           Z.CISY				0	0	1		269
R	ZWP	DAB06		1900-01-01		CZARNY BOR				0	0	1		269
R	ZWP	DAB07		1900-01-01		GRZEDY                    Z.KONRADOW				0	0	1		269
R	ZWP	DAB08		1900-01-01		GRZMIACA                 Z.ROGOWIEC				0	0	1		269
R	ZWP	DAB09		1900-01-01		JEDLINA ZDROJ				0	0	1		269
R	ZWP	DAB10		1900-01-01		MIEROSZOW				0	0	1		269
R	ZWP	DAB11		1900-01-01		OLSZYNIEC				0	0	1		269
R	ZWP	DAB12		1900-01-01		RYBNICA LESNA           Z.RADOSNO				0	0	1		269
R	ZWP	DAB13		1900-01-01		STRUGA				0	0	1		269
R	ZWP	DAB14		1900-01-01		ZAGORZE SLASKIE            Z.GRODNO				0	0	1		269
R	ZWP	DBE01		1900-01-01		BOLESLAWIEC (DLNOSL.)				0	0	1		269
R	ZWP	DBE02		1900-01-01		GOSCISZOW				0	0	1		269
R	ZWP	DBE03		1900-01-01		KLICZKOW				0	0	1		269
R	ZWP	DBE04		1900-01-01		MODLA				0	0	1		269
R	ZWP	DBE05		1900-01-01		TRZEBIEN				0	0	1		269
R	ZWP	DBE06		1900-01-01		WARTA BOLESLAWIECKA				0	0	1		269
R	ZWP	DDZ01		1900-01-01		DZIERZONIOW I     (W MIESCIE)				0	0	1		269
R	ZWP	DDZ02		1900-01-01		DZIERZONIOW II   (NA GORCE)ZHOMOLE				0	0	1		269
R	ZWP	DDZ03		1900-01-01		GOLA DZIERZONIOWSKA				0	0	1		269
R	ZWP	DDZ04		1900-01-01		NIEMCZA				0	0	1		269
R	ZWP	DDZ05		1900-01-01		OWIESNO				0	0	1		269
R	ZWP	DDZ06		1900-01-01		PIESZYCE I                Z.ROSCISZOW				0	0	1		269
R	ZWP	DDZ07		1900-01-01		PRZYSTRONIE				0	0	1		269
R	ZWP	DDZ08		1900-01-01		SLUPICE				0	0	1		269
R	ZWP	DDZ09		1900-01-01		STOSZOW				0	0	1		269
R	ZWP	DDZ10		1900-01-01		LIGOTA WIELKA				0	0	1		269
R	ZWP	DDZ11		1900-01-01		WILKOW WIELKI				0	0	1		269
R	ZWP	DDZ12		1900-01-01		SIENIAWKA				0	0	1		269
R	ZWP	DDZ13		1900-01-01		KIETLIN				0	0	1		269
R	ZWP	DDZ14		1900-01-01		PIESZYCE II				0	0	1		269
R	ZWP	DDZ15		1900-01-01		OSTROSZOWICE				0	0	1		269
R	ZWP	DEG01		1900-01-01		LEGNICA				0	0	1		269
R	ZWP	DGG01		1900-01-01		CZERNA				0	0	1		269
R	ZWP	DGG02		1900-01-01		GLOGOW				0	0	1		269
R	ZWP	DGG03		1900-01-01		KROMOLIN				0	0	1		269
R	ZWP	DGG04		1900-01-01		NIELUBIA                        KOSC.OBR.				0	0	1		269
R	ZWP	DGG05		1900-01-01		SZCZEPOW				0	0	1		269
R	ZWP	DGG06		1900-01-01		BRZEG GLOGOWSKI				0	0	1		269
R	ZWP	DGG07		1900-01-01		GLINICA				0	0	1		269
R	ZWP	DGG08		1900-01-01		KOTLA				0	0	1		269
R	ZWP	DGX01		1900-01-01		CZERNINA				0	0	1		269
R	ZWP	DGX02		1900-01-01		GORA				0	0	1		269
R	ZWP	DGX03		1900-01-01		RYCZEN				0	0	1		269
R	ZWP	DGX04		1900-01-01		WASOSZ				0	0	1		269
R	ZWP	DGX05		1900-01-01		OSETNO				0	0	1		269
R	ZWP	DID01		1900-01-01		BAGIENIEC				0	0	1		269
R	ZWP	DID02		1900-01-01		BOJANICE				0	0	1		269
R	ZWP	DID03		1900-01-01		GRODZISZCZE              Z.GRAMOLIN				0	0	1		269
R	ZWP	DID04		1900-01-01		KLACZYNA				0	0	1		269
R	ZWP	DID05		1900-01-01		KRASKOW K.GOLI SWIDN.				0	0	1		269
R	ZWP	DID06		1900-01-01		PANKOW				0	0	1		269
R	ZWP	DID07		1900-01-01		PASTUCHOW				0	0	1		269
R	ZWP	DID08		1900-01-01		PIOTROWICE SWIDNICKIE				0	0	1		269
R	ZWP	DID09		1900-01-01		STRZEGOM				0	0	1		269
R	ZWP	DID10		1900-01-01		SWIDNICA				0	0	1		269
R	ZWP	DID11		1900-01-01		SWIEBODZICE I				0	0	1		269
R	ZWP	DID12		1900-01-01		SWIEBODZICE II				0	0	1		269
R	ZWP	DID13		1900-01-01		WIESNICA				0	0	1		269
R	ZWP	DID14		1900-01-01		ZAROW				0	0	1		269
R	ZWP	DID15		1900-01-01		GOGOLOW				0	0	1		269
R	ZWP	DID16		1900-01-01		KOSTRZA				0	0	1		269
R	ZWP	DID17		1900-01-01		LAZANY				0	0	1		269
R	ZWP	DID18		1900-01-01		ROZTOKA				0	0	1		269
R	ZWP	DID19		1900-01-01		PYSZCZYN				0	0	1		269
R	ZWP	DID20		1900-01-01		MROWINY				0	0	1		269
R	ZWP	DJG01		1900-01-01		MARCZYCE    G.GRODNA               Z.KS.HENRYKA				0	0	1		269
R	ZWP	DJG02		1900-01-01		JANOWICE WIELKIE I      Z.BOLCZOW				0	0	1		269
R	ZWP	DJG03		1900-01-01		KARPNIKI I				0	0	1		269
R	ZWP	DJG04		1900-01-01		KARPNIKI II				0	0	1		269
R	ZWP	DJG05		1900-01-01		KOWARY I				0	0	1		269
R	ZWP	DJG06		1900-01-01		MIEDZIANKA				0	0	1		269
R	ZWP	DJG07		1900-01-01		RYBNICA				0	0	1		269
R	ZWP	DJG08		1900-01-01		SIEDLECIN				0	0	1		269
R	ZWP	DJG09		1900-01-01		JANOWICE WIELKIE II      Z.SOKOLEC				0	0	1		269
R	ZWP	DJG10		1900-01-01		STARA KAMIENICA				0	0	1		269
R	ZWP	DJG11		1900-01-01		WOJANOW				0	0	1		269
R	ZWP	DJG12		1900-01-01		WOJANOW-BOBROW				0	0	1		269
R	ZWP	DJG13		1900-01-01		DZIWISZOW				0	0	1		269
R	ZWP	DJG14		1900-01-01		MYSLAKOWICE				0	0	1		269
R	ZWP	DJG15		1900-01-01		DABROWICA				0	0	1		269
R	ZWP	DJG16		1900-01-01		BUKOWIEC				0	0	1		269
R	ZWP	DJG17		1900-01-01		CZERNICA				0	0	1		269
R	ZWP	DJG18		1900-01-01		KOWARY II				0	0	1		269
R	ZWP	DJG19		1900-01-01		CHROSNICA				0	0	1		269
R	ZWP	DJM01		1900-01-01		JELENIA GORA I   Z.NA G.B.KRZYWOUSTEGO				0	0	1		269
R	ZWP	DJM02		1900-01-01		JELENIA GORA II - SOBIESZOW   Z.CHOJNIK				0	0	1		269
R	ZWP	DJM03		1900-01-01		JELENIA GORA III - CZARNE				0	0	1		269
R	ZWP	DJM04		1900-01-01		JELENIA GORA IV - MACIEJOWA				0	0	1		269
R	ZWP	DJR01		1900-01-01		BOLKOW				0	0	1		269
R	ZWP	DJR02		1900-01-01		JAWOR				0	0	1		269
R	ZWP	DJR03		1900-01-01		LIPA				0	0	1		269
R	ZWP	DJR04		1900-01-01		MYSLIBORZ				0	0	1		269
R	ZWP	DJR05		1900-01-01		PLONINA I                   Z. NIESYTNO				0	0	1		269
R	ZWP	DJR06		1900-01-01		RATAJ (NA GORZE) K.PASZOWIC				0	0	1		269
R	ZWP	DJR07		1900-01-01		SWINY				0	0	1		269
R	ZWP	DJR08		1900-01-01		WIADROW				0	0	1		269
R	ZWP	DJR09		1900-01-01		LUBORADZ				0	0	1		269
R	ZWP	DJR10		1900-01-01		SNOWIDZA				0	0	1		269
R	ZWP	DJR11		1900-01-01		SIEDMICA				0	0	1		269
R	ZWP	DJR12		1900-01-01		PLONINA II				0	0	1		269
R	ZWP	DJR13		1900-01-01		MIERCZYCE				0	0	1		269
R	ZWP	DJR14		1900-01-01		KACZOROW				0	0	1		269
R	ZWP	DJR15		1900-01-01		GROBLA				0	0	1		269
R	ZWP	DKQ01		1900-01-01		CHELMSKO SLASKIE				0	0	1		269
R	ZWP	DKQ02		1900-01-01		KAMIENNA GORA I     Z.KRZEPIELOW				0	0	1		269
R	ZWP	DKQ03		1900-01-01		KAMIENNA GORA II           Z.STRAZA				0	0	1		269
R	ZWP	DKQ04		1900-01-01		LUBAWKA				0	0	1		269
R	ZWP	DKQ05		1900-01-01		SZAROCIN				0	0	1		269
R	ZWP	DKQ06		1900-01-01		CIECHANOWICE				0	0	1		269
R	ZWP	DKQ07		1900-01-01		MISZKOWICE				0	0	1		269
R	ZWP	DKV01		1900-01-01		CZERWIENCZYCE				0	0	1		269
R	ZWP	DKV02		1900-01-01		GNIEWOSZOW             Z.SZCZERBA				0	0	1		269
R	ZWP	DKV03		1900-01-01		GORZANOW I				0	0	1		269
R	ZWP	DKV04		1900-01-01		LUDOWE                       Z.HOMOLE				0	0	1		269
R	ZWP	DKV05		1900-01-01		KARPNO                       Z.KARPIEN				0	0	1		269
R	ZWP	DKV06		1900-01-01		KLODZKO				0	0	1		269
R	ZWP	DKV07		1900-01-01		KONRADOW				0	0	1		269
R	ZWP	DKV08		1900-01-01		LEWIN KLODZKI				0	0	1		269
R	ZWP	DKV09		1900-01-01		MIEDZYLESIE				0	0	1		269
R	ZWP	DKV10		1900-01-01		NOWA RUDA				0	0	1		269
R	ZWP	DKV11		1900-01-01		PODZAMEK				0	0	1		269
R	ZWP	DKV12		1900-01-01		RADKOW                       Z.HRADEK				0	0	1		269
R	ZWP	DKV13		1900-01-01		RATNO DOLNE				0	0	1		269
R	ZWP	DKV14		1900-01-01		STARA LOMNICA				0	0	1		269
R	ZWP	DKV15		1900-01-01		SZCZYTNA                      Z.LESNA				0	0	1		269
R	ZWP	DKV16		1900-01-01		WOLIBORZ				0	0	1		269
R	ZWP	DKV17		1900-01-01		ZELAZNO				0	0	1		269
R	ZWP	DKV18		1900-01-01		OLDRZYCHOWICE KLODZKIE				0	0	1		269
R	ZWP	DKV19		1900-01-01		TRZEBIESZOWICE				0	0	1		269
R	ZWP	DKV20		1900-01-01		BYSTRZYCA KLODZKA				0	0	1		269
R	ZWP	DKV21		1900-01-01		SCINAWKA GORNA				0	0	1		269
R	ZWP	DKV22		1900-01-01		SCINAWKA SREDNIA				0	0	1		269
R	ZWP	DKV23		1900-01-01		SCINAWKA DOLNA				0	0	1		269
R	ZWP	DKV24		1900-01-01		JASZKOWA GORNA				0	0	1		269
R	ZWP	DKV25		1900-01-01		IDZIKOW				0	0	1		269
R	ZWP	DKV26		1900-01-01		NIEMOJOW				0	0	1		269
R	ZWP	DKV27		1900-01-01		STARY WALISZOW				0	0	1		269
R	ZWP	DKV28		1900-01-01		SZALEJOW GORNY				0	0	1		269
R	ZWP	DKV29		1900-01-01		PONIKWA				0	0	1		269
R	ZWP	DKV30		1900-01-01		WILKANOW				0	0	1		269
R	ZWP	DKV31		1900-01-01		PRZYGORZE          Z.QUINGENBURG				0	0	1		269
R	ZWP	DKV32		1900-01-01		GORZANOW II				0	0	1		269
R	ZWP	DKV33		1900-01-01		SCINAWKA SREDNIA II				0	0	1		269
R	ZWP	DLF01		1900-01-01		GRYFOW SLASKI				0	0	1		269
R	ZWP	DLF02		1900-01-01		LWOWEK SLASKI				0	0	1		269
R	ZWP	DLF03		1900-01-01		PLAKOWICE				0	0	1		269
R	ZWP	DLF04		1900-01-01		PROSZOWKA                       Z.GRYF				0	0	1		269
R	ZWP	DLF05		1900-01-01		RADLOWKA				0	0	1		269
R	ZWP	DLF06		1900-01-01		RAKOWICE WLK. I       (WIEZA KSIAZECA)				0	0	1		269
R	ZWP	DLF07		1900-01-01		RAKOWICE WLK. II       (WIEZA MIEJSKA)				0	0	1		269
R	ZWP	DLF08		1900-01-01		RZASINY                   Z.PODSKALE				0	0	1		269
R	ZWP	DLF09		1900-01-01		SKALA                       Z.HOHLSTEIN				0	0	1		269
R	ZWP	DLF10		1900-01-01		WLEN - LUPKI				0	0	1		269
R	ZWP	DLF11		1900-01-01		GRADOWEK				0	0	1		269
R	ZWP	DLF12		1900-01-01		MARCZOW - BABI GRODEK				0	0	1		269
R	ZWP	DLF13		1900-01-01		NIWNICE                       DWOR OBR.				0	0	1		269
R	ZWP	DLG01		1900-01-01		CHOJNOW				0	0	1		269
R	ZWP	DLG02		1900-01-01		WARMATOWICE SIENKIEWICZOWSKIE				0	0	1		269
R	ZWP	DLG03		1900-01-01		PROCHOWICE				0	0	1		269
R	ZWP	DLG04		1900-01-01		ROKITKI I				0	0	1		269
R	ZWP	DLG05		1900-01-01		ROKITKI II				0	0	1		269
R	ZWP	DLH01		1900-01-01		CZOCHA				0	0	1		269
R	ZWP	DLH02		1900-01-01		LESNA				0	0	1		269
R	ZWP	DLH03		1900-01-01		MSCISZOW				0	0	1		269
R	ZWP	DLH04		1900-01-01		SWIECIE				0	0	1		269
R	ZWP	DLH05		1900-01-01		ZAMCZYSKO                  Z.RAJSKO				0	0	1		269
R	ZWP	DLH06		1900-01-01		BIEDRZYCHOWICE				0	0	1		269
R	ZWP	DML01		1900-01-01		CIESZKOW				0	0	1		269
R	ZWP	DML02		1900-01-01		MILICZ				0	0	1		269
R	ZWP	DML03		1900-01-01		SULOW				0	0	1		269
R	ZWP	DOA01		1900-01-01		JELCZ - LASKOWICE I				0	0	1		269
R	ZWP	DOA02		1900-01-01		OLAWA				0	0	1		269
R	ZWP	DOA03		1900-01-01		OLESNICA MALA				0	0	1		269
R	ZWP	DOA04		1900-01-01		JELCZ-LASKOWICE II				0	0	1		269
R	ZWP	DOE01		1900-01-01		BIERUTOW				0	0	1		269
R	ZWP	DOE02		1900-01-01		DOBROSZYCE				0	0	1		269
R	ZWP	DOE03		1900-01-01		MIEDZYBORZ SYCOWSKI				0	0	1		269
R	ZWP	DOE04		1900-01-01		OLESNICA				0	0	1		269
R	ZWP	DOE05		1900-01-01		SYCOW I                     Z.KSIAZECY				0	0	1		269
R	ZWP	DOE06		1900-01-01		SYCOW II                         Z.NOWY				0	0	1		269
R	ZWP	DOE07		1900-01-01		TWARDOGORA				0	0	1		269
R	ZWP	DOE08		1900-01-01		DOBRA				0	0	1		269
R	ZWP	DOE09		1900-01-01		BUKOWINKA				0	0	1		269
R	ZWP	DPP01		1900-01-01		CHOCIANOWIEC				0	0	1		269
R	ZWP	DPP02		1900-01-01		CHOCIANOW				0	0	1		269
R	ZWP	DPP03		1900-01-01		GREBOCICE				0	0	1		269
R	ZWP	DPP04		1900-01-01		DALKOW				0	0	1		269
R	ZWP	DPP05		1900-01-01		JEDRZYCHOW  (WLOSZCZOW)				0	0	1		269
R	ZWP	DPP06		1900-01-01		PRZEMKOW I				0	0	1		269
R	ZWP	DPP07		1900-01-01		PRZEMKOW II				0	0	1		269
R	ZWP	DPP08		1900-01-01		JAKUBOW				0	0	1		269
R	ZWP	DPP09		1900-01-01		GRODZISZCZE				0	0	1		269
R	ZWP	DPP10		1900-01-01		KRZYDLOWICE				0	0	1		269
R	ZWP	DSS01		1900-01-01		BRZEZINA				0	0	1		269
R	ZWP	DSS02		1900-01-01		SRODA SLASKA				0	0	1		269
R	ZWP	DSS03		1900-01-01		WOJNOWICE				0	0	1		269
R	ZWP	DSS04		1900-01-01		PIELASZKOWICE				0	0	1		269
R	ZWP	DSS05		1900-01-01		ZRODLA				0	0	1		269
R	ZWP	DSS06		1900-01-01		KWIETNO				0	0	1		269
R	ZWP	DSV01		1900-01-01		BOROW				0	0	1		269
R	ZWP	DSV02		1900-01-01		KRASIEWICE          Z.NA G.GROMNIK				0	0	1		269
R	ZWP	DSV03		1900-01-01		NIESZKOWICE				0	0	1		269
R	ZWP	DSV04		1900-01-01		PRUSY I				0	0	1		269
R	ZWP	DSV05		1900-01-01		PRZEWORNO				0	0	1		269
R	ZWP	DSV06		1900-01-01		SIEMISLAWICE				0	0	1		269
R	ZWP	DSV07		1900-01-01		PRUSY II         (DAWN.STARE PRUSY)				0	0	1		269
R	ZWP	DSV08		1900-01-01		STRZELIN				0	0	1		269
R	ZWP	DSV09		1900-01-01		WARKOCZ				0	0	1		269
R	ZWP	DTR01		1900-01-01		PRUSICE I				0	0	1		269
R	ZWP	DTR02		1900-01-01		TRZEBNICA				0	0	1		269
R	ZWP	DTR03		1900-01-01		URAZ				0	0	1		269
R	ZWP	DTR04		1900-01-01		ZMIGROD                Z.TRACHENBERG				0	0	1		269
R	ZWP	DTR05		1900-01-01		BAGNO				0	0	1		269
R	ZWP	DTR06		1900-01-01		PRUSICE II				0	0	1		269
R	ZWP	DUN01		1900-01-01		CHOBIENIA				0	0	1		269
R	ZWP	DUN02		1900-01-01		LUBIN				0	0	1		269
R	ZWP	DUN03		1900-01-01		RUDNA				0	0	1		269
R	ZWP	DUN04		1900-01-01		SCINAWA				0	0	1		269
R	ZWP	DUN05		1900-01-01		DZIEWIN				0	0	1		269
R	ZWP	DUN06		1900-01-01		CHROSTNIK				0	0	1		269
R	ZWP	DUN07		1900-01-01		SZKLARY GORNE				0	0	1		269
R	ZWP	DWQ01		1900-01-01		WOLOW				0	0	1		269
R	ZWP	DWQ02		1900-01-01		MOJECICE				0	0	1		269
R	ZWP	DWQ03		1900-01-01		LUBIAZ				0	0	1		269
R	ZWP	DWR01		1900-01-01		BIESTRZYKOW				0	0	1		269
R	ZWP	DWR02		1900-01-01		BORZYGNIEW				0	0	1		269
R	ZWP	DWR03		1900-01-01		CZERNICA				0	0	1		269
R	ZWP	DWR04		1900-01-01		DOMANICE				0	0	1		269
R	ZWP	DWR05		1900-01-01		KATY WROCLAWSKIE				0	0	1		269
R	ZWP	DWR06		1900-01-01		KOMOROWICE				0	0	1		269
R	ZWP	DWR07		1900-01-01		NOWINY				0	0	1		269
R	ZWP	DWR08		1900-01-01		ROGOW SOBOCKI				0	0	1		269
R	ZWP	DWR09		1900-01-01		SMOLEC				0	0	1		269
R	ZWP	DWR10		1900-01-01		SOBOTKA-GORKA				0	0	1		269
R	ZWP	DWR11		1900-01-01		SOBOTKA                         Z.SLEZA				0	0	1		269
R	ZWP	DWR12		1900-01-01		SLEZA				0	0	1		269
R	ZWP	DWR13		1900-01-01		KROBIELOWICE				0	0	1		269
R	ZWP	DWR14		1900-01-01		SULISTROWICE				0	0	1		269
R	ZWP	DWR15		1900-01-01		BEDKOWICE				0	0	1		269
R	ZWP	DWR16		1900-01-01		KRZYZOWICE				0	0	1		269
R	ZWP	DWR17		1900-01-01		WIERZBICE				0	0	1		269
R	ZWP	DWR18		1900-01-01		MIROSLAWICZKI				0	0	1		269
R	ZWP	DWR19		1900-01-01		ZORAWINA I                    KOSC.OBR.				0	0	1		269
R	ZWP	DWR20		1900-01-01		ZORAWINA II               WASSERBURG				0	0	1		269
R	ZWP	DWR21		1900-01-01		KUNOW				0	0	1		269
R	ZWP	DWR22		1900-01-01		MIETKOW				0	0	1		269
R	ZWP	DWR23		1900-01-01		SADKOW				0	0	1		269
R	ZWP	DWW01		1900-01-01		WROCLAW I - ARSENAL				0	0	1		269
R	ZWP	DWW02		1900-01-01		WROCLAW II                    Z.LESNICA				0	0	1		269
R	ZWP	DWW03		1900-01-01		WROCLAW III - OSTROW TUMSKI				0	0	1		269
R	ZWP	DWW04		1900-01-01		WROCLAW IV                    Z.CESARSKI				0	0	1		269
R	ZWP	DZO01		1900-01-01		BOGATYNIA-TRZCINIEC				0	0	1		269
R	ZWP	DZO02		1900-01-01		LAGOW				0	0	1		269
R	ZWP	DZO03		1900-01-01		PIENSK				0	0	1		269
R	ZWP	DZO04		1900-01-01		JEDRZYCHOWICE				0	0	1		269
R	ZWP	DZO05		1900-01-01		KOSTRZYNA				0	0	1		269
R	ZWP	DZO06		1900-01-01		PORAJOW				0	0	1		269
R	ZWP	DZS01		1900-01-01		BARDO SLASKIE I				0	0	1		269
R	ZWP	DZS02		1900-01-01		BOBOLICE				0	0	1		269
R	ZWP	DZS03		1900-01-01		CHALUPKI				0	0	1		269
R	ZWP	DZS04		1900-01-01		CIEPLOWODY				0	0	1		269
R	ZWP	DZS05		1900-01-01		GRODZISZCZE             G.ZAMKOWA				0	0	1		269
R	ZWP	DZS06		1900-01-01		KAMIENIEC ZABKOWICKI				0	0	1		269
R	ZWP	DZS07		1900-01-01		RUDNICA				0	0	1		269
R	ZWP	DZS08		1900-01-01		SLUZEJOW				0	0	1		269
R	ZWP	DZS09		1900-01-01		STOLEC				0	0	1		269
R	ZWP	DZS10		1900-01-01		STOSZOWICE				0	0	1		269
R	ZWP	DZS11		1900-01-01		WITOSTOWICE				0	0	1		269
R	ZWP	DZS12		1900-01-01		ZABKOWICE SL. I      KRZYWA WIEZA				0	0	1		269
R	ZWP	DZS13		1900-01-01		ZABKOWICE SL. II    Z.FRANKENSTEIN				0	0	1		269
R	ZWP	DZS14		1900-01-01		ZIEBICE I                    Z.KSIAZECY				0	0	1		269
R	ZWP	DZS15		1900-01-01		ZIEBICE II              Z.NOWY ZAMEK				0	0	1		269
R	ZWP	DZS16		1900-01-01		ZLOTY STOK				0	0	1		269
R	ZWP	DZS17		1900-01-01		KLUCZOWA				0	0	1		269
R	ZWP	DZS18		1900-01-01		SIEROSZOW				0	0	1		269
R	ZWP	DZS19		1900-01-01		BARDO SLASKIE II				0	0	1		269
R	ZWP	DZS20		1900-01-01		SULISLAWICE				0	0	1		269
R	ZWP	DZT01		1900-01-01		ZAGRODNO      ZAM.GRODZIEC				0	0	1		269
R	ZWP	DZT02		1900-01-01		NOWY KOSCIOL				0	0	1		269
R	ZWP	DZT03		1900-01-01		OLSZANICA				0	0	1		269
R	ZWP	DZT04		1900-01-01		RADZIECHOW				0	0	1		269
R	ZWP	DZT05		1900-01-01		ROKITNICA				0	0	1		269
R	ZWP	DZT06		1900-01-01		SEDZISZOWA				0	0	1		269
R	ZWP	DZT07		1900-01-01		SEPOW				0	0	1		269
R	ZWP	DZT08		1900-01-01		SOKOLOWIEC				0	0	1		269
R	ZWP	DZT09		1900-01-01		STARA KRASNICA				0	0	1		269
R	ZWP	DZT10		1900-01-01		SWIERZAWA				0	0	1		269
R	ZWP	DZT11		1900-01-01		SEDZISZOWA           G.WIELISLAWKA				0	0	1		269
R	ZWP	DZT12		1900-01-01		WOJCIESZOW DOLNY				0	0	1		269
R	ZWP	DZT13		1900-01-01		ZLOTORYJA				0	0	1		269
R	ZWP	FAG01		1900-01-01		OSIEK				0	0	1		269
R	ZWP	FAG02		1900-01-01		SKARSZEWY				0	0	1		269
R	ZWP	FAG03		1900-01-01		STAROGARD GDANSKI I				0	0	1		269
R	ZWP	FAG04		1900-01-01		BORZECHOWO  (W-PA STAROSCINSKA)				0	0	1		269
R	ZWP	FAG05		1900-01-01		KOSCIELNA JANIA				0	0	1		269
R	ZWP	FAG06		1900-01-01		RYNKOWKA				0	0	1		269
R	ZWP	FAG07		1900-01-01		GRABOWO BOBOWSKIE				0	0	1		269
R	ZWP	FAG08		1900-01-01		SUCUMIN				0	0	1		269
R	ZWP	FAG09		1900-01-01		STAROGARD GDANSKI II				0	0	1		269
R	ZWP	FCJ01		1900-01-01		CHOJNICE				0	0	1		269
R	ZWP	FCJ02		1900-01-01		CHARZYKOWY				0	0	1		269
R	ZWP	FCU01		1900-01-01		CZARNE				0	0	1		269
R	ZWP	FCU02		1900-01-01		CZLUCHOW				0	0	1		269
R	ZWP	FCU03		1900-01-01		DEBRZNO				0	0	1		269
R	ZWP	FCU04		1900-01-01		SZCZYTNO				0	0	1		269
R	ZWP	FEB01		1900-01-01		BIALOGARDA				0	0	1		269
R	ZWP	FEB02		1900-01-01		LEBORK				0	0	1		269
R	ZWP	FEB03		1900-01-01		NOWECIN				0	0	1		269
R	ZWP	FEB04		1900-01-01		STARA LEBA				0	0	1		269
R	ZWP	FGD01		1900-01-01		GDANSK I				0	0	1		269
R	ZWP	FGD02		1900-01-01		GDANSK II - TWIERDZA WISLOUJSCIE				0	0	1		269
R	ZWP	FGD03		1900-01-01		GDANSK III - BISKUPIA GORKA				0	0	1		269
R	ZWP	FGD04		1900-01-01		GDANSK IV - OLIWA        PALAC OPATOW				0	0	1		269
R	ZWP	FIY01		1900-01-01		KWIDZYN  I				0	0	1		269
R	ZWP	FIY02		1900-01-01		KWIDZYN  II				0	0	1		269
R	ZWP	FIY03		1900-01-01		PRABUTY				0	0	1		269
R	ZWP	FIY04		1900-01-01		PODZAMCZE               BIALY DWOR				0	0	1		269
R	ZWP	FIY05		1900-01-01		TYCHNOWY           CZERWONY DWOR				0	0	1		269
R	ZWP	FIY06		1900-01-01		BENOWO				0	0	1		269
R	ZWP	FMB01		1900-01-01		MALBORK I				0	0	1		269
R	ZWP	FMB02		1900-01-01		LASKI				0	0	1		269
R	ZWP	FMB03		1900-01-01		MATOWY MALE				0	0	1		269
R	ZWP	FMB04		1900-01-01		MALBORK II - KALDOWO				0	0	1		269
R	ZWP	FMB05		1900-01-01		KOSCIELECZKI        DWOR WARNOWO				0	0	1		269
R	ZWP	FMB06		1900-01-01		LASOWICE				0	0	1		269
R	ZWP	FMB07		1900-01-01		MALBORK III - PIASKI				0	0	1		269
R	ZWP	FMB08		1900-01-01		MILORADZ				0	0	1		269
R	ZWP	FMB09		1900-01-01		GORKI     (GORGKEN) ??				0	0	1		269
R	ZWP	FNR01		1900-01-01		SKOWRONKI				0	0	1		269
R	ZWP	FNR02		1900-01-01		SZKARPAWA				0	0	1		269
R	ZWP	FPK01		1900-01-01		KROKOWA				0	0	1		269
R	ZWP	FPK02		1900-01-01		PUCK				0	0	1		269
R	ZWP	FPK03		1900-01-01		RZUCEWO				0	0	1		269
R	ZWP	FRU01		1900-01-01		LAPALICE				0	0	1		269
R	ZWP	FRU02		1900-01-01		MIRACHOWO				0	0	1		269
R	ZWP	FSL01		1900-01-01		LUPAWA				0	0	1		269
R	ZWP	FSL02		1900-01-01		WYTOWNO				0	0	1		269
R	ZWP	FSL03		1900-01-01		ZIMOWISKA				0	0	1		269
R	ZWP	FTC01		1900-01-01		GNIEW				0	0	1		269
R	ZWP	FTC02		1900-01-01		TCZEW I				0	0	1		269
R	ZWP	FTC03		1900-01-01		LUBISZEWO I				0	0	1		269
R	ZWP	FTC04		1900-01-01		LUBISZEWO II				0	0	1		269
R	ZWP	FTC05		1900-01-01		TYMAWA				0	0	1		269
R	ZWP	FTC06		1900-01-01		TCZEW II				0	0	1		269
R	ZWP	FTC07		1900-01-01		POMYJE				0	0	1		269
R	ZWP	FTC08		1900-01-01		SUBKOWY				0	0	1		269
R	ZWP	FTC09		1900-01-01		MIEDZYLEZ				0	0	1		269
R	ZWP	FUG01		1900-01-01		GRABINY ZAMECZEK				0	0	1		269
R	ZWP	FUG02		1900-01-01		SOBOWIDZ				0	0	1		269
R	ZWP	FUG03		1900-01-01		PRUSZCZ GDANSKI I				0	0	1		269
R	ZWP	FUG04		1900-01-01		PRUSZCZ GDANSKI II				0	0	1		269
R	ZWP	FUG05		1900-01-01		LESZKOWY				0	0	1		269
R	ZWP	FUK01		1900-01-01		SLUPSK I				0	0	1		269
R	ZWP	FUK02		1900-01-01		SLUPSK II				0	0	1		269
R	ZWP	FUM01		1900-01-01		DZIERZGON				0	0	1		269
R	ZWP	FUM02		1900-01-01		PRZEZMARK				0	0	1		269
R	ZWP	FUM03		1900-01-01		STARY DZIERZGON				0	0	1		269
R	ZWP	FUM04		1900-01-01		SZTUM				0	0	1		269
R	ZWP	FUM05		1900-01-01		JEZIORNO				0	0	1		269
R	ZWP	FUM06		1900-01-01		STAZKI				0	0	1		269
R	ZWP	FUM07		1900-01-01		ZANTYR				0	0	1		269
R	ZWP	FWJ01		1900-01-01		CHYNOWIE				0	0	1		269
R	ZWP	FYA01		1900-01-01		ZAMEK KISZEWSKI				0	0	1		269
R	ZWP	FYA02		1900-01-01		KOSCIERZYNA				0	0	1		269
R	ZWP	FYW01		1900-01-01		BYTOW				0	0	1		269
R	ZWP	FYW02		1900-01-01		TUCHOMIE				0	0	1		269
R	ZWP	GBB01		1900-01-01		CZANIEC				0	0	1		269
R	ZWP	GBB02		1900-01-01		GRODZIEC				0	0	1		269
R	ZWP	GBB03		1900-01-01		KOBIERNICE                     Z.WOLEK				0	0	1		269
R	ZWP	GBH01		1900-01-01		BIELSKO–BIALA				0	0	1		269
R	ZWP	GBN01		1900-01-01		BEDZIN				0	0	1		269
R	ZWP	GBN02		1900-01-01		SLAWKOW				0	0	1		269
R	ZWP	GBN03		1900-01-01		SIEWIERZ				0	0	1		269
R	ZWP	GBN04		1900-01-01		DOBIESZOWICE				0	0	1		269
R	ZWP	GCT01		1900-01-01		CZESTOCHOWA I - JASNA GORA				0	0	1		269
R	ZWP	GCT02		1900-01-01		CZESTOCHOWA II - BLESZNO				0	0	1		269
R	ZWP	GCT03		1900-01-01		CZESTOCHOWA III - MIROW				0	0	1		269
R	ZWP	GCY01		1900-01-01		CIESZYN I				0	0	1		269
R	ZWP	GCY02		1900-01-01		DZIEGIELOW I                    Z.DOLNY				0	0	1		269
R	ZWP	GCY03		1900-01-01		DZIEGIELOW II                   Z.GORNY				0	0	1		269
R	ZWP	GCY04		1900-01-01		KONCZYCE MALE				0	0	1		269
R	ZWP	GCY05		1900-01-01		STRUMIEN				0	0	1		269
R	ZWP	GCY06		1900-01-01		CIESZYN II - BLOGOCICE				0	0	1		269
R	ZWP	GCY07		1900-01-01		SKOCZOW				0	0	1		269
R	ZWP	GCY08		1900-01-01		ZEBRZYDOWICE				0	0	1		269
R	ZWP	GCY09		1900-01-01		CIESZYN III - MARKLOWICE				0	0	1		269
R	ZWP	GCY10		1900-01-01		KOCZY ZAMEK				0	0	1		269
R	ZWP	GCY11		1900-01-01		KOWALE				0	0	1		269
R	ZWP	GCZ01		1900-01-01		LELOW				0	0	1		269
R	ZWP	GCZ02		1900-01-01		MSTOW				0	0	1		269
R	ZWP	GCZ03		1900-01-01		OLSZTYN              Z.PRZYMOLOWICE				0	0	1		269
R	ZWP	GCZ04		1900-01-01		OSTREZNIK				0	0	1		269
R	ZWP	GCZ05		1900-01-01		STARY KONIECPOL      Z.STARA WIES				0	0	1		269
R	ZWP	GCZ06		1900-01-01		ZLOTY POTOK				0	0	1		269
R	ZWP	GCZ07		1900-01-01		KRUSZYNA				0	0	1		269
R	ZWP	GCZ08		1900-01-01		PODLESIE				0	0	1		269
R	ZWP	GCZ09		1900-01-01		ZURAW				0	0	1		269
R	ZWP	GCZ10		1900-01-01		CHRZASTOW				0	0	1		269
R	ZWP	GEM01		1900-01-01		SIEMIANOWICE SLASKIE				0	0	1		269
R	ZWP	GGC01		1900-01-01		CHUDOW  K.GIERALTOWIC				0	0	1		269
R	ZWP	GGC02		1900-01-01		TOSZEK				0	0	1		269
R	ZWP	GGC03		1900-01-01		SOSNICOWICE				0	0	1		269
R	ZWP	GGC04		1900-01-01		PLAWNIOWICE				0	0	1		269
R	ZWP	GGE01		1900-01-01		GLIWICE                (DW.CERTYCZOW)				0	0	1		269
R	ZWP	GJZ01		1900-01-01		BZIE ZAMECKIE				0	0	1		269
R	ZWP	GKX01		1900-01-01		BIALA				0	0	1		269
R	ZWP	GKX02		1900-01-01		DANKOW				0	0	1		269
R	ZWP	GKX03		1900-01-01		KRZEPICE				0	0	1		269
R	ZWP	GKX04		1900-01-01		KLOBUCK				0	0	1		269
R	ZWP	GKX05		1900-01-01		GRODZISKO				0	0	1		269
R	ZWP	GKX06		1900-01-01		KOPIEC				0	0	1		269
R	ZWP	GLX01		1900-01-01		LUBLINIEC				0	0	1		269
R	ZWP	GLX02		1900-01-01		WOZNIKI				0	0	1		269
R	ZWP	GLX03		1900-01-01		KOSZECIN				0	0	1		269
R	ZWP	GMS01		1900-01-01		BOBOLICE				0	0	1		269
R	ZWP	GMS02		1900-01-01		KOZIEGLOWY				0	0	1		269
R	ZWP	GMS03		1900-01-01		LUTOWIEC                    Z.LUTOWIEC				0	0	1		269
R	ZWP	GMS04		1900-01-01		MIROW				0	0	1		269
R	ZWP	GMS05		1900-01-01		PRZEWODZISZOWICE				0	0	1		269
R	ZWP	GMS06		1900-01-01		SULISZOWICE				0	0	1		269
R	ZWP	GMS07		1900-01-01		ZARKI				0	0	1		269
R	ZWP	GNI01		1900-01-01		SOSNOWIEC I                  Z.SIELECKI				0	0	1		269
R	ZWP	GNI02		1900-01-01		SOSNOWIEC II - ZAGORZE				0	0	1		269
R	ZWP	GPY01		1900-01-01		PSZCZYNA				0	0	1		269
R	ZWP	GPY02		1900-01-01		KOBIOR                       Z.PROMNICE				0	0	1		269
R	ZWP	GRB01		1900-01-01		RASZCZYCE				0	0	1		269
R	ZWP	GRB02		1900-01-01		ZWONOWICE				0	0	1		269
R	ZWP	GRC01		1900-01-01		KORNICE				0	0	1		269
R	ZWP	GRC02		1900-01-01		RACIBORZ				0	0	1		269
R	ZWP	GRC03		1900-01-01		TWORKOW  K. KRZYZANOWIC				0	0	1		269
R	ZWP	GRC04		1900-01-01		CHALUPKI K.KRZYZANOWIC				0	0	1		269
R	ZWP	GRC05		1900-01-01		KROWIARKI				0	0	1		269
R	ZWP	GRN01		1900-01-01		RYBNIK				0	0	1		269
R	ZWP	GRS01		1900-01-01		RUDA SLASKA				0	0	1		269
R	ZWP	GTG01		1900-01-01		NAKLO SLASKIE				0	0	1		269
R	ZWP	GTG02		1900-01-01		SWIERKLANIEC				0	0	1		269
R	ZWP	GTG03		1900-01-01		TWOROG				0	0	1		269
R	ZWP	GTG04		1900-01-01		STARE TARNOWICE				0	0	1		269
R	ZWP	GTG05		1900-01-01		KAMIENIEC				0	0	1		269
R	ZWP	GTH01		1900-01-01		BIERUN STARY				0	0	1		269
R	ZWP	GWV01		1900-01-01		WODZISLAW SLASKI				0	0	1		269
R	ZWP	GWV02		1900-01-01		LUBOMIA				0	0	1		269
R	ZWP	GYT01		1900-01-01		BYTOM I				0	0	1		269
R	ZWP	GYT02		1900-01-01		BYTOM II - MIECHOWICE				0	0	1		269
R	ZWP	GZC01		1900-01-01		LODYGOWICE				0	0	1		269
R	ZWP	GZC02		1900-01-01		SLEMIEN				0	0	1		269
R	ZWP	GZC03		1900-01-01		ZYWIEC				0	0	1		269
R	ZWP	GZW01		1900-01-01		KROMOLOW				0	0	1		269
R	ZWP	GZW02		1900-01-01		MORSKO				0	0	1		269
R	ZWP	GZW03		1900-01-01		PILICA				0	0	1		269
R	ZWP	GZW04		1900-01-01		PODZAMCZE         Z.OGRODZIENIEC				0	0	1		269
R	ZWP	GZW05		1900-01-01		RYCZOW				0	0	1		269
R	ZWP	GZW06		1900-01-01		GRABOWA				0	0	1		269
R	ZWP	GZW07		1900-01-01		SKARZYCE         Z.OKIENNIK WIELKI				0	0	1		269
R	ZWP	GZW08		1900-01-01		UDORZ                             (UDORZ)				0	0	1		269
R	ZWP	GZW09		1900-01-01		ZAWIERCIE-MORSKO      Z.BAKOWIEC				0	0	1		269
R	ZWP	GZW10		1900-01-01		ZARNOWIEC N.PILICA				0	0	1		269
R	ZWP	GZW11		1900-01-01		GIEBLO				0	0	1		269
R	ZWP	GZW12		1900-01-01		WIESIOLKA				0	0	1		269
R	ZWP	GZW13		1900-01-01		GORA BIROW K.PODZAMCZA				0	0	1		269
R	ZWP	GZW14		1900-01-01		SMOLEN                         Z.PILCZA				0	0	1		269
R	ZWP	GZX01		1900-01-01		ZABRZE				0	0	1		269
R	ZWP	JAW01		1900-01-01		BEMOWIZNA				0	0	1		269
R	ZWP	JAW02		1900-01-01		BOGDANY				0	0	1		269
R	ZWP	JAW03		1900-01-01		BRANIEWO				0	0	1		269
R	ZWP	JAW04		1900-01-01		FROMBORK				0	0	1		269
R	ZWP	JAW05		1900-01-01		PIENIEZNO                Z.MAKOWORY				0	0	1		269
R	ZWP	JBT01		1900-01-01		BARTOSZYCE				0	0	1		269
R	ZWP	JBT02		1900-01-01		BISZTYNEK I            DWOR BISKUPI				0	0	1		269
R	ZWP	JBT03		1900-01-01		BISZTYNEK II               KOSC.OBR				0	0	1		269
R	ZWP	JBT04		1900-01-01		GOROWO ILAWECKIE				0	0	1		269
R	ZWP	JBT05		1900-01-01		SEPOPOL I				0	0	1		269
R	ZWP	JBT06		1900-01-01		SEPOPOL II                  KOSC.OBR.				0	0	1		269
R	ZWP	JBT07		1900-01-01		GALINY				0	0	1		269
R	ZWP	JDA01		1900-01-01		DZIALDOWO				0	0	1		269
R	ZWP	JDA02		1900-01-01		LIDZBARK WELSKI				0	0	1		269
R	ZWP	JDA03		1900-01-01		NARZYM				0	0	1		269
R	ZWP	JEA01		1900-01-01		ELBLAG				0	0	1		269
R	ZWP	JEK01		1900-01-01		ELK				0	0	1		269
R	ZWP	JEK02		1900-01-01		STRADUNY				0	0	1		269
R	ZWP	JEL01		1900-01-01		MLYNARY				0	0	1		269
R	ZWP	JEL02		1900-01-01		PASLEK				0	0	1		269
R	ZWP	JEL03		1900-01-01		TOLKMICKO				0	0	1		269
R	ZWP	JEL04		1900-01-01		KADYNY				0	0	1		269
R	ZWP	JEL05		1900-01-01		NOWY DWOR ELBLASKI				0	0	1		269
R	ZWP	JEL06		1900-01-01		STALEWO				0	0	1		269
R	ZWP	JEZ01		1900-01-01		BARCIANY				0	0	1		269
R	ZWP	JEZ02		1900-01-01		BEZLAWKI				0	0	1		269
R	ZWP	JEZ03		1900-01-01		GARBNO				0	0	1		269
R	ZWP	JEZ04		1900-01-01		JEGLAWKI				0	0	1		269
R	ZWP	JEZ05		1900-01-01		KETRZYN I				0	0	1		269
R	ZWP	JEZ06		1900-01-01		RESZEL				0	0	1		269
R	ZWP	JEZ07		1900-01-01		SATOCZNO				0	0	1		269
R	ZWP	JEZ08		1900-01-01		PILEC				0	0	1		269
R	ZWP	JEZ09		1900-01-01		KETRZYN II                    KOSC.OBR				0	0	1		269
R	ZWP	JEZ10		1900-01-01		NAKOMIADY				0	0	1		269
R	ZWP	JEZ11		1900-01-01		MOLTAJNY				0	0	1		269
R	ZWP	JEZ12		1900-01-01		LANKIEJMY				0	0	1		269
R	ZWP	JGK01		1900-01-01		GIZYCKO                     Z.LUCZANY				0	0	1		269
R	ZWP	JGK02		1900-01-01		RYN				0	0	1		269
R	ZWP	JGK03		1900-01-01		WYSPA GILMA				0	0	1		269
R	ZWP	JIL01		1900-01-01		ILAWA				0	0	1		269
R	ZWP	JIL02		1900-01-01		KAMIENIEC				0	0	1		269
R	ZWP	JIL03		1900-01-01		ZALEWO				0	0	1		269
R	ZWP	JIL04		1900-01-01		KISIELICE				0	0	1		269
R	ZWP	JIL05		1900-01-01		LUBAWA				0	0	1		269
R	ZWP	JIL06		1900-01-01		SUSZ				0	0	1		269
R	ZWP	JIL07		1900-01-01		SZYMBARK				0	0	1		269
R	ZWP	JLJ01		1900-01-01		LIDZBARK WARMINSKI				0	0	1		269
R	ZWP	JLJ02		1900-01-01		ORNETA				0	0	1		269
R	ZWP	JMR01		1900-01-01		MRAGOWO				0	0	1		269
R	ZWP	JMR02		1900-01-01		SZESTNO				0	0	1		269
R	ZWP	JNC01		1900-01-01		NIDZICA I				0	0	1		269
R	ZWP	JNC02		1900-01-01		NIDZICA II         ZAMECZEK				0	0	1		269
R	ZWP	JNQ01		1900-01-01		BRATIAN				0	0	1		269
R	ZWP	JNQ02		1900-01-01		KURZETNIK				0	0	1		269
R	ZWP	JNQ03		1900-01-01		NOWE MIASTO LUBAWSKIE				0	0	1		269
R	ZWP	JNQ04		1900-01-01		WONNA            DWOR WONNENBURG				0	0	1		269
R	ZWP	JOL01		1900-01-01		BARCZEWO				0	0	1		269
R	ZWP	JOL02		1900-01-01		BISKUPIEC				0	0	1		269
R	ZWP	JOL03		1900-01-01		JEZIORANY				0	0	1		269
R	ZWP	JOL04		1900-01-01		OLSZTYNEK				0	0	1		269
R	ZWP	JOL05		1900-01-01		WRZESINA				0	0	1		269
R	ZWP	JOL06		1900-01-01		DOBRE MIASTO				0	0	1		269
R	ZWP	JOL07		1900-01-01		SMOLAJNY				0	0	1		269
R	ZWP	JOL08		1900-01-01		BARCZEWKO				0	0	1		269
R	ZWP	JOL09		1900-01-01		JEDZBARK I				0	0	1		269
R	ZWP	JOL10		1900-01-01		JEDZBARK II				0	0	1		269
R	ZWP	JOL11		1900-01-01		BARTAZEK				0	0	1		269
R	ZWP	JOQ01		1900-01-01		DABROWNO I				0	0	1		269
R	ZWP	JOQ02		1900-01-01		MILAKOWO				0	0	1		269
R	ZWP	JOQ03		1900-01-01		MILOMLYN				0	0	1		269
R	ZWP	JOQ04		1900-01-01		MORAG I				0	0	1		269
R	ZWP	JOQ05		1900-01-01		MORAG II				0	0	1		269
R	ZWP	JOQ06		1900-01-01		OSTRODA				0	0	1		269
R	ZWP	JOQ07		1900-01-01		KARNITY				0	0	1		269
R	ZWP	JOQ08		1900-01-01		DABROWNO II				0	0	1		269
R	ZWP	JOQ09		1900-01-01		LUKTA				0	0	1		269
R	ZWP	JOU01		1900-01-01		OLSZTYN				0	0	1		269
R	ZWP	JOU02		1900-01-01		DAGI				0	0	1		269
R	ZWP	JOX01		1900-01-01		OLECKO				0	0	1		269
R	ZWP	JPQ01		1900-01-01		OKARTOWO				0	0	1		269
R	ZWP	JPQ02		1900-01-01		PISZ				0	0	1		269
R	ZWP	JWG01		1900-01-01		WEGORZEWO I				0	0	1		269
R	ZWP	JWG02		1900-01-01		WEGORZEWO II				0	0	1		269
R	ZWP	JWG03		1900-01-01		SZTYNORT				0	0	1		269
R	ZWP	JWG04		1900-01-01		GUJA				0	0	1		269
R	ZWP	JYN01		1900-01-01		SZCZYTNO				0	0	1		269
R	ZWP	JYN02		1900-01-01		WIELBARK				0	0	1		269
R	ZWP	JYN03		1900-01-01		PASYM				0	0	1		269
R	ZWP	JYN04		1900-01-01		SPYCHOWO				0	0	1		269
R	ZWP	JYN05		1900-01-01		DZWIERZUTY				0	0	1		269
R	ZWP	JYN06		1900-01-01		JEDWABNO				0	0	1		269
R	ZWP	JYN07		1900-01-01		PASYM II				0	0	1		269
R	ZWP	KBR01		1900-01-01		BRZOZOW                       DWOR OBR.				0	0	1		269
R	ZWP	KBR02		1900-01-01		NOZDRZEC                         ZAMEK				0	0	1		269
R	ZWP	KBR03		1900-01-01		TEMESZOW                    DWOR OBR.				0	0	1		269
R	ZWP	KBR04		1900-01-01		ULUCZ                       CERKIEW OBR.				0	0	1		269
R	ZWP	KBR05		1900-01-01		ULUCZ II                    CERKIEW OBR.				0	0	1		269
R	ZWP	KDE01		1900-01-01		ZAWADA				0	0	1		269
R	ZWP	KDE02		1900-01-01		LATOSZYN				0	0	1		269
R	ZWP	KDE03		1900-01-01		LEKI GORNE				0	0	1		269
R	ZWP	KDE04		1900-01-01		WIEWIORKA				0	0	1		269
R	ZWP	KDE05		1900-01-01		PUSTYNIA                       DWOR OBR.				0	0	1		269
R	ZWP	KJA01		1900-01-01		JAROSLAW I                    KLASZT.OBR.				0	0	1		269
R	ZWP	KJA02		1900-01-01		SOSNICA				0	0	1		269
R	ZWP	KJA03		1900-01-01		WEGIERKA				0	0	1		269
R	ZWP	KJA04		1900-01-01		RYSZKOWA WOLA				0	0	1		269
R	ZWP	KJA05		1900-01-01		TYNIOWICE				0	0	1		269
R	ZWP	KJA06		1900-01-01		ROKIETNICA				0	0	1		269
R	ZWP	KJA07		1900-01-01		TULIGLOWY				0	0	1		269
R	ZWP	KJA08		1900-01-01		JAROSLAW II                     ZAMEK				0	0	1		269
R	ZWP	KJA09		1900-01-01		JAROSLAW III     KOLEGIUM JEZUICKIE				0	0	1		269
R	ZWP	KJS01		1900-01-01		KRAJOWICE                     Z.GOLESZ				0	0	1		269
R	ZWP	KJS02		1900-01-01		KUNOWA                    Z.NAD ROPA				0	0	1		269
R	ZWP	KJS03		1900-01-01		LISOW				0	0	1		269
R	ZWP	KJS04		1900-01-01		MRUKOWA                G.ZAMCZYSKO				0	0	1		269
R	ZWP	KJS05		1900-01-01		OSIEK JASIELSKI				0	0	1		269
R	ZWP	KJS06		1900-01-01		STARY ZMIGROD				0	0	1		269
R	ZWP	KJS07		1900-01-01		SAMOKLESKI				0	0	1		269
R	ZWP	KJS08		1900-01-01		NOWY ZMIGROD				0	0	1		269
R	ZWP	KJS09		1900-01-01		BIEZDZIEDZA				0	0	1		269
R	ZWP	KJS10		1900-01-01		JASLO I				0	0	1		269
R	ZWP	KJS11		1900-01-01		JASLO II -GORAJOWICE				0	0	1		269
R	ZWP	KKN01		1900-01-01		KROSNO                     KOSCIOL OBR.				0	0	1		269
R	ZWP	KKS01		1900-01-01		LACZKI JAGIELLONSKIE				0	0	1		269
R	ZWP	KKS02		1900-01-01		ODRZYKON                Z.KAMIENIEC				0	0	1		269
R	ZWP	KKS03		1900-01-01		RYMANOW ZDROJ				0	0	1		269
R	ZWP	KKS04		1900-01-01		DUKLA				0	0	1		269
R	ZWP	KKS05		1900-01-01		ROGI				0	0	1		269
R	ZWP	KKS06		1900-01-01		RYMANOW				0	0	1		269
R	ZWP	KKS07		1900-01-01		KOMBORNIA				0	0	1		269
R	ZWP	KKS08		1900-01-01		IWONICZ				0	0	1		269
R	ZWP	KKS09		1900-01-01		TARGOWISKA				0	0	1		269
R	ZWP	KKS10		1900-01-01		KROLIK POLSKI                KOSC.OBR.				0	0	1		269
R	ZWP	KKS11		1900-01-01		JASLISKA				0	0	1		269
R	ZWP	KLK01		1900-01-01		HOCZEW				0	0	1		269
R	ZWP	KLK02		1900-01-01		LESKO				0	0	1		269
R	ZWP	KLK03		1900-01-01		BALIGROD				0	0	1		269
R	ZWP	KLK04		1900-01-01		BEREZKA				0	0	1		269
R	ZWP	KLK05		1900-01-01		OLSZANICA				0	0	1		269
R	ZWP	KLK06		1900-01-01		UHERCE MINERALNE I        DWOR OBR.				0	0	1		269
R	ZWP	KLK07		1900-01-01		UHERCE MINERALNE II       KOSC.OBR.				0	0	1		269
R	ZWP	KLK08		1900-01-01		MONASTERZEC                Z.SOBIEN				0	0	1		269
R	ZWP	KLN01		1900-01-01		LANCUT I				0	0	1		269
R	ZWP	KLN02		1900-01-01		LANCUT II                 STARY ZAMEK				0	0	1		269
R	ZWP	KLN03		1900-01-01		LANCUT III                   KOSCIOL OBR				0	0	1		269
R	ZWP	KLN04		1900-01-01		BIALOBRZEGI                   DWOR OBR.				0	0	1		269
R	ZWP	KLN05		1900-01-01		KOSINA                      KOSCIOL OBR.				0	0	1		269
R	ZWP	KLN06		1900-01-01		SONINA                      KOSCIOL OBR				0	0	1		269
R	ZWP	KLV01		1900-01-01		LUBACZOW				0	0	1		269
R	ZWP	KLV02		1900-01-01		OLESZYCE				0	0	1		269
R	ZWP	KLV03		1900-01-01		HORYNIEC ZDROJ				0	0	1		269
R	ZWP	KLV04		1900-01-01		NOWE SIOLO				0	0	1		269
R	ZWP	KLV05		1900-01-01		WIELKIE OCZY				0	0	1		269
R	ZWP	KLV06		1900-01-01		RADRUZ				0	0	1		269
R	ZWP	KLZ01		1900-01-01		LEZAJSK I                    KLASZT.OBR.				0	0	1		269
R	ZWP	KLZ02		1900-01-01		GRODZISKO DOLNE				0	0	1		269
R	ZWP	KLZ03		1900-01-01		LEZAJSK II                     DWOR OBR.				0	0	1		269
R	ZWP	KLZ04		1900-01-01		LEZAJSK III                    KOSC.OBR.				0	0	1		269
R	ZWP	KMC01		1900-01-01		MIELEC				0	0	1		269
R	ZWP	KMC02		1900-01-01		PRZECLAW				0	0	1		269
R	ZWP	KMC03		1900-01-01		RZEMIEN				0	0	1		269
R	ZWP	KMC04		1900-01-01		ZGORSKO-PODBORZE				0	0	1		269
R	ZWP	KNO01		1900-01-01		KRZESZOW				0	0	1		269
R	ZWP	KPE01		1900-01-01		PRZEWORSK I                KLASZT.OBR.				0	0	1		269
R	ZWP	KPE02		1900-01-01		SIENIAWA				0	0	1		269
R	ZWP	KPE03		1900-01-01		BIALOBOKI				0	0	1		269
R	ZWP	KPE04		1900-01-01		PRZEWORSK II				0	0	1		269
R	ZWP	KPE05		1900-01-01		CHODAKOWKA				0	0	1		269
R	ZWP	KPE06		1900-01-01		SIENNOW				0	0	1		269
R	ZWP	KPE07		1900-01-01		PRZEWORSK III      BAZYL.SW.DUCHA				0	0	1		269
R	ZWP	KPE08		1900-01-01		GORLICZYNA                      ZAMEK				0	0	1		269
R	ZWP	KPE09		1900-01-01		NOWOSIELCE             KOSCIOL OBR.				0	0	1		269
R	ZWP	KPM01		1900-01-01		PRZEMYSL I				0	0	1		269
R	ZWP	KPM02		1900-01-01		PRZEMYSL II                   KOSC.OBR.				0	0	1		269
R	ZWP	KPM03		1900-01-01		PRZEMYSL III       KOSC.I KLASZT.OBR.				0	0	1		269
R	ZWP	KPM04		1900-01-01		PRZEMYSL IV       KOSC I KLASZ OBR.				0	0	1		269
R	ZWP	KPM05		1900-01-01		PRZEMYSL V      STARE ZAMCZYSKO				0	0	1		269
R	ZWP	KPR01		1900-01-01		AKSMANICE				0	0	1		269
R	ZWP	KPR02		1900-01-01		DUBIECKO				0	0	1		269
R	ZWP	KPR03		1900-01-01		FREDROPOL                Z.KORMANICE				0	0	1		269
R	ZWP	KPR04		1900-01-01		KRASICZYN				0	0	1		269
R	ZWP	KPR05		1900-01-01		MEDYKA				0	0	1		269
R	ZWP	KPR06		1900-01-01		RYBOTYCZE				0	0	1		269
R	ZWP	KPR07		1900-01-01		DROHOJOW				0	0	1		269
R	ZWP	KPR08		1900-01-01		BOLESTRASZYCE				0	0	1		269
R	ZWP	KPR09		1900-01-01		MACKOWICE				0	0	1		269
R	ZWP	KPR10		1900-01-01		SIERAKOSCE				0	0	1		269
R	ZWP	KPR11		1900-01-01		JAMNA DOLNA				0	0	1		269
R	ZWP	KPR12		1900-01-01		POSADA RYBOTYCKA				0	0	1		269
R	ZWP	KPR13		1900-01-01		KALWARIA PACLAWSKA				0	0	1		269
R	ZWP	KPR14		1900-01-01		KRZYWCZA				0	0	1		269
R	ZWP	KPR15		1900-01-01		NOWE SADY               CERKIEW OBR.				0	0	1		269
R	ZWP	KPR16		1900-01-01		ZURAWICA                    DWOR OBR.				0	0	1		269
R	ZWP	KPR17		1900-01-01		KOPYSNO I				0	0	1		269
R	ZWP	KPR18		1900-01-01		BIRCZA				0	0	1		269
R	ZWP	KPR19		1900-01-01		KUZMINA				0	0	1		269
R	ZWP	KPR20		1900-01-01		KOPYSNO II				0	0	1		269
R	ZWP	KRM01		1900-01-01		RZESZOW I				0	0	1		269
R	ZWP	KRM02		1900-01-01		RZESZOW II                  KLASZT.OBR.				0	0	1		269
R	ZWP	KRO01		1900-01-01		SIELEC				0	0	1		269
R	ZWP	KRO02		1900-01-01		BEDZIEMYSL				0	0	1		269
R	ZWP	KRO03		1900-01-01		SKRZYSZOW                   DWOR OBR.				0	0	1		269
R	ZWP	KRO04		1900-01-01		WIELOPOLE SKRZYNSKIE				0	0	1		269
R	ZWP	KRZ01		1900-01-01		DABROWKA STARZENSKA				0	0	1		269
R	ZWP	KRZ02		1900-01-01		DYNOW				0	0	1		269
R	ZWP	KRZ03		1900-01-01		LAKA				0	0	1		269
R	ZWP	KRZ04		1900-01-01		ZGLOBIEN				0	0	1		269
R	ZWP	KRZ05		1900-01-01		BOGUCHWALA                  DWOR OBR.				0	0	1		269
R	ZWP	KSA01		1900-01-01		NIEBIESZCZANY				0	0	1		269
R	ZWP	KSA02		1900-01-01		NOWOTANIEC				0	0	1		269
R	ZWP	KSA03		1900-01-01		SANOK				0	0	1		269
R	ZWP	KSA04		1900-01-01		ZAGORZ                        KLASZT.OBR.				0	0	1		269
R	ZWP	KSA05		1900-01-01		JACMIERZ				0	0	1		269
R	ZWP	KSA06		1900-01-01		ZBOISKA				0	0	1		269
R	ZWP	KSA07		1900-01-01		PLONNA				0	0	1		269
R	ZWP	KSA08		1900-01-01		ZARSZYN				0	0	1		269
R	ZWP	KST01		1900-01-01		PRZYSZOW				0	0	1		269
R	ZWP	KST02		1900-01-01		ZAKLIKOW				0	0	1		269
R	ZWP	KSY01		1900-01-01		CZUDEC				0	0	1		269
R	ZWP	KSY02		1900-01-01		TWIERDZA N.WISLOKIEM				0	0	1		269
R	ZWP	KSY03		1900-01-01		WISNIOWA				0	0	1		269
R	ZWP	KSY04		1900-01-01		NIEBYLEC				0	0	1		269
R	ZWP	KTB01		1900-01-01		BARANOW SANDOMIERSKI				0	0	1		269
R	ZWP	KTB02		1900-01-01		GORZYCE				0	0	1		269
R	ZWP	KTN01		1900-01-01		TARNOBRZEG - DZIKOW				0	0	1		269
R	ZWP	KUD01		1900-01-01		DZWINIACZ DOLNY				0	0	1		269
R	ZWP	KUD02		1900-01-01		CZARNA DOLNA				0	0	1		269
R	ZWP	KUD03		1900-01-01		WOJTKOWA				0	0	1		269
R	ZWP	LBI01		1900-01-01		GORAJ                              Z.LADA				0	0	1		269
R	ZWP	LBI02		1900-01-01		TUROBIN				0	0	1		269
R	ZWP	LBP01		1900-01-01		JANOW PODLASKI				0	0	1		269
R	ZWP	LBP02		1900-01-01		KODEN				0	0	1		269
R	ZWP	LCH01		1900-01-01		SIELEC				0	0	1		269
R	ZWP	LCH02		1900-01-01		STOLPIE				0	0	1		269
R	ZWP	LCH03		1900-01-01		SREBRZYSZCZE				0	0	1		269
R	ZWP	LCH04		1900-01-01		DOROHUSK				0	0	1		269
R	ZWP	LCH05		1900-01-01		WOJSLAWICE				0	0	1		269
R	ZWP	LCH06		1900-01-01		CZULCZYCE				0	0	1		269
R	ZWP	LCM01		1900-01-01		CHELM I - BIELAWIN				0	0	1		269
R	ZWP	LCM02		1900-01-01		CHELM II				0	0	1		269
R	ZWP	LHR01		1900-01-01		HORODLO				0	0	1		269
R	ZWP	LHR02		1900-01-01		HRUBIESZOW				0	0	1		269
R	ZWP	LHR03		1900-01-01		KRYLOW				0	0	1		269
R	ZWP	LHR04		1900-01-01		UCHANIE				0	0	1		269
R	ZWP	LHR05		1900-01-01		SZPIKOLOSY				0	0	1		269
R	ZWP	LIM01		1900-01-01		BIALA PODLASKA				0	0	1		269
R	ZWP	LKK01		1900-01-01		KRASNIK				0	0	1		269
R	ZWP	LKK02		1900-01-01		DZIERZKOWICE				0	0	1		269
R	ZWP	LKY01		1900-01-01		KRASNYSTAW				0	0	1		269
R	ZWP	LKY02		1900-01-01		KRUPE				0	0	1		269
R	ZWP	LKY03		1900-01-01		ORLOW MUROWANY				0	0	1		269
R	ZWP	LKY04		1900-01-01		TARNOGORA				0	0	1		269
R	ZWP	LLB01		1900-01-01		BELZYCE				0	0	1		269
R	ZWP	LLB02		1900-01-01		BYCHAWA				0	0	1		269
R	ZWP	LLB03		1900-01-01		BYSTRZYCA NOWA (BYSTRZYCA ST.)				0	0	1		269
R	ZWP	LLB04		1900-01-01		DABROWICA				0	0	1		269
R	ZWP	LLB05		1900-01-01		WOJCIECHOW				0	0	1		269
R	ZWP	LLB06		1900-01-01		NIEDRZWICA DUZA				0	0	1		269
R	ZWP	LLB07		1900-01-01		JAKUBOWICE KONINSKIE				0	0	1		269
R	ZWP	LLC01		1900-01-01		LECZNA				0	0	1		269
R	ZWP	LLC02		1900-01-01		ZAWIEPRZYCE				0	0	1		269
R	ZWP	LLC03		1900-01-01		KIJANY				0	0	1		269
R	ZWP	LLT01		1900-01-01		KOCK				0	0	1		269
R	ZWP	LLT02		1900-01-01		LUBARTOW				0	0	1		269
R	ZWP	LLU01		1900-01-01		LUBLIN I				0	0	1		269
R	ZWP	LLU02		1900-01-01		LUBLIN II - JAKUBOWICE MUROWANE				0	0	1		269
R	ZWP	LLU03		1900-01-01		LUBLIN III - CZECHOW				0	0	1		269
R	ZWP	LLU04		1900-01-01		LUBLIN IV   KL. KARMELITOW BOSYCH				0	0	1		269
R	ZWP	LLU05		1900-01-01		LUBLIN V                      DWOR OBR.				0	0	1		269
R	ZWP	LLW01		1900-01-01		WILCZYSKA				0	0	1		269
R	ZWP	LLW02		1900-01-01		LUKOW				0	0	1		269
R	ZWP	LLW03		1900-01-01		TUCHOWICZ				0	0	1		269
R	ZWP	LOB01		1900-01-01		OPOLE LUBELSKIE				0	0	1		269
R	ZWP	LPC01		1900-01-01		PARCZEW				0	0	1		269
R	ZWP	LPU01		1900-01-01		BOCHOTNICA				0	0	1		269
R	ZWP	LPU02		1900-01-01		JANOWIEC                     Z.FIRLEJOW				0	0	1		269
R	ZWP	LPU03		1900-01-01		KAZIMIERZ DOLNY I				0	0	1		269
R	ZWP	LPU04		1900-01-01		WAWOLNICA				0	0	1		269
R	ZWP	LPU05		1900-01-01		CELEJOW				0	0	1		269
R	ZWP	LPU06		1900-01-01		KONSKOWOLA				0	0	1		269
R	ZWP	LPU07		1900-01-01		PULAWY				0	0	1		269
R	ZWP	LPU08		1900-01-01		KAZIMIERZ DOLNY II				0	0	1		269
R	ZWP	LRP01		1900-01-01		CZEMIERNIKI				0	0	1		269
R	ZWP	LRP02		1900-01-01		ZABIKOW				0	0	1		269
R	ZWP	LSD01		1900-01-01		IZDEBNO				0	0	1		269
R	ZWP	LSD02		1900-01-01		GARDZIENICE				0	0	1		269
R	ZWP	LSD03		1900-01-01		KRZESIMOW				0	0	1		269
R	ZWP	LSD04		1900-01-01		PODZAMCZE				0	0	1		269
R	ZWP	LTL01		1900-01-01		LASZCZOW				0	0	1		269
R	ZWP	LTL02		1900-01-01		TYSZOWCE				0	0	1		269
R	ZWP	LTL03		1900-01-01		RACHANIE				0	0	1		269
R	ZWP	LTL04		1900-01-01		WOZUCZYN				0	0	1		269
R	ZWP	LTL05		1900-01-01		JUROW				0	0	1		269
R	ZWP	LTL06		1900-01-01		SUSIEC				0	0	1		269
R	ZWP	LTL07		1900-01-01		TYPIN				0	0	1		269
R	ZWP	LWD01		1900-01-01		STARE STULNO				0	0	1		269
R	ZWP	LWD02		1900-01-01		WLODAWA				0	0	1		269
R	ZWP	LZA01		1900-01-01		GRABOWIEC				0	0	1		269
R	ZWP	LZA02		1900-01-01		SZCZEBRZESZYN				0	0	1		269
R	ZWP	LZA03		1900-01-01		SKIERBIESZOW				0	0	1		269
R	ZWP	LZA04		1900-01-01		KRASNOBROD				0	0	1		269
R	ZWP	LZA05		1900-01-01		TWORYCZOW				0	0	1		269
R	ZWP	LZM01		1900-01-01		ZAMOSC I				0	0	1		269
R	ZWP	LZM02		1900-01-01		ZAMOSC II - SKOKOWKA				0	0	1		269
R	ZWP	LZM03		1900-01-01		ZAMOSC III - KRASNY BRZEG				0	0	1		269
R	ZWP	MBO01		1900-01-01		CHROSTOWA				0	0	1		269
R	ZWP	MBO02		1900-01-01		NOWY WISNICZ      Z.LUBOMIRSKICH				0	0	1		269
R	ZWP	MBO03		1900-01-01		WIERUSZYCE				0	0	1		269
R	ZWP	MBO04		1900-01-01		BOCHNIA - ZAMEK ZUPNY				0	0	1		269
R	ZWP	MBZ01		1900-01-01		CZCHOW				0	0	1		269
R	ZWP	MBZ02		1900-01-01		DEBNO				0	0	1		269
R	ZWP	MBZ03		1900-01-01		WYTRZYSZCZKA           Z.TROPSZYN				0	0	1		269
R	ZWP	MBZ04		1900-01-01		GNOJNIK                     KOSCIOL OBR.				0	0	1		269
R	ZWP	MCN01		1900-01-01		BABICE                       Z.LIPOWIEC				0	0	1		269
R	ZWP	MDT01		1900-01-01		DABROWA TARNOWSKA				0	0	1		269
R	ZWP	MDT02		1900-01-01		PODBORZE                         Z.BREN				0	0	1		269
R	ZWP	MGO01		1900-01-01		BIECZ I				0	0	1		269
R	ZWP	MGO02		1900-01-01		BIECZ II				0	0	1		269
R	ZWP	MGO03		1900-01-01		BOBOWA				0	0	1		269
R	ZWP	MGO04		1900-01-01		WILCZYSKA                    Z.JEZOW				0	0	1		269
R	ZWP	MGO05		1900-01-01		SZYMBARK				0	0	1		269
R	ZWP	MGO06		1900-01-01		JANKOWA				0	0	1		269
R	ZWP	MGO07		1900-01-01		GORLICE				0	0	1		269
R	ZWP	MGO08		1900-01-01		KRYG				0	0	1		269
R	ZWP	MGO09		1900-01-01		BIECZ III                       KOSC.OBR.				0	0	1		269
R	ZWP	MGO10		1900-01-01		ROPA                           DWOR OBR.				0	0	1		269
R	ZWP	MKM01		1900-01-01		KRAKOW I - GRODEK				0	0	1		269
R	ZWP	MKM02		1900-01-01		KRAKOW II - TYNIEC				0	0	1		269
R	ZWP	MKM04		1900-01-01		KRAKOW IV - WOLA JUSTOWSKA				0	0	1		269
R	ZWP	MKM05		1900-01-01		KRAKOW V - PRZEGORZALY				0	0	1		269
R	ZWP	MKM06		1900-01-01		KROKOW VI - BRANICE				0	0	1		269
R	ZWP	MKM07		1900-01-01		KRAKOW VII - LOBZOW				0	0	1		269
R	ZWP	MKM08		1900-01-01		KRAKOW VIII - ZWIERZYNIEC				0	0	1		269
R	ZWP	MKM09		1900-01-01		KRAKOW IX                     KOSC.OBR.				0	0	1		269
R	ZWP	MKR01		1900-01-01		BIALY KOSCIOL           Z.KLUCZWODA				0	0	1		269
R	ZWP	MKR02		1900-01-01		KORZKIEW				0	0	1		269
R	ZWP	MKR03		1900-01-01		MORAWICA				0	0	1		269
R	ZWP	MKR04		1900-01-01		OJCOW				0	0	1		269
R	ZWP	MKR05		1900-01-01		PIESKOWA SKALA				0	0	1		269
R	ZWP	MKR06		1900-01-01		SKALA - GRODZISKO				0	0	1		269
R	ZWP	MKR07		1900-01-01		SKAWINA				0	0	1		269
R	ZWP	MKR08		1900-01-01		RUDNO                        Z.TENCZYN				0	0	1		269
R	ZWP	MKR09		1900-01-01		PIEKARY         NAPRZ.KLASZT.TYNIEC				0	0	1		269
R	ZWP	MKR10		1900-01-01		DUBIE				0	0	1		269
R	ZWP	MKR11		1900-01-01		SMARDZOWICE				0	0	1		269
R	ZWP	MKR12		1900-01-01		PISARY				0	0	1		269
R	ZWP	MKR13		1900-01-01		KORABNIKI				0	0	1		269
R	ZWP	MKR14		1900-01-01		SULOSZOWA				0	0	1		269
R	ZWP	MLI01		1900-01-01		PRZYSZOWA              Z.NA G.LYZCE				0	0	1		269
R	ZWP	MLI02		1900-01-01		SKRZYDLNA I				0	0	1		269
R	ZWP	MLI03		1900-01-01		SKRZYDLNA II				0	0	1		269
R	ZWP	MME01		1900-01-01		JANOWICZKI				0	0	1		269
R	ZWP	MME02		1900-01-01		KSIAZ WIELKI                  Z.MIROW				0	0	1		269
R	ZWP	MME03		1900-01-01		WYSOCICE                    KOSC.OBR.				0	0	1		269
R	ZWP	MMQ01		1900-01-01		DOBCZYCE				0	0	1		269
R	ZWP	MMQ02		1900-01-01		MYSLENICE I				0	0	1		269
R	ZWP	MMQ03		1900-01-01		MYSLENICE II				0	0	1		269
R	ZWP	MNM01		1900-01-01		NOWY SACZ				0	0	1		269
R	ZWP	MNS01		1900-01-01		GRODEK N.DUNAJCEM				0	0	1		269
R	ZWP	MNS02		1900-01-01		MASZKOWICE				0	0	1		269
R	ZWP	MNS03		1900-01-01		LEMIESZ N.DUNAJCEM				0	0	1		269
R	ZWP	MNS04		1900-01-01		MUSZYNA				0	0	1		269
R	ZWP	MNS05		1900-01-01		ROZNOW I                    Z. LAZISKA				0	0	1		269
R	ZWP	MNS06		1900-01-01		ROZNOW II              Z.N.DUNAJCEM				0	0	1		269
R	ZWP	MNS07		1900-01-01		RYTRO				0	0	1		269
R	ZWP	MNS08		1900-01-01		STARY SACZ				0	0	1		269
R	ZWP	MNS09		1900-01-01		NAWOJOWA				0	0	1		269
R	ZWP	MNS10		1900-01-01		TYLICZ				0	0	1		269
R	ZWP	MNS11		1900-01-01		WITOWICE				0	0	1		269
R	ZWP	MNS12		1900-01-01		ZBYSZYCE I                   DWOR OBR.				0	0	1		269
R	ZWP	MNS13		1900-01-01		ZBYSZYCE II                  KOSC.OBR.				0	0	1		269
R	ZWP	MNS14		1900-01-01		WOJNAROWA				0	0	1		269
R	ZWP	MNS15		1900-01-01		ZABRZEZ				0	0	1		269
R	ZWP	MNT01		1900-01-01		CZORSZTYN				0	0	1		269
R	ZWP	MNT02		1900-01-01		FRYDMAN				0	0	1		269
R	ZWP	MNT03		1900-01-01		KROSCIENKO                  Z.PIENINY				0	0	1		269
R	ZWP	MNT04		1900-01-01		NIEDZICA				0	0	1		269
R	ZWP	MNT05		1900-01-01		SZAFLARY				0	0	1		269
R	ZWP	MNT06		1900-01-01		SROMOWCE				0	0	1		269
R	ZWP	MNT07		1900-01-01		JAWORKI				0	0	1		269
R	ZWP	MNT08		1900-01-01		LAPSZE NIZNE				0	0	1		269
R	ZWP	MNT09		1900-01-01		FALSZTYN				0	0	1		269
R	ZWP	MNT10		1900-01-01		HARKLOWA				0	0	1		269
R	ZWP	MNT11		1900-01-01		ZAMKOWA GORA (PIENINY)				0	0	1		269
R	ZWP	MOW01		1900-01-01		BOBREK				0	0	1		269
R	ZWP	MOW02		1900-01-01		GRODZISKO N.SKAWA				0	0	1		269
R	ZWP	MOW03		1900-01-01		MALEC				0	0	1		269
R	ZWP	MOW04		1900-01-01		OSWIECIM				0	0	1		269
R	ZWP	MOW05		1900-01-01		ZATOR				0	0	1		269
R	ZWP	MOW06		1900-01-01		GRABOSZYCE				0	0	1		269
R	ZWP	MOW07		1900-01-01		GLEBOWICE				0	0	1		269
R	ZWP	MOZ01		1900-01-01		BYDLIN				0	0	1		269
R	ZWP	MOZ02		1900-01-01		KWASNIOW				0	0	1		269
R	ZWP	MOZ03		1900-01-01		OLKUSZ				0	0	1		269
R	ZWP	MOZ04		1900-01-01		RABSZTYN				0	0	1		269
R	ZWP	MOZ05		1900-01-01		KRZYKAWKA				0	0	1		269
R	ZWP	MOZ06		1900-01-01		KLUCZE				0	0	1		269
R	ZWP	MPS01		1900-01-01		JAKUBOWICE				0	0	1		269
R	ZWP	MSB01		1900-01-01		SUCHA BESKIDZKA				0	0	1		269
R	ZWP	MSB02		1900-01-01		WYSOKA				0	0	1		269
R	ZWP	MSB03		1900-01-01		ZEMBRZYCE N.SKAWA				0	0	1		269
R	ZWP	MTA01		1900-01-01		CHARZEWICE               Z.MELSZTYN				0	0	1		269
R	ZWP	MTA03		1900-01-01		WIELKA WIES               Z.TRZEWLIN				0	0	1		269
R	ZWP	MTA04		1900-01-01		RZEPIENNIK BISKUPI				0	0	1		269
R	ZWP	MTA05		1900-01-01		WOJNICZ				0	0	1		269
R	ZWP	MTA06		1900-01-01		SZERZYNY				0	0	1		269
R	ZWP	MTW01		1900-01-01		TARNOW I                      KLASZT.OBR.				0	0	1		269
R	ZWP	MTW02		1900-01-01		TARNOW II                    Z.TARNOWIEC				0	0	1		269
R	ZWP	MWA01		1900-01-01		BARWALD GORNY				0	0	1		269
R	ZWP	MWA02		1900-01-01		LANCKORONA				0	0	1		269
R	ZWP	MWA03		1900-01-01		SPYTKOWICE				0	0	1		269
R	ZWP	MWA04		1900-01-01		STRYSZOW				0	0	1		269
R	ZWP	MWA05		1900-01-01		ZEBRZYDOWICE				0	0	1		269
R	ZWP	MWA06		1900-01-01		GORZEN GORNY				0	0	1		269
R	ZWP	MWI01		1900-01-01		NIEPOLOMICE				0	0	1		269
R	ZWP	MWI02		1900-01-01		WIELICZKA				0	0	1		269
R	ZWP	OAS01		1900-01-01		SIDRA				0	0	1		269
R	ZWP	OAS02		1900-01-01		SOKOLKA				0	0	1		269
R	ZWP	OAS03		1900-01-01		PAWLOWICZE				0	0	1		269
R	ZWP	OBA01		1900-01-01		GRODEK				0	0	1		269
R	ZWP	OBA02		1900-01-01		SURAZ				0	0	1		269
R	ZWP	OBA03		1900-01-01		TYKOCIN				0	0	1		269
R	ZWP	OBA04		1900-01-01		ZLOTORIA				0	0	1		269
R	ZWP	OBA05		1900-01-01		SUPRASL				0	0	1		269
R	ZWP	OBL01		1900-01-01		BIELSK PODLASKI				0	0	1		269
R	ZWP	OBL02		1900-01-01		ORLA				0	0	1		269
R	ZWP	OBS01		1900-01-01		BIALYSTOK				0	0	1		269
R	ZWP	OGA01		1900-01-01		RAJGROD				0	0	1		269
R	ZWP	OGA02		1900-01-01		SZCZUCZYN				0	0	1		269
R	ZWP	OGA03		1900-01-01		WASOSZ				0	0	1		269
R	ZWP	OLM01		1900-01-01		LOMZA				0	0	1		269
R	ZWP	OLO01		1900-01-01		STARA LOMZA				0	0	1		269
R	ZWP	OLO02		1900-01-01		WIZNA				0	0	1		269
R	ZWP	OLO03		1900-01-01		NOWOGROD				0	0	1		269
R	ZWP	OMN01		1900-01-01		GONIADZ				0	0	1		269
R	ZWP	OMN02		1900-01-01		KNYSZYN				0	0	1		269
R	ZWP	OMN03		1900-01-01		KNYSZYN ZAMEK				0	0	1		269
R	ZWP	OMN04		1900-01-01		DOLISTOWO STARE       METHENBURG				0	0	1		269
R	ZWP	OSE01		1900-01-01		BERZNIKI				0	0	1		269
R	ZWP	OSM01		1900-01-01		DROHICZYN				0	0	1		269
R	ZWP	OSM02		1900-01-01		MIELNIK				0	0	1		269
R	ZWP	OSU01		1900-01-01		SZURPILY-GORA ZAMKOWA				0	0	1		269
R	ZWP	OWY01		1900-01-01		CIECHANOWIEC				0	0	1		269
R	ZWP	OWY02		1900-01-01		WANIEWO				0	0	1		269
R	ZWP	PAK01		1900-01-01		RACIAZEK				0	0	1		269
R	ZWP	PBC01		1900-01-01		BRODNICA				0	0	1		269
R	ZWP	PBC02		1900-01-01		GORZNO				0	0	1		269
R	ZWP	PBC03		1900-01-01		STRZYGI				0	0	1		269
R	ZWP	PBM01		1900-01-01		BYDGOSZCZ I				0	0	1		269
R	ZWP	PBM02		1900-01-01		BYDGOSZCZ II				0	0	1		269
R	ZWP	PBY01		1900-01-01		NOWY JASINIEC				0	0	1		269
R	ZWP	PBY02		1900-01-01		PIEN				0	0	1		269
R	ZWP	PCL01		1900-01-01		CHELMNO				0	0	1		269
R	ZWP	PCL02		1900-01-01		LIPIENEK                     (LIPIENIEK)				0	0	1		269
R	ZWP	PCL03		1900-01-01		PAPOWO BISKUPIE				0	0	1		269
R	ZWP	PCL04		1900-01-01		STAROGROD				0	0	1		269
R	ZWP	PCL05		1900-01-01		UNISLAW POMORSKI				0	0	1		269
R	ZWP	PGM01		1900-01-01		GRUDZIADZ				0	0	1		269
R	ZWP	PGR01		1900-01-01		LASIN				0	0	1		269
R	ZWP	PGR02		1900-01-01		POKRZYWNO				0	0	1		269
R	ZWP	PGR03		1900-01-01		RADZYN CHELMINSKI				0	0	1		269
R	ZWP	PGR04		1900-01-01		ROGOZNO-ZAMEK				0	0	1		269
R	ZWP	PGR05		1900-01-01		BOGUSZEWO				0	0	1		269
R	ZWP	PGR06		1900-01-01		ORLE				0	0	1		269
R	ZWP	PGR07		1900-01-01		PLEMIETA				0	0	1		269
R	ZWP	PGR08		1900-01-01		DABROWKA KROLEWSKA     KOSC.OBR.				0	0	1		269
R	ZWP	PGU01		1900-01-01		GOLUB-DOBRZYN				0	0	1		269
R	ZWP	PGU02		1900-01-01		KOWALEWO POMORSKIE				0	0	1		269
R	ZWP	PGU03		1900-01-01		CIECHOCIN				0	0	1		269
R	ZWP	PIN01		1900-01-01		GNIEWKOWO				0	0	1		269
R	ZWP	PIN02		1900-01-01		INOWROCLAW				0	0	1		269
R	ZWP	PIN03		1900-01-01		KRUSZWICA				0	0	1		269
R	ZWP	PIN04		1900-01-01		PAKOSC				0	0	1		269
R	ZWP	PIN05		1900-01-01		ORLOWO				0	0	1		269
R	ZWP	PIN06		1900-01-01		SZARLEJ				0	0	1		269
R	ZWP	PIN07		1900-01-01		MURZYNNO				0	0	1		269
R	ZWP	PLP01		1900-01-01		BOBROWNIKI				0	0	1		269
R	ZWP	PLP02		1900-01-01		DOBRZYN NAD WISLA				0	0	1		269
R	ZWP	PLP03		1900-01-01		SKEPE				0	0	1		269
R	ZWP	PMO01		1900-01-01		MOGILNO                      KLASZT.OBR.				0	0	1		269
R	ZWP	PMO02		1900-01-01		STRZELNO				0	0	1		269
R	ZWP	PNA01		1900-01-01		NAKLO N.NOTECIA         Z.KRAJENSKI				0	0	1		269
R	ZWP	PNA02		1900-01-01		SZUBIN                       Z. SYBERIA				0	0	1		269
R	ZWP	PNA03		1900-01-01		GROCHOLIN				0	0	1		269
R	ZWP	PNA04		1900-01-01		ORLE				0	0	1		269
R	ZWP	PRJ01		1900-01-01		RADZIEJOW				0	0	1		269
R	ZWP	PRY01		1900-01-01		RADZIKI DUZE				0	0	1		269
R	ZWP	PRY02		1900-01-01		SADLOWO				0	0	1		269
R	ZWP	PRY03		1900-01-01		RYPIN				0	0	1		269
R	ZWP	PRY04		1900-01-01		ZALE				0	0	1		269
R	ZWP	PSJ01		1900-01-01		KAMIEN KRAJENSKI				0	0	1		269
R	ZWP	PSJ02		1900-01-01		WIECBORK				0	0	1		269
R	ZWP	PSJ03		1900-01-01		RUNOWO KRAJENSKIE				0	0	1		269
R	ZWP	PSJ04		1900-01-01		KOMIEROWO				0	0	1		269
R	ZWP	PSW01		1900-01-01		GRODEK				0	0	1		269
R	ZWP	PSW02		1900-01-01		NOWE				0	0	1		269
R	ZWP	PSW03		1900-01-01		SWIECIE				0	0	1		269
R	ZWP	PSW04		1900-01-01		LASKOWICE POMORSKIE				0	0	1		269
R	ZWP	PTM01		1900-01-01		TORUN I				0	0	1		269
R	ZWP	PTM02		1900-01-01		TORUN II - PODGORZ          Z.DYBOWSKI				0	0	1		269
R	ZWP	PTO01		1900-01-01		ZAMEK BIERZGLOWSKI				0	0	1		269
R	ZWP	PTO02		1900-01-01		CHELMZA				0	0	1		269
R	ZWP	PTO03		1900-01-01		MALA NIESZAWKA				0	0	1		269
R	ZWP	PTO04		1900-01-01		ZLOTORIA				0	0	1		269
R	ZWP	PTU01		1900-01-01		RACIAZ				0	0	1		269
R	ZWP	PTU02		1900-01-01		TUCHOLA				0	0	1		269
R	ZWP	PTU03		1900-01-01		ZALNO				0	0	1		269
R	ZWP	PWK01		1900-01-01		WLOCLAWEK				0	0	1		269
R	ZWP	PWL01		1900-01-01		BRZESC KUJAWSKI				0	0	1		269
R	ZWP	PWL02		1900-01-01		KOWAL				0	0	1		269
R	ZWP	PWL03		1900-01-01		SZPETAL GORNY				0	0	1		269
R	ZWP	PWO01		1900-01-01		WABRZEZNO				0	0	1		269
R	ZWP	PZN01		1900-01-01		LABISZYN N.NOTECIA				0	0	1		269
R	ZWP	PZN02		1900-01-01		WENECJA				0	0	1		269
R	ZWP	PZN03		1900-01-01		ZNIN				0	0	1		269
R	ZWP	RAC01		1900-01-01		BROCHOW				0	0	1		269
R	ZWP	RAC02		1900-01-01		SOCHACZEW				0	0	1		269
R	ZWP	RAC03		1900-01-01		GIZYCE				0	0	1		269
R	ZWP	RAC04		1900-01-01		MLODZIESZYN				0	0	1		269
R	ZWP	RAC05		1900-01-01		ILOW				0	0	1		269
R	ZWP	RCI01		1900-01-01		CIECHANOW				0	0	1		269
R	ZWP	RCI02		1900-01-01		OPINOGORA				0	0	1		269
R	ZWP	RDL01		1900-01-01		MORDY				0	0	1		269
R	ZWP	RDL02		1900-01-01		KORCZEW				0	0	1		269
R	ZWP	RER01		1900-01-01		SIERPC				0	0	1		269
R	ZWP	RGI01		1900-01-01		KALEN				0	0	1		269
R	ZWP	RGI02		1900-01-01		KOZLOW				0	0	1		269
R	ZWP	RGI03		1900-01-01		MACIEJOWICE-PODZAMCZE				0	0	1		269
R	ZWP	RGI04		1900-01-01		ZWOLA PODUCHOWNA				0	0	1		269
R	ZWP	RGI05		1900-01-01		ZELECHOW				0	0	1		269
R	ZWP	RGT01		1900-01-01		GOSTYNIN				0	0	1		269
R	ZWP	RKE01		1900-01-01		KOZIENICE				0	0	1		269
R	ZWP	RKE02		1900-01-01		SIECIECHOW				0	0	1		269
R	ZWP	RKE03		1900-01-01		RYCZYWOL				0	0	1		269
R	ZWP	RLQ01		1900-01-01		SOLEC N.WISLA				0	0	1		269
R	ZWP	RMA01		1900-01-01		RADZANOW				0	0	1		269
R	ZWP	RMA02		1900-01-01		SZRENSK				0	0	1		269
R	ZWP	RMA03		1900-01-01		GRZEBSK				0	0	1		269
R	ZWP	RMA04		1900-01-01		UNIERZYZ				0	0	1		269
R	ZWP	RMA05		1900-01-01		NIEDZBORZ				0	0	1		269
R	ZWP	RMM01		1900-01-01		ROZAN				0	0	1		269
R	ZWP	RMZ01		1900-01-01		MAJDAN				0	0	1		269
R	ZWP	RMZ02		1900-01-01		MINSK MAZOWIECKI				0	0	1		269
R	ZWP	RND01		1900-01-01		ZAKROCZYM				0	0	1		269
R	ZWP	RND02		1900-01-01		BORKOWO				0	0	1		269
R	ZWP	ROC01		1900-01-01		TOPOROW				0	0	1		269
R	ZWP	ROC02		1900-01-01		OSTROMECZYN				0	0	1		269
R	ZWP	ROM01		1900-01-01		BROK				0	0	1		269
R	ZWP	RPA01		1900-01-01		CZERSK				0	0	1		269
R	ZWP	RPD01		1900-01-01		PLOCK				0	0	1		269
R	ZWP	RPF01		1900-01-01		CZERNICE BOROWE				0	0	1		269
R	ZWP	RPG01		1900-01-01		ZUKOW				0	0	1		269
R	ZWP	RPG02		1900-01-01		KLWOW				0	0	1		269
R	ZWP	RPL01		1900-01-01		WYSZOGROD				0	0	1		269
R	ZWP	RPN01		1900-01-01		CZERWINSK I				0	0	1		269
R	ZWP	RPN02		1900-01-01		NOWE MIASTO				0	0	1		269
R	ZWP	RPN03		1900-01-01		CZERWINSK II                KLASZT.OBR.				0	0	1		269
R	ZWP	RRA01		1900-01-01		ILZA				0	0	1		269
R	ZWP	RRA02		1900-01-01		TACZOW				0	0	1		269
R	ZWP	RRA03		1900-01-01		ZAMECZEK				0	0	1		269
R	ZWP	RRD01		1900-01-01		RADOM				0	0	1		269
R	ZWP	RUP01		1900-01-01		GRODEK				0	0	1		269
R	ZWP	RUT01		1900-01-01		PULTUSK				0	0	1		269
R	ZWP	RWE01		1900-01-01		LIW				0	0	1		269
R	ZWP	RWE02		1900-01-01		MIEDZNA				0	0	1		269
R	ZWP	RWE03		1900-01-01		OSSOWNO				0	0	1		269
R	ZWP	RWE04		1900-01-01		STARAWIES				0	0	1		269
R	ZWP	RWE05		1900-01-01		LOCHOW				0	0	1		269
R	ZWP	RWM01		1900-01-01		WARSZAWA I             Z.KROLEWSKI				0	0	1		269
R	ZWP	RWM02		1900-01-01		WARSZAWA II         Z.OSTROGSKICH				0	0	1		269
R	ZWP	RWM03		1900-01-01		WARSZAWA III         Z.UJAZDOWSKI				0	0	1		269
R	ZWP	RWZ01		1900-01-01		BLONIE				0	0	1		269
R	ZWP	RYD01		1900-01-01		CHLEWISKA				0	0	1		269
R	ZWP	RYD02		1900-01-01		SZYDLOWIEC				0	0	1		269
R	ZWP	RYS01		1900-01-01		BRANSZCZYK				0	0	1		269
R	ZWP	RZQ01		1900-01-01		RADZIEJOWICE				0	0	1		269
R	ZWP	RZV01		1900-01-01		KARNISZYN				0	0	1		269
R	ZWP	RZV02		1900-01-01		SARNOWO				0	0	1		269
R	ZWP	RZV03		1900-01-01		BIEZUN				0	0	1		269
R	ZWP	SAN01		1900-01-01		KONARY				0	0	1		269
R	ZWP	SAN02		1900-01-01		OSSOLIN				0	0	1		269
R	ZWP	SAN03		1900-01-01		SANDOMIERZ				0	0	1		269
R	ZWP	SAN04		1900-01-01		ZAWICHOST				0	0	1		269
R	ZWP	SAN05		1900-01-01		CZYZOW SZLACHECKI				0	0	1		269
R	ZWP	SAN06		1900-01-01		NOWE KICHARY				0	0	1		269
R	ZWP	SAN07		1900-01-01		SKOTNIKI				0	0	1		269
R	ZWP	SBU01		1900-01-01		JASTRZEBIEC				0	0	1		269
R	ZWP	SBU02		1900-01-01		NOWY KORCZYN				0	0	1		269
R	ZWP	SBU03		1900-01-01		STOPNICA				0	0	1		269
R	ZWP	SBU04		1900-01-01		WISLICA				0	0	1		269
R	ZWP	SBU05		1900-01-01		GNOJNO				0	0	1		269
R	ZWP	SBU06		1900-01-01		STROZYSKA				0	0	1		269
R	ZWP	SBU07		1900-01-01		SZANIEC                       DWOR OBR.				0	0	1		269
R	ZWP	SBU08		1900-01-01		WIDUCHOWA                  DWOR OBR.				0	0	1		269
R	ZWP	SIC01		1900-01-01		KIELCE				0	0	1		269
R	ZWP	SJE01		1900-01-01		KRZELOW I				0	0	1		269
R	ZWP	SJE02		1900-01-01		MOKRSKO GORNE				0	0	1		269
R	ZWP	SJE03		1900-01-01		SOBKOW				0	0	1		269
R	ZWP	SJE04		1900-01-01		RASZKOW				0	0	1		269
R	ZWP	SJE05		1900-01-01		KRZELOW II				0	0	1		269
R	ZWP	SJE06		1900-01-01		WODZISLAW-BRZEZIE				0	0	1		269
R	ZWP	SKI01		1900-01-01		BODZENTYN				0	0	1		269
R	ZWP	SKI02		1900-01-01		CHECINY                  Z. KROLEWSKI				0	0	1		269
R	ZWP	SKI03		1900-01-01		MALESZOWA				0	0	1		269
R	ZWP	SKI04		1900-01-01		REMBOW                   Z.SZUMSKO				0	0	1		269
R	ZWP	SKI05		1900-01-01		PODZAMCZE PIEKOSZOWSKIE				0	0	1		269
R	ZWP	SKI06		1900-01-01		BOLMIN				0	0	1		269
R	ZWP	SKI07		1900-01-01		CHELMCE				0	0	1		269
R	ZWP	SKI08		1900-01-01		PODZAMCZE CHECINSKIE				0	0	1		269
R	ZWP	SKI09		1900-01-01		STRAWCZYN				0	0	1		269
R	ZWP	SKI10		1900-01-01		SWIETY KRZYZ				0	0	1		269
R	ZWP	SKI11		1900-01-01		SLADKOW DUZY				0	0	1		269
R	ZWP	SKW01		1900-01-01		OPATOWIEC				0	0	1		269
R	ZWP	SKW02		1900-01-01		SKALBMIERZ                  KOSC.OBR.				0	0	1		269
R	ZWP	SKW03		1900-01-01		CZARNOCIN                    KOSC.OBR.				0	0	1		269
R	ZWP	SOK01		1900-01-01		FALKOW				0	0	1		269
R	ZWP	SOK02		1900-01-01		MODLISZEWICE				0	0	1		269
R	ZWP	SOK03		1900-01-01		RADOSZYCE				0	0	1		269
R	ZWP	SOK04		1900-01-01		STARY KAZANOW				0	0	1		269
R	ZWP	SOS01		1900-01-01		CMIELOW				0	0	1		269
R	ZWP	SOS02		1900-01-01		PODGRODZIE				0	0	1		269
R	ZWP	SOS03		1900-01-01		MYCHOW				0	0	1		269
R	ZWP	SOT01		1900-01-01		MIEDZYGORZ				0	0	1		269
R	ZWP	SOT02		1900-01-01		TUDOROW				0	0	1		269
R	ZWP	SOT03		1900-01-01		UJAZD                     Z.KRZYZTOPOR				0	0	1		269
R	ZWP	SOT04		1900-01-01		LOWNICA				0	0	1		269
R	ZWP	SOT05		1900-01-01		OPATOW				0	0	1		269
R	ZWP	SOT06		1900-01-01		PTKANOW                    KOSC.OBR.				0	0	1		269
R	ZWP	SPI01		1900-01-01		CHROBERZ				0	0	1		269
R	ZWP	SPI02		1900-01-01		PINCZOW				0	0	1		269
R	ZWP	SPI03		1900-01-01		SANCYGNIOW				0	0	1		269
R	ZWP	SPI04		1900-01-01		PELCZYSKA				0	0	1		269
R	ZWP	STS01		1900-01-01		KUROZWEKI				0	0	1		269
R	ZWP	STS02		1900-01-01		RYTWIANY				0	0	1		269
R	ZWP	STS03		1900-01-01		SZYDLOW				0	0	1		269
R	ZWP	STS04		1900-01-01		OSIEK				0	0	1		269
R	ZWP	SWS01		1900-01-01		WLOSZCZOWA I        (PODZAMCZE)				0	0	1		269
R	ZWP	SWS02		1900-01-01		OLESZNO				0	0	1		269
R	ZWP	SWS03		1900-01-01		SECEMIN				0	0	1		269
R	ZWP	SWS04		1900-01-01		WLOSZCZOWA II              DWOR OBR.				0	0	1		269
R	ZWP	SWS05		1900-01-01		BEBELNO				0	0	1		269
R	ZWP	SWS06		1900-01-01		CZARNCA				0	0	1		269
R	ZWP	TFB01		1900-01-01		KOSTRZYN NAD ODRA				0	0	1		269
R	ZWP	TFB02		1900-01-01		CZARNOW				0	0	1		269
R	ZWP	TFB03		1900-01-01		KOSTRZYN NAD ODRA				0	0	1		269
R	ZWP	TFB04		1900-01-01		ZABICE				0	0	1		269
R	ZWP	TFB05		1900-01-01		DREZDENKO				0	0	1		269
R	ZWP	TFB06		1900-01-01		STANY				0	0	1		269
R	ZWP	TFD01		1900-01-01		WROCLAW - STARE MIASTO				0	0	1		269
R	ZWP	TFD02		1900-01-01		WROCLAW - SOPOLNO				0	0	1		269
R	ZWP	TFD03		1900-01-01		WROCLAW - KOWALE				0	0	1		269
R	ZWP	TFD04		1900-01-01		WROCLAW - MIROWIEC				0	0	1		269
R	ZWP	TFD05		1900-01-01		WROCLAW - SOLTYSOWICE				0	0	1		269
R	ZWP	TFD06		1900-01-01		WROCLAW - SOLTYSOWICE				0	0	1		269
R	ZWP	TFD07		1900-01-01		WROCLAW - POLANOWICE				0	0	1		269
R	ZWP	TFD08		1900-01-01		WROCLAW - ROZANKA				0	0	1		269
R	ZWP	TFD09		1900-01-01		WROCLAW - LIPA PIOTROWSKA				0	0	1		269
R	ZWP	TFD10		1900-01-01		WROCLAW - OSOBOWICE				0	0	1		269
R	ZWP	TFD11		1900-01-01		WROCLAW - GADOW MALY				0	0	1		269
R	ZWP	TFD12		1900-01-01		WROCLAW - GADKOW				0	0	1		269
R	ZWP	TFD13		1900-01-01		WROCLAW - SZCZEPIN				0	0	1		269
R	ZWP	TFD14		1900-01-01		WROCLAW				0	0	1		269
R	ZWP	TFD15		1900-01-01		WROCLAW - GAJOWICE				0	0	1		269
R	ZWP	TFD16		1900-01-01		WROCLAW - GRABISZYNEK				0	0	1		269
R	ZWP	TFD17		1900-01-01		WROCLAW - KRZYKI				0	0	1		269
R	ZWP	TFD18		1900-01-01		WROCLAW - WYSOKA				0	0	1		269
R	ZWP	TFD19		1900-01-01		WROCLAW - ZERNIKI WROCLAWSKIE				0	0	1		269
R	ZWP	TFD20		1900-01-01		WROCLAW - ZERNIKI - IWINY				0	0	1		269
R	ZWP	TFD21		1900-01-01		WROCLAW - BROCHOW				0	0	1		269
R	ZWP	TFD22		1900-01-01		WROCLAW				0	0	1		269
R	ZWP	TFD23		1900-01-01		WROCLAW - RADWANICE				0	0	1		269
R	ZWP	TFD24		1900-01-01		WROCLAW - OSOBOWICE				0	0	1		269
R	ZWP	TFD25		1900-01-01		WROCLAW - SWOJCZYCE				0	0	1		269
R	ZWP	TFD26		1900-01-01		WROCLAW - OSOBOWICE				0	0	1		269
R	ZWP	TFD27		1900-01-01		WROCLAW				0	0	1		269
R	ZWP	TFD28		1900-01-01		KLODZKO				0	0	1		269
R	ZWP	TFD29		1900-01-01		KLODZKO				0	0	1		269
R	ZWP	TFD30		1900-01-01		HUTA				0	0	1		269
R	ZWP	TFD31		1900-01-01		KARLOW				0	0	1		269
R	ZWP	TFD32		1900-01-01		POKRZYWNO				0	0	1		269
R	ZWP	TFD33		1900-01-01		GLOGOW				0	0	1		269
R	ZWP	TFD34		1900-01-01		GLOGOW				0	0	1		269
R	ZWP	TFD35		1900-01-01		GLOGOW				0	0	1		269
R	ZWP	TFD36		1900-01-01		SREBRNA GORA				0	0	1		269
R	ZWP	TFD37		1900-01-01		SWIDNICA				0	0	1		269
R	ZWP	TFD38		1900-01-01		WROCLAW - PSIE POLE				0	0	1		269
R	ZWP	TFF02		1900-01-01		GDANSK - BRZEZNO				0	0	1		269
R	ZWP	TFF03		1900-01-01		GDANSK - DOLNE MIASTO				0	0	1		269
R	ZWP	TFF04		1900-01-01		GDANSK - STOGI				0	0	1		269
R	ZWP	TFF05		1900-01-01		GDANSK - STOGI				0	0	1		269
R	ZWP	TFF06		1900-01-01		MALBORK				0	0	1		269
R	ZWP	TFF07		1900-01-01		MALBORK				0	0	1		269
R	ZWP	TFF08		1900-01-01		MALBORK				0	0	1		269
R	ZWP	TFF09		1900-01-01		MALBORK				0	0	1		269
R	ZWP	TFF10		1900-01-01		MALBORK - WIELBARK				0	0	1		269
R	ZWP	TFF11		1900-01-01		TCZEW				0	0	1		269
R	ZWP	TFF12		1900-01-01		MALY GARC				0	0	1		269
R	ZWP	TFF13		1900-01-01		DREWNICA				0	0	1		269
R	ZWP	TFF14		1900-01-01		OPALENIE				0	0	1		269
R	ZWP	TFF15		1900-01-01		LISEWO MALBORSKIE				0	0	1		269
R	ZWP	TFJ01		1900-01-01		GIZYCKO				0	0	1		269
R	ZWP	TFJ02		1900-01-01		RUCIANE-NIDA				0	0	1		269
R	ZWP	TFJ03		1900-01-01		SZYMONKA				0	0	1		269
R	ZWP	TFJ04		1900-01-01		BOGACZEWO				0	0	1		269
R	ZWP	TFJ05		1900-01-01		MIODUNSKIE				0	0	1		269
R	ZWP	TFJ06		1900-01-01		ZIELONY LASEK				0	0	1		269
R	ZWP	TFJ07		1900-01-01		SKORUPKI				0	0	1		269
R	ZWP	TFJ08		1900-01-01		MIKOLAJKI				0	0	1		269
R	ZWP	TFJ09		1900-01-01		SASEK WIELKI				0	0	1		269
R	ZWP	TFJ10		1900-01-01		SIODMAK				0	0	1		269
R	ZWP	TFJ11		1900-01-01		NOWE GIZEWO				0	0	1		269
R	ZWP	TFJ12		1900-01-01		JERUTKI				0	0	1		269
R	ZWP	TFJ13		1900-01-01		NIEDZWIEDZI ROG				0	0	1		269
R	ZWP	TFJ14		1900-01-01		ELBLAG				0	0	1		269
R	ZWP	TFJ15		1900-01-01		PASLEK				0	0	1		269
R	ZWP	TFJ16		1900-01-01		TOMARYNY				0	0	1		269
R	ZWP	TFJ17		1900-01-01		SAMBOROWO				0	0	1		269
R	ZWP	TFJ18		1900-01-01		LEGAJNY-BARCZEWO				0	0	1		269
R	ZWP	TFJ19		1900-01-01		OKARTOWO				0	0	1		269
R	ZWP	TFJ20		1900-01-01		WEZEWO				0	0	1		269
R	ZWP	TFJ21		1900-01-01		CIERZPIETY				0	0	1		269
R	ZWP	TFJ22		1900-01-01		PRZYKOP				0	0	1		269
R	ZWP	TFJ23		1900-01-01		KRUKLANKI				0	0	1		269
R	ZWP	TFJ24		1900-01-01		PRZERWANKI				0	0	1		269
R	ZWP	TFJ25		1900-01-01		POZEZDRZE				0	0	1		269
R	ZWP	TFJ26		1900-01-01		STREGIELEK				0	0	1		269
R	ZWP	TFJ27		1900-01-01		STREGIELEK				0	0	1		269
R	ZWP	TFJ28		1900-01-01		OGONKI				0	0	1		269
R	ZWP	TFJ29		1900-01-01		GRZYBOWO				0	0	1		269
R	ZWP	TFJ30		1900-01-01		MARTIANY				0	0	1		269
R	ZWP	TFJ31		1900-01-01		KRONOWO				0	0	1		269
R	ZWP	TFJ32		1900-01-01		SALPIK DOLNY				0	0	1		269
R	ZWP	TFJ33		1900-01-01		KNIS				0	0	1		269
R	ZWP	TFJ34		1900-01-01		RYN				0	0	1		269
R	ZWP	TFJ35		1900-01-01		DROGOSZE				0	0	1		269
R	ZWP	TFJ36		1900-01-01		KORSZE				0	0	1		269
R	ZWP	TFJ37		1900-01-01		SATOPY-SAMULEWO				0	0	1		269
R	ZWP	TFJ38		1900-01-01		CZERWONKA-DROSZEWO				0	0	1		269
R	ZWP	TFJ39		1900-01-01		JONKOWO				0	0	1		269
R	ZWP	TFJ40		1900-01-01		PIOTRASZEWO				0	0	1		269
R	ZWP	TFJ41		1900-01-01		URBANOWO				0	0	1		269
R	ZWP	TFJ42		1900-01-01		SPEDY				0	0	1		269
R	ZWP	TFJ43		1900-01-01		OSTRODA				0	0	1		269
R	ZWP	TFK01		1900-01-01		SIEDLISKA				0	0	1		269
R	ZWP	TFK02		1900-01-01		JAKSMANICE				0	0	1		269
R	ZWP	TFK03		1900-01-01		LUCZYCE				0	0	1		269
R	ZWP	TFK04		1900-01-01		PIKULICE				0	0	1		269
R	ZWP	TFK05		1900-01-01		GROCHOWCE				0	0	1		269
R	ZWP	TFK06		1900-01-01		KURHEL WIELKI				0	0	1		269
R	ZWP	TFK07		1900-01-01		DYBAWKA GORNA				0	0	1		269
R	ZWP	TFK08		1900-01-01		OSTROW				0	0	1		269
R	ZWP	TFK09		1900-01-01		LETOWNIA				0	0	1		269
R	ZWP	TFK10		1900-01-01		UJKOWICE				0	0	1		269
R	ZWP	TFK11		1900-01-01		ORZECHOWCE				0	0	1		269
R	ZWP	TFK12		1900-01-01		DUNKOWICZKI				0	0	1		269
R	ZWP	TFK13		1900-01-01		ZURAWICA				0	0	1		269
R	ZWP	TFK14		1900-01-01		BOLESTRASZYCE				0	0	1		269
R	ZWP	TFK15		1900-01-01		BOLESTRASZYCE				0	0	1		269
R	ZWP	TFK16		1900-01-01		HURKO				0	0	1		269
R	ZWP	TFK17		1900-01-01		SIEDLISKA				0	0	1		269
R	ZWP	TFK18		1900-01-01		PRZEMYSL				0	0	1		269
R	ZWP	TFK19		1900-01-01		PRZEMYSL				0	0	1		269
R	ZWP	TFK20		1900-01-01		PRZEMYSL				0	0	1		269
R	ZWP	TFK21		1900-01-01		PRZEMYSL				0	0	1		269
R	ZWP	TFK22		1900-01-01		PRZEMYSL				0	0	1		269
R	ZWP	TFK23		1900-01-01		PRZEMYSL				0	0	1		269
R	ZWP	TFK24		1900-01-01		PRZEMYSL				0	0	1		269
R	ZWP	TFK25		1900-01-01		PRZEMYSL				0	0	1		269
R	ZWP	TFK26		1900-01-01		KROWNIKI				0	0	1		269
R	ZWP	TFK27		1900-01-01		BOLESTRASZYCE				0	0	1		269
R	ZWP	TFK28		1900-01-01		NEHRYBKA				0	0	1		269
R	ZWP	TFK29		1900-01-01		KRUHEL MALY				0	0	1		269
R	ZWP	TFK30		1900-01-01		CHODACZOW				0	0	1		269
R	ZWP	TFK31		1900-01-01		STANISLAWCZYK				0	0	1		269
R	ZWP	TFK32		1900-01-01		JAROSLAW				0	0	1		269
R	ZWP	TFK33		1900-01-01		JAROSLAW				0	0	1		269
R	ZWP	TFK34		1900-01-01		MOTYCZE SZLACHECKIE				0	0	1		269
R	ZWP	TFK35		1900-01-01		LYSAKOWEK				0	0	1		269
R	ZWP	TFL01		1900-01-01		DEBLIN				0	0	1		269
R	ZWP	TFL02		1900-01-01		NADWISLANKA				0	0	1		269
R	ZWP	TFL03		1900-01-01		MIERZWIACZKA				0	0	1		269
R	ZWP	TFL04		1900-01-01		DEBLIN				0	0	1		269
R	ZWP	TFL05		1900-01-01		BOROWA				0	0	1		269
R	ZWP	TFL06		1900-01-01		ZAMOSC				0	0	1		269
R	ZWP	TFL07		1900-01-01		TERESPOL				0	0	1		269
R	ZWP	TFL08		1900-01-01		LOBACZEW DUZY				0	0	1		269
R	ZWP	TFL09		1900-01-01		ZUKI				0	0	1		269
R	ZWP	TFL10		1900-01-01		LEBIEDZIEW				0	0	1		269
R	ZWP	TFL11		1900-01-01		KOBYLANY				0	0	1		269
R	ZWP	TFL12		1900-01-01		KOROSZCZYN				0	0	1		269
R	ZWP	TFL13		1900-01-01		DOBRYN DUZY				0	0	1		269
R	ZWP	TFL14		1900-01-01		PISZCZANOCHA				0	0	1		269
R	ZWP	TFM02		1900-01-01		KRAKOW				0	0	1		269
R	ZWP	TFM03		1900-01-01		KRAKOW				0	0	1		269
R	ZWP	TFM04		1900-01-01		KRAKOW				0	0	1		269
R	ZWP	TFM05		1900-01-01		KRAKOW				0	0	1		269
R	ZWP	TFM06		1900-01-01		KRAKOW				0	0	1		269
R	ZWP	TFM07		1900-01-01		KRAKOW				0	0	1		269
R	ZWP	TFM08		1900-01-01		KRAKOW				0	0	1		269
R	ZWP	TFM09		1900-01-01		KRAKOW				0	0	1		269
R	ZWP	TFM10		1900-01-01		KRAKOW				0	0	1		269
R	ZWP	TFM11		1900-01-01		KRAKOW				0	0	1		269
R	ZWP	TFM12		1900-01-01		KRAKOW				0	0	1		269
R	ZWP	TFM13		1900-01-01		KRAKOW				0	0	1		269
R	ZWP	TFM14		1900-01-01		KRAKOW				0	0	1		269
R	ZWP	TFM15		1900-01-01		KRAKOW				0	0	1		269
R	ZWP	TFM16		1900-01-01		KRAKOW				0	0	1		269
R	ZWP	TFM17		1900-01-01		KRAKOW				0	0	1		269
R	ZWP	TFM18		1900-01-01		KRAKOW				0	0	1		269
R	ZWP	TFM19		1900-01-01		KRAKOW				0	0	1		269
R	ZWP	TFM20		1900-01-01		KRAKOW				0	0	1		269
R	ZWP	TFM21		1900-01-01		KRAKOW				0	0	1		269
R	ZWP	TFM22		1900-01-01		KRAKOW				0	0	1		269
R	ZWP	TFM23		1900-01-01		KRAKOW				0	0	1		269
R	ZWP	TFM24		1900-01-01		KRAKOW				0	0	1		269
R	ZWP	TFM25		1900-01-01		KRAKOW				0	0	1		269
R	ZWP	TFM26		1900-01-01		PEKOWICE				0	0	1		269
R	ZWP	TFM27		1900-01-01		ZIELONKI				0	0	1		269
R	ZWP	TFM28		1900-01-01		KRAKOW				0	0	1		269
R	ZWP	TFM29		1900-01-01		WEGRZCE				0	0	1		269
R	ZWP	TFM30		1900-01-01		KRAKOW - MISTRZEJOWICE				0	0	1		269
R	ZWP	TFM31		1900-01-01		KRAKOW				0	0	1		269
R	ZWP	TFM32		1900-01-01		KRAKOW				0	0	1		269
R	ZWP	TFM33		1900-01-01		KRAKOW				0	0	1		269
R	ZWP	TFM34		1900-01-01		KRAKOW				0	0	1		269
R	ZWP	TFM35		1900-01-01		KRAKOW				0	0	1		269
R	ZWP	TFM36		1900-01-01		KRAKOW				0	0	1		269
R	ZWP	TFM37		1900-01-01		KRAKOW				0	0	1		269
R	ZWP	TFM38		1900-01-01		KRAKOW				0	0	1		269
R	ZWP	TFM39		1900-01-01		KRAKOW - SKOTNIKI				0	0	1		269
R	ZWP	TFM40		1900-01-01		KRAKOW				0	0	1		269
R	ZWP	TFM41		1900-01-01		KRAKOW				0	0	1		269
R	ZWP	TFM42		1900-01-01		KRAKOW				0	0	1		269
R	ZWP	TFM43		1900-01-01		KRAKOW				0	0	1		269
R	ZWP	TFM44		1900-01-01		KRAKOW				0	0	1		269
R	ZWP	TFM45		1900-01-01		TARNOW				0	0	1		269
R	ZWP	TFM46		1900-01-01		OKLESNA				0	0	1		269
R	ZWP	TFM47		1900-01-01		BOGUMILOWICE				0	0	1		269
R	ZWP	TFM48		1900-01-01		KETY				0	0	1		269
R	ZWP	TFM49		1900-01-01		ZEGIESTOW				0	0	1		269
R	ZWP	TFO01		1900-01-01		OSOWIEC				0	0	1		269
R	ZWP	TFO02		1900-01-01		OSOWIEC				0	0	1		269
R	ZWP	TFO03		1900-01-01		OSOWIEC				0	0	1		269
R	ZWP	TFO04		1900-01-01		OSOWIEC				0	0	1		269
R	ZWP	TFO05		1900-01-01		PIATNICA				0	0	1		269
R	ZWP	TFO06		1900-01-01		LOMZA				0	0	1		269
R	ZWP	TFO07		1900-01-01		LOMZA				0	0	1		269
R	ZWP	TFP01		1900-01-01		TORUN				0	0	1		269
R	ZWP	TFP02		1900-01-01		TORUN				0	0	1		269
R	ZWP	TFP03		1900-01-01		TORUN				0	0	1		269
R	ZWP	TFP04		1900-01-01		TORUN				0	0	1		269
R	ZWP	TFP05		1900-01-01		TORUN				0	0	1		269
R	ZWP	TFP06		1900-01-01		TORUN				0	0	1		269
R	ZWP	TFP07		1900-01-01		TORUN				0	0	1		269
R	ZWP	TFP08		1900-01-01		TORUN				0	0	1		269
R	ZWP	TFP09		1900-01-01		TORUN				0	0	1		269
R	ZWP	TFP10		1900-01-01		TORUN				0	0	1		269
R	ZWP	TFP11		1900-01-01		TORUN				0	0	1		269
R	ZWP	TFP12		1900-01-01		TORUN				0	0	1		269
R	ZWP	TFP13		1900-01-01		TORUN				0	0	1		269
R	ZWP	TFP14		1900-01-01		TORUN				0	0	1		269
R	ZWP	TFP15		1900-01-01		TORUN				0	0	1		269
R	ZWP	TFP16		1900-01-01		TORUN				0	0	1		269
R	ZWP	TFP17		1900-01-01		TORUN				0	0	1		269
R	ZWP	TFP18		1900-01-01		TORUN				0	0	1		269
R	ZWP	TFP19		1900-01-01		GRUDZIADZ				0	0	1		269
R	ZWP	TFP20		1900-01-01		GRUDZIADZ				0	0	1		269
R	ZWP	TFP21		1900-01-01		GRUDZIADZ				0	0	1		269
R	ZWP	TFP22		1900-01-01		GRUDZIADZ				0	0	1		269
R	ZWP	TFP23		1900-01-01		GRUDZIADZ				0	0	1		269
R	ZWP	TFP24		1900-01-01		GRUDZIADZ				0	0	1		269
R	ZWP	TFP25		1900-01-01		GRUDZIADZ				0	0	1		269
R	ZWP	TFP26		1900-01-01		GRUDZIADZ				0	0	1		269
R	ZWP	TFP27		1900-01-01		GRUDZIADZ				0	0	1		269
R	ZWP	TFP28		1900-01-01		GRUDZIADZ - RZADZ				0	0	1		269
R	ZWP	TFP29		1900-01-01		GRUDZIADZ				0	0	1		269
R	ZWP	TFP30		1900-01-01		GAC				0	0	1		269
R	ZWP	TFP31		1900-01-01		WEGROWO				0	0	1		269
R	ZWP	TFP32		1900-01-01		WIELKIE LNISKA				0	0	1		269
R	ZWP	TFP33		1900-01-01		GRABOWIEC				0	0	1		269
R	ZWP	TFP34		1900-01-01		KLODKA				0	0	1		269
R	ZWP	TFP35		1900-01-01		LISIE KATY				0	0	1		269
R	ZWP	TFP36		1900-01-01		BIALOCHOWO				0	0	1		269
R	ZWP	TFP37		1900-01-01		BIALOCHOWO				0	0	1		269
R	ZWP	TFP38		1900-01-01		DUSOCIN				0	0	1		269
R	ZWP	TFP39		1900-01-01		LESNIOWO				0	0	1		269
R	ZWP	TFP40		1900-01-01		BZOWO				0	0	1		269
R	ZWP	TFP41		1900-01-01		FLETNOWO				0	0	1		269
R	ZWP	TFP42		1900-01-01		GRUPA				0	0	1		269
R	ZWP	TFP43		1900-01-01		GORNA GRUPA				0	0	1		269
R	ZWP	TFP44		1900-01-01		MARZY				0	0	1		269
R	ZWP	TFP45		1900-01-01		WATOROWO				0	0	1		269
R	ZWP	TFP46		1900-01-01		DORPOSZ SZLACHECKI				0	0	1		269
R	ZWP	TFP47		1900-01-01		MALE CZYSTE				0	0	1		269
R	ZWP	TFP48		1900-01-01		NALECZ (WSCHOD)				0	0	1		269
R	ZWP	TFP49		1900-01-01		NALECZ (STOLNO) (ZACHOD)				0	0	1		269
R	ZWP	TFP50		1900-01-01		STOLNO				0	0	1		269
R	ZWP	TFP51		1900-01-01		RYBIENIEC				0	0	1		269
R	ZWP	TFP52		1900-01-01		KLAMRY				0	0	1		269
R	ZWP	TFP53		1900-01-01		JABLONOWO POMORSKIE				0	0	1		269
R	ZWP	TFP54		1900-01-01		TOPOLNO				0	0	1		269
R	ZWP	TFP55		1900-01-01		TORUN				0	0	1		269
R	ZWP	TFP56		1900-01-01		BYDGOSZCZ - FORDON				0	0	1		269
R	ZWP	TFP57		1900-01-01		GRUDZIADZ				0	0	1		269
R	ZWP	TFP58		1900-01-01		KIELP				0	0	1		269
R	ZWP	TFP59		1900-01-01		WATOROWO				0	0	1		269
R	ZWP	TFP60		1900-01-01		MALE CZYSTE				0	0	1		269
R	ZWP	TFP61		1900-01-01		STOLNO				0	0	1		269
R	ZWP	TFR01		1900-01-01		WARSZAWA				0	0	1		269
R	ZWP	TFR02		1900-01-01		WARSZAWA - BEMOWO				0	0	1		269
R	ZWP	TFR03		1900-01-01		WARSZAWA - WOLA				0	0	1		269
R	ZWP	TFR04		1900-01-01		WARSZAWA				0	0	1		269
R	ZWP	TFR05		1900-01-01		WARSZAWA - OCHOTA				0	0	1		269
R	ZWP	TFR06		1900-01-01		WARSZAWA - OCHOTA				0	0	1		269
R	ZWP	TFR07		1900-01-01		WARSZAWA				0	0	1		269
R	ZWP	TFR08		1900-01-01		WARSZAWA - MOKOTOW				0	0	1		269
R	ZWP	TFR09		1900-01-01		WARSZAWA - MOKOTOW				0	0	1		269
R	ZWP	TFR10		1900-01-01		WARSZAWA - BIELANY				0	0	1		269
R	ZWP	TFR11		1900-01-01		WARSZAWA - BIELANY				0	0	1		269
R	ZWP	TFR12		1900-01-01		WARSZAWA - BEMOWO				0	0	1		269
R	ZWP	TFR13		1900-01-01		WARSZAWA				0	0	1		269
R	ZWP	TFR14		1900-01-01		WARSZAWA - BEMOWO				0	0	1		269
R	ZWP	TFR15		1900-01-01		WARSZAWA				0	0	1		269
R	ZWP	TFR16		1900-01-01		WARSZAWA				0	0	1		269
R	ZWP	TFR17		1900-01-01		WARSZAWA				0	0	1		269
R	ZWP	TFR18		1900-01-01		WARSZAWA - MOKOTOW				0	0	1		269
R	ZWP	TFR19		1900-01-01		WARSZAWA - URSYNOW				0	0	1		269
R	ZWP	TFR20		1900-01-01		WARSZAWA - MOKOTOW				0	0	1		269
R	ZWP	TFR21		1900-01-01		WARSZAWA				0	0	1		269
R	ZWP	TFR22		1900-01-01		WARSZAWA				0	0	1		269
R	ZWP	TFR23		1900-01-01		WARSZAWA				0	0	1		269
R	ZWP	TFR24		1900-01-01		WARSZAWA				0	0	1		269
R	ZWP	TFR25		1900-01-01		WARSZAWA				0	0	1		269
R	ZWP	TFR26		1900-01-01		WARSZAWA				0	0	1		269
R	ZWP	TFR27		1900-01-01		WARSZAWA				0	0	1		269
R	ZWP	TFR28		1900-01-01		WARSZAWA				0	0	1		269
R	ZWP	TFR29		1900-01-01		WARSZAWA				0	0	1		269
R	ZWP	TFR30		1900-01-01		WARSZAWA				0	0	1		269
R	ZWP	TFR31		1900-01-01		BENIAMINOW				0	0	1		269
R	ZWP	TFR32		1900-01-01		DEBE				0	0	1		269
R	ZWP	TFR33		1900-01-01		ZEGRZE				0	0	1		269
R	ZWP	TFR34		1900-01-01		NOWY DWOR MAZOWIECKI				0	0	1		269
R	ZWP	TFR35		1900-01-01		ZAKROCZYM				0	0	1		269
R	ZWP	TFR36		1900-01-01		KOSEWO				0	0	1		269
R	ZWP	TFR37		1900-01-01		POMIECHOWEK				0	0	1		269
R	ZWP	TFR38		1900-01-01		JANOWEK				0	0	1		269
R	ZWP	TFR39		1900-01-01		DEBINA				0	0	1		269
R	ZWP	TFR40		1900-01-01		CZECZOTKI				0	0	1		269
R	ZWP	TFR41		1900-01-01		CYBULICE MALE				0	0	1		269
R	ZWP	TFR42		1900-01-01		SADY				0	0	1		269
R	ZWP	TFR43		1900-01-01		GROCHALE GORNE				0	0	1		269
R	ZWP	TFR44		1900-01-01		WOLKA SMOSZEWSKA				0	0	1		269
R	ZWP	TFR45		1900-01-01		HENRYSIN				0	0	1		269
R	ZWP	TFR46		1900-01-01		STRUBINY				0	0	1		269
R	ZWP	TFR47		1900-01-01		JANOWO				0	0	1		269
R	ZWP	TFR48		1900-01-01		BLOGOSLAWIE				0	0	1		269
R	ZWP	TFR49		1900-01-01		FALBOGI BOROWE				0	0	1		269
R	ZWP	TFR50		1900-01-01		GOLAWICE				0	0	1		269
R	ZWP	TFR51		1900-01-01		BRODY-PARCELE				0	0	1		269
R	ZWP	TFR52		1900-01-01		CZARNOWO				0	0	1		269
R	ZWP	TFR53		1900-01-01		BOZA WOLA				0	0	1		269
R	ZWP	TFR54		1900-01-01		BOREK				0	0	1		269
R	ZWP	TFR55		1900-01-01		NAGORNIK				0	0	1		269
R	ZWP	TFR56		1900-01-01		GLUSIEC				0	0	1		269
R	ZWP	TFR57		1900-01-01		ZAJEZIERZE				0	0	1		269
R	ZWP	TFR58		1900-01-01		ROZAN				0	0	1		269
R	ZWP	TFR59		1900-01-01		OSTROLEKA				0	0	1		269
R	ZWP	TFR60		1900-01-01		PULTUSK				0	0	1		269
R	ZWP	TFR61		1900-01-01		PULTUSK				0	0	1		269
R	ZWP	TFR62		1900-01-01		WARSZAWA				0	0	1		269
R	ZWP	TFR63		1900-01-01		KAZUN NOWY				0	0	1		269
R	ZWP	TFR64		1900-01-01		NOWY DWOR MAZOWIECKI				0	0	1		269
R	ZWP	TFR65		1900-01-01		WARSZAWA - WOLA				0	0	1		269
R	ZWP	TFR66		1900-01-01		WARSZAWA - WOLA				0	0	1		269
R	ZWP	TFR67		1900-01-01		BROK				0	0	1		269
R	ZWP	TFS01		1900-01-01		OPATOW				0	0	1		269
R	ZWP	TFU01		1900-01-01		NYSA				0	0	1		269
R	ZWP	TFU02		1900-01-01		BRZEG				0	0	1		269
R	ZWP	TFU03		1900-01-01		KOZLE				0	0	1		269
R	ZWP	TFU04		1900-01-01		SKOROGOSZCZ				0	0	1		269
R	ZWP	TFU05		1900-01-01		NYSA				0	0	1		269
R	ZWP	TFU06		1900-01-01		KOZLE				0	0	1		269
R	ZWP	TFW01		1900-01-01		POZNAN				0	0	1		269
R	ZWP	TFW02		1900-01-01		POZNAN				0	0	1		269
R	ZWP	TFW03		1900-01-01		POZNAN				0	0	1		269
R	ZWP	TFW04		1900-01-01		POZNAN				0	0	1		269
R	ZWP	TFW05		1900-01-01		POZNAN				0	0	1		269
R	ZWP	TFW06		1900-01-01		POZNAN				0	0	1		269
R	ZWP	TFW07		1900-01-01		POZNAN				0	0	1		269
R	ZWP	TFW08		1900-01-01		POZNAN				0	0	1		269
R	ZWP	TFW09		1900-01-01		POZNAN				0	0	1		269
R	ZWP	TFW10		1900-01-01		POZNAN				0	0	1		269
R	ZWP	TFW11		1900-01-01		POZNAN				0	0	1		269
R	ZWP	TFW12		1900-01-01		POZNAN				0	0	1		269
R	ZWP	TFW13		1900-01-01		POZNAN				0	0	1		269
R	ZWP	TFW14		1900-01-01		POZNAN				0	0	1		269
R	ZWP	TFW15		1900-01-01		POZNAN				0	0	1		269
R	ZWP	TFW16		1900-01-01		POZNAN				0	0	1		269
R	ZWP	TFW17		1900-01-01		POZNAN				0	0	1		269
R	ZWP	TFW18		1900-01-01		POZNAN				0	0	1		269
R	ZWP	TFW19		1900-01-01		POZNAN				0	0	1		269
R	ZWP	TFZ01		1900-01-01		SZCZECIN				0	0	1		269
R	ZWP	TFZ02		1900-01-01		SZCZECIN				0	0	1		269
R	ZWP	TFZ03		1900-01-01		SWINOUJSCIE				0	0	1		269
R	ZWP	TFZ04		1900-01-01		SWINOUJSCIE				0	0	1		269
R	ZWP	TFZ05		1900-01-01		SWINOUJSCIE				0	0	1		269
R	ZWP	TFZ06		1900-01-01		SWINOUJSCIE				0	0	1		269
R	ZWP	TFZ07		1900-01-01		KOLOBRZEG				0	0	1		269
R	ZWP	TFZ08		1900-01-01		KOLOBRZEG				0	0	1		269
R	ZWP	TFZ09		1900-01-01		KOLOBRZEG				0	0	1		269
R	ZWP	TFZ10		1900-01-01		KOLOBRZEG				0	0	1		269
R	ZWP	TFZ11		1900-01-01		KOLOBRZEG				0	0	1		269
R	ZWP	TFZ12		1900-01-01		KOLOBRZEG				0	0	1		269
R	ZWP	UAP01		1900-01-01		KAMIEN SLASKI				0	0	1		269
R	ZWP	UAP02		1900-01-01		KRAPKOWICE I                  (OTMET)				0	0	1		269
R	ZWP	UAP03		1900-01-01		MOSZNA				0	0	1		269
R	ZWP	UAP04		1900-01-01		ROGOW OPOLSKI				0	0	1		269
R	ZWP	UAP05		1900-01-01		DABROWKA GORNA				0	0	1		269
R	ZWP	UAP06		1900-01-01		KRAPKOWICE II				0	0	1		269
R	ZWP	UAP07		1900-01-01		CHORULA				0	0	1		269
R	ZWP	UAP08		1900-01-01		WALCE				0	0	1		269
R	ZWP	UAP09		1900-01-01		OBROWIEC				0	0	1		269
R	ZWP	UBQ01		1900-01-01		BRZEG				0	0	1		269
R	ZWP	UBQ02		1900-01-01		GLEBOCKO				0	0	1		269
R	ZWP	UBQ03		1900-01-01		KANTOROWICE				0	0	1		269
R	ZWP	UBQ04		1900-01-01		GRODKOW				0	0	1		269
R	ZWP	UBQ05		1900-01-01		WIECMIERZYCE				0	0	1		269
R	ZWP	UBQ06		1900-01-01		KOPICE				0	0	1		269
R	ZWP	UBQ07		1900-01-01		ZELAZNA				0	0	1		269
R	ZWP	UBQ08		1900-01-01		OSIEK GRODKOWSKI     Z.MERISTOW				0	0	1		269
R	ZWP	UBQ09		1900-01-01		SKOROGOSZCZ				0	0	1		269
R	ZWP	UEY01		1900-01-01		KEDZIERZYN-KOZLE           Z.KOZLE				0	0	1		269
R	ZWP	UEY02		1900-01-01		JAKUBOWICE				0	0	1		269
R	ZWP	UGY01		1900-01-01		BRANICE				0	0	1		269
R	ZWP	UGY02		1900-01-01		DWORZNO				0	0	1		269
R	ZWP	UGY03		1900-01-01		GLUBCZYCE				0	0	1		269
R	ZWP	UGY04		1900-01-01		NOWA CEREKWIA				0	0	1		269
R	ZWP	UGY05		1900-01-01		GROBNIKI				0	0	1		269
R	ZWP	UGY06		1900-01-01		WLODZIENIN				0	0	1		269
R	ZWP	UGY07		1900-01-01		KIETRZ				0	0	1		269
R	ZWP	UGY08		1900-01-01		KLISINO				0	0	1		269
R	ZWP	UNF01		1900-01-01		BIALA NYSKA				0	0	1		269
R	ZWP	UNF02		1900-01-01		GOSWINOWICE				0	0	1		269
R	ZWP	UNF03		1900-01-01		GRYZOW				0	0	1		269
R	ZWP	UNF04		1900-01-01		NYSA				0	0	1		269
R	ZWP	UNF05		1900-01-01		OTMUCHOW				0	0	1		269
R	ZWP	UNF06		1900-01-01		PACZKOW				0	0	1		269
R	ZWP	UNF07		1900-01-01		WIERZBNO				0	0	1		269
R	ZWP	UNF08		1900-01-01		POKRZYWNA        ZAMKOWA GORA				0	0	1		269
R	ZWP	UNF09		1900-01-01		LUBIATOW				0	0	1		269
R	ZWP	UNF10		1900-01-01		KORFANTOW				0	0	1		269
R	ZWP	UNY01		1900-01-01		NAMYSLOW				0	0	1		269
R	ZWP	UNY02		1900-01-01		MIEJSCE				0	0	1		269
R	ZWP	UNY03		1900-01-01		MIKOWICE				0	0	1		269
R	ZWP	UNY04		1900-01-01		STAROSCIN				0	0	1		269
R	ZWP	UOJ01		1900-01-01		OPOLE I                      Z.NA GORCE				0	0	1		269
R	ZWP	UOJ02		1900-01-01		OPOLE II                Z.NA OSTROWKU				0	0	1		269
R	ZWP	UOP01		1900-01-01		KARLOWICE				0	0	1		269
R	ZWP	UOP02		1900-01-01		STARE KOLNIE				0	0	1		269
R	ZWP	UOP03		1900-01-01		NIEMODLIN				0	0	1		269
R	ZWP	UOP04		1900-01-01		PROSZKOW				0	0	1		269
R	ZWP	UOP05		1900-01-01		TULOWICE				0	0	1		269
R	ZWP	UOP06		1900-01-01		ZIMNICE MALE				0	0	1		269
R	ZWP	UOP07		1900-01-01		DABROWA				0	0	1		269
R	ZWP	UOP08		1900-01-01		CZARNOWASY				0	0	1		269
R	ZWP	UOP09		1900-01-01		FALMIROWICE				0	0	1		269
R	ZWP	UOY01		1900-01-01		OLESNO				0	0	1		269
R	ZWP	UPJ01		1900-01-01		BIALA				0	0	1		269
R	ZWP	UPJ02		1900-01-01		CHRZELICE				0	0	1		269
R	ZWP	UPJ03		1900-01-01		GLOGOWEK				0	0	1		269
R	ZWP	UPJ04		1900-01-01		LAKA PRUDNICKA				0	0	1		269
R	ZWP	UPJ05		1900-01-01		PRUDNIK				0	0	1		269
R	ZWP	UTE01		1900-01-01		STRZELCE OPOLSKIE				0	0	1		269
R	ZWP	UTE02		1900-01-01		UJAZD SLASKI				0	0	1		269
R	ZWP	UUC01		1900-01-01		KLUCZBORK				0	0	1		269
R	ZWP	UUC02		1900-01-01		WOLCZYN				0	0	1		269
R	ZWP	UUC03		1900-01-01		BYCZYNA				0	0	1		269
R	ZWP	UUC04		1900-01-01		CIECIERZYN				0	0	1		269
R	ZWP	WAL01		1900-01-01		KALISZ I            Z.KAZIMIERZOWSKI				0	0	1		269
R	ZWP	WAL02		1900-01-01		KALISZ II                    Z.ZAWODZIE				0	0	1		269
R	ZWP	WCO01		1900-01-01		CHODZIEZ				0	0	1		269
R	ZWP	WCR01		1900-01-01		GORAJ ZAMEK				0	0	1		269
R	ZWP	WCR02		1900-01-01		WIELEN				0	0	1		269
R	ZWP	WCR03		1900-01-01		CZARNKOW				0	0	1		269
R	ZWP	WCR04		1900-01-01		BIALA				0	0	1		269
R	ZWP	WGB01		1900-01-01		KROBIA				0	0	1		269
R	ZWP	WGB02		1900-01-01		ROKOSOWO				0	0	1		269
R	ZWP	WGB03		1900-01-01		NIEPART				0	0	1		269
R	ZWP	WGB04		1900-01-01		PEPOWO				0	0	1		269
R	ZWP	WGB05		1900-01-01		BOREK WLKP.(ZDZIERZ)     KOSC.OBR.				0	0	1		269
R	ZWP	WGZ01		1900-01-01		GNIEZNO				0	0	1		269
R	ZWP	WGZ02		1900-01-01		OSTROW LEDNICKI				0	0	1		269
R	ZWP	WJC01		1900-01-01		JAROCIN                    Z.SKARBCZYK				0	0	1		269
R	ZWP	WJC02		1900-01-01		POTARZYCA				0	0	1		269
R	ZWP	WJC03		1900-01-01		RADLIN				0	0	1		269
R	ZWP	WKA01		1900-01-01		OPATOWEK				0	0	1		269
R	ZWP	WKA02		1900-01-01		STAWISZYN				0	0	1		269
R	ZWP	WKF01		1900-01-01		KEPNO				0	0	1		269
R	ZWP	WKH01		1900-01-01		BORYSLAWICE ZAMKOWE				0	0	1		269
R	ZWP	WKH02		1900-01-01		RYCERZEW				0	0	1		269
R	ZWP	WKH03		1900-01-01		KOLO				0	0	1		269
R	ZWP	WKH04		1900-01-01		PRZEDECZ				0	0	1		269
R	ZWP	WKH05		1900-01-01		WRZACA WIELKA				0	0	1		269
R	ZWP	WKJ01		1900-01-01		GOSLAWICE				0	0	1		269
R	ZWP	WKJ02		1900-01-01		KONIN				0	0	1		269
R	ZWP	WKT01		1900-01-01		KOZMIN WIELKOPOLSKI				0	0	1		269
R	ZWP	WKT02		1900-01-01		KROTOSZYN				0	0	1		269
R	ZWP	WKT03		1900-01-01		KOBYLIN				0	0	1		269
R	ZWP	WLS01		1900-01-01		OSIECZNA				0	0	1		269
R	ZWP	WLS02		1900-01-01		RYDZYNA				0	0	1		269
R	ZWP	WLS03		1900-01-01		WLOSZAKOWICE				0	0	1		269
R	ZWP	WLS04		1900-01-01		GORZNO				0	0	1		269
R	ZWP	WMH01		1900-01-01		SIERAKOW				0	0	1		269
R	ZWP	WNN01		1900-01-01		RYCHWAL				0	0	1		269
R	ZWP	WNV01		1900-01-01		OPALENICA				0	0	1		269
R	ZWP	WNV02		1900-01-01		ZBASZYN				0	0	1		269
R	ZWP	WNV03		1900-01-01		WASOWO				0	0	1		269
R	ZWP	WOD01		1900-01-01		ODOLANOW				0	0	1		269
R	ZWP	WOF01		1900-01-01		GRABOW NAD PROSNA				0	0	1		269
R	ZWP	WOF02		1900-01-01		OSTRZESZOW				0	0	1		269
R	ZWP	WOI01		1900-01-01		OBORNIKI				0	0	1		269
R	ZWP	WOI02		1900-01-01		ROGOZNO				0	0	1		269
R	ZWP	WON01		1900-01-01		KOSCIAN				0	0	1		269
R	ZWP	WPH01		1900-01-01		UJSCIE				0	0	1		269
R	ZWP	WPO01		1900-01-01		KORNIK				0	0	1		269
R	ZWP	WPO02		1900-01-01		WYSPA ZAMKOWA				0	0	1		269
R	ZWP	WPO03		1900-01-01		CHOJNICA                      KOSC.OBR.				0	0	1		269
R	ZWP	WPO04		1900-01-01		POBIEDZISKA				0	0	1		269
R	ZWP	WPW01		1900-01-01		CHOCZ				0	0	1		269
R	ZWP	WPW02		1900-01-01		GOLUCHOW				0	0	1		269
R	ZWP	WPW03		1900-01-01		DOBRZYCA				0	0	1		269
R	ZWP	WPX01		1900-01-01		POZNAN I                 Z.PRZEMYSLA				0	0	1		269
R	ZWP	WPX02		1900-01-01		POZNAN II                  Z.WILHELMA				0	0	1		269
R	ZWP	WRW01		1900-01-01		GOLEJEWKO				0	0	1		269
R	ZWP	WRW02		1900-01-01		STARY SIELEC				0	0	1		269
R	ZWP	WRW03		1900-01-01		GOLASZYN				0	0	1		269
R	ZWP	WRW04		1900-01-01		GOLEJEWO  -  ZAMEK SKRESLONY Z EWIDENCJI  2010.01.01				0	0	1		269
R	ZWP	WSI01		1900-01-01		NOWE MIASTO N.WARTA				0	0	1		269
R	ZWP	WSR01		1900-01-01		WLOSCIEJEWKI				0	0	1		269
R	ZWP	WSX01		1900-01-01		OSTROROG				0	0	1		269
R	ZWP	WSX02		1900-01-01		SZAMOTULY I               (W.HALSZKI)				0	0	1		269
R	ZWP	WSX03		1900-01-01		SZAMOTULY II               KLASZT.OBR.				0	0	1		269
R	ZWP	WTK01		1900-01-01		WYSZYNA				0	0	1		269
R	ZWP	WTK02		1900-01-01		BRUDZEW				0	0	1		269
R	ZWP	WTK03		1900-01-01		KISZEWY				0	0	1		269
R	ZWP	WTK04		1900-01-01		TULISZKOW				0	0	1		269
R	ZWP	WWF01		1900-01-01		PYZDRY				0	0	1		269
R	ZWP	WWF02		1900-01-01		BUGAJ				0	0	1		269
R	ZWP	WWH01		1900-01-01		DANABORZ				0	0	1		269
R	ZWP	WWH02		1900-01-01		GOLANCZ				0	0	1		269
R	ZWP	WWH03		1900-01-01		SMOGULEC				0	0	1		269
R	ZWP	WWT01		1900-01-01		KOPANICA				0	0	1		269
R	ZWP	WWT02		1900-01-01		KEBLOWO				0	0	1		269
R	ZWP	WWT03		1900-01-01		WOLSZTYN				0	0	1		269
R	ZWP	WZF01		1900-01-01		KRAJENKA				0	0	1		269
R	ZWP	WZF02		1900-01-01		LEDYCZEK				0	0	1		269
R	ZWP	WZF03		1900-01-01		ZLOTOW				0	0	1		269
R	ZWP	ZBG01		1900-01-01		BIALOGARD				0	0	1		269
R	ZWP	ZBG02		1900-01-01		KARLINO				0	0	1		269
R	ZWP	ZBG03		1900-01-01		STARE DEBNO				0	0	1		269
R	ZWP	ZCS01		1900-01-01		DRAWNO				0	0	1		269
R	ZWP	ZCS02		1900-01-01		KORYTOWO				0	0	1		269
R	ZWP	ZCS03		1900-01-01		PELCZYCE                  Z.BERNSTEIN				0	0	1		269
R	ZWP	ZCS04		1900-01-01		RECZ				0	0	1		269
R	ZWP	ZCS05		1900-01-01		SULISZEWO I				0	0	1		269
R	ZWP	ZCS06		1900-01-01		CHOSZCZNO				0	0	1		269
R	ZWP	ZCS07		1900-01-01		SULISZEWO II                  KOSC.OBR.				0	0	1		269
R	ZWP	ZDP01		1900-01-01		CZAPLINEK              Z.TEMPLEBURG				0	0	1		269
R	ZWP	ZDP02		1900-01-01		KALISZ POMORSKI				0	0	1		269
R	ZWP	ZDP03		1900-01-01		MACHLINY				0	0	1		269
R	ZWP	ZDP04		1900-01-01		PROSTYNIA				0	0	1		269
R	ZWP	ZDP05		1900-01-01		STARE DRAWSKO             Z.DRAHIM				0	0	1		269
R	ZWP	ZDP06		1900-01-01		ZLOCIENIEC				0	0	1		269
R	ZWP	ZDP07		1900-01-01		DRAWSKO POMORSKIE				0	0	1		269
R	ZWP	ZGF01		1900-01-01		PLOTY I                  (NOWY ZAMEK)				0	0	1		269
R	ZWP	ZGF02		1900-01-01		PLOTY II                 (STARY ZAMEK)				0	0	1		269
R	ZWP	ZGF03		1900-01-01		TRZEBIATOW				0	0	1		269
R	ZWP	ZGF04		1900-01-01		GRYFICE				0	0	1		269
R	ZWP	ZGL01		1900-01-01		KOSCIUSZKI             Z.HINDENBURG				0	0	1		269
R	ZWP	ZGL02		1900-01-01		MACIEJEWO				0	0	1		269
R	ZWP	ZGL03		1900-01-01		MASZEWO				0	0	1		269
R	ZWP	ZGL04		1900-01-01		NOWOGARD				0	0	1		269
R	ZWP	ZGL05		1900-01-01		STEPNICA				0	0	1		269
R	ZWP	ZGL06		1900-01-01		GOLENIOW				0	0	1		269
R	ZWP	ZGL07		1900-01-01		BUK I				0	0	1		269
R	ZWP	ZGL08		1900-01-01		BUK II				0	0	1		269
R	ZWP	ZGL09		1900-01-01		LOZNICA				0	0	1		269
R	ZWP	ZGN01		1900-01-01		KOLBACZ				0	0	1		269
R	ZWP	ZGN02		1900-01-01		MIESZKOWICE				0	0	1		269
R	ZWP	ZGN03		1900-01-01		MORYN				0	0	1		269
R	ZWP	ZGN04		1900-01-01		RURKA				0	0	1		269
R	ZWP	ZGN05		1900-01-01		SWOBNICA				0	0	1		269
R	ZWP	ZGN06		1900-01-01		WIDUCHOWA				0	0	1		269
R	ZWP	ZGN07		1900-01-01		CEDYNIA				0	0	1		269
R	ZWP	ZGN08		1900-01-01		CHOJNA I				0	0	1		269
R	ZWP	ZGN09		1900-01-01		CHOJNA II                     WIEZA OBR.				0	0	1		269
R	ZWP	ZGN10		1900-01-01		BIELIN				0	0	1		269
R	ZWP	ZGN11		1900-01-01		GRYFINO				0	0	1		269
R	ZWP	ZGN12		1900-01-01		WITNICA                    KOSCIOL OBR.				0	0	1		269
R	ZWP	ZKC01		1900-01-01		KOSZALIN				0	0	1		269
R	ZWP	ZKG01		1900-01-01		KOLOBRZEG				0	0	1		269
R	ZWP	ZKP01		1900-01-01		GOLCZEWO				0	0	1		269
R	ZWP	ZKP02		1900-01-01		KAMIEN POMORSKI      Z.BAMBERG				0	0	1		269
R	ZWP	ZKP03		1900-01-01		DARGOBADZ                Z.APENBURG				0	0	1		269
R	ZWP	ZKP04		1900-01-01		WOLIN				0	0	1		269
R	ZWP	ZKP05		1900-01-01		SWIERZNO				0	0	1		269
R	ZWP	ZKP06		1900-01-01		STUCHOWO				0	0	1		269
R	ZWP	ZKZ01		1900-01-01		BOBOLICE				0	0	1		269
R	ZWP	ZKZ02		1900-01-01		KRAG				0	0	1		269
R	ZWP	ZKZ03		1900-01-01		POLANOW				0	0	1		269
R	ZWP	ZKZ04		1900-01-01		SIANOW				0	0	1		269
R	ZWP	ZKZ05		1900-01-01		SUCHA KOSZALINSKA       KOSC.OBR.				0	0	1		269
R	ZWP	ZLA01		1900-01-01		DARLOWO				0	0	1		269
R	ZWP	ZLA02		1900-01-01		SLAWSKO               (STARE SLAWNO)				0	0	1		269
R	ZWP	ZLA03		1900-01-01		SLAWNO				0	0	1		269
R	ZWP	ZLL01		1900-01-01		DOBRA				0	0	1		269
R	ZWP	ZLL02		1900-01-01		LOBEZ				0	0	1		269
R	ZWP	ZLL03		1900-01-01		MIELNO				0	0	1		269
R	ZWP	ZLL04		1900-01-01		RESKO				0	0	1		269
R	ZWP	ZLL05		1900-01-01		STRZMIELE                 Z.WULFSBERG				0	0	1		269
R	ZWP	ZLL06		1900-01-01		WEGORZYNO				0	0	1		269
R	ZWP	ZLL07		1900-01-01		STRZMIELE II				0	0	1		269
R	ZWP	ZMY01		1900-01-01		BOLESZKOWICE				0	0	1		269
R	ZWP	ZMY02		1900-01-01		CHWARSZCZANY				0	0	1		269
R	ZWP	ZMY03		1900-01-01		GOLENICE				0	0	1		269
R	ZWP	ZMY04		1900-01-01		KARSKO				0	0	1		269
R	ZWP	ZMY05		1900-01-01		MYSLIBORZ				0	0	1		269
R	ZWP	ZMY06		1900-01-01		NOWOGRODEK POMORSKI				0	0	1		269
R	ZWP	ZSF01		1900-01-01		SWINOUJSCIE				0	0	1		269
R	ZWP	ZSG01		1900-01-01		INSKO				0	0	1		269
R	ZWP	ZSG02		1900-01-01		KREPCEWO				0	0	1		269
R	ZWP	ZSG03		1900-01-01		KRZYWNICA				0	0	1		269
R	ZWP	ZSG04		1900-01-01		PEZINO                         Z.PANSIN				0	0	1		269
R	ZWP	ZSG05		1900-01-01		SUCHAN				0	0	1		269
R	ZWP	ZSG06		1900-01-01		SZADZKO				0	0	1		269
R	ZWP	ZSG07		1900-01-01		WAPNICA  K.CHOSZCZNA				0	0	1		269
R	ZWP	ZSG08		1900-01-01		CHOCIWEL				0	0	1		269
R	ZWP	ZSG09		1900-01-01		STARGARD SZCZECINSKI				0	0	1		269
R	ZWP	ZSG10		1900-01-01		MORZYCA				0	0	1		269
R	ZWP	ZSZ01		1900-01-01		BIALY BOR				0	0	1		269
R	ZWP	ZSZ02		1900-01-01		SZCZECINEK				0	0	1		269
R	ZWP	ZWC01		1900-01-01		CZLOPA				0	0	1		269
R	ZWP	ZWC02		1900-01-01		JADWIZYN N.DRAWA				0	0	1		269
R	ZWP	ZWC03		1900-01-01		MIROSLAWIEC				0	0	1		269
R	ZWP	ZWC04		1900-01-01		TUCZNO				0	0	1		269
R	ZWP	ZWC05		1900-01-01		WALCZ				0	0	1		269
R	ZWP	ZWC06		1900-01-01		KLEBOWIEC				0	0	1		269
R	ZWP	ZWN01		1900-01-01		LIPIE				0	0	1		269
R	ZWP	ZWN02		1900-01-01		OSTRE BARDO				0	0	1		269
R	ZWP	ZWN03		1900-01-01		POLCZYN ZDROJ				0	0	1		269
R	ZWP	ZWN04		1900-01-01		POPIELEWO				0	0	1		269
R	ZWP	ZWN05		1900-01-01		SWIDWIN				0	0	1		269
R	ZWP	ZYR01		1900-01-01		PYRZYCE				0	0	1		269
R	ZWP	ZYR02		1900-01-01		LIPIANY				0	0	1		269
R	ZWP	ZZE01		1900-01-01		SZCZECIN				0	0	1		269
